monument_id,asi_name,qid,style,architect,coord,match_method,match_score
ASI-00022,Leh Mini-circle 15 Ladakh (U.T.) 15,,,,,no_candidates,0
ASI-00001,List of Centrally Protected Monuments / Sites under the jurisdiction of Andhra Pradesh (Amaravati Circle) Sl.No. Name of the Monument / Site Locality District,,,,,no_candidates,0
ASI-00001,Hill Fort and buildings therein and the Gooty Anantapuramu fortifications at the foot of the hill.,,,,,no_candidates,0
ASI-00002,Madhavaraya temple (Old Vishnu temple) Gorantla Anantapuramu,,,,,no_candidates,0
ASI-00003,Outer wall of the Mahalakshmi temple Goripalli Anantapuramu,,,,,no_candidates,0
ASI-00004,Group of sculptures - Ancient Site Hemavati Anantapuramu,,,,,no_candidates,0
ASI-00005,Group of old temples together with Hemavati Anantapuramu adjacent land,,,,,no_candidates,0
ASI-00006,Large dolmen on a rocky hillock Kalyandurg Anantapuramu,,,,,no_candidates,0
ASI-00007,Mallikarjuna (Siva) temple Kambaduru Anantapuramu,,,,,no_candidates,0
ASI-00008,Veerabhadra temple Lepakashi Anantapuramu,,,,,no_candidates,0
ASI-00009,Basavannah temple Lepakashi Anantapuramu,,,,,no_candidates,0
ASI-00010,Hill fort Madakasira Anantapuramu,,,,,no_candidates,0
ASI-00011,Large bastion and an old gateway Madakasira Anantapuramu,,,,,no_candidates,0
ASI-00012,Old gopuram Penukonda Anantapuramu,,,,,no_candidates,0
ASI-00013,Old stamba or lamp pillar in the Sub Penukonda Anantapuramu Collector's office compound,,,,,no_candidates,0
ASI-00014,Seethatheertham stepped well with Penukonda Anantapuramu entrance in the from of a bull,,,,,no_candidates,0
ASI-00015,Small pavillion and ruined water tower in a Penukonda Anantapuramu field,,,,,no_candidates,0
ASI-00016,The citadel and ruined buildings on the Penukonda Anantapuramu hill,,,,,no_candidates,0
ASI-00017,The Hill fort and northern gateway with Penukonda Anantapuramu inscriptions,,,,,no_candidates,0
ASI-00018,Watch tower known as Rama's bastion Penukonda Anantapuramu,,,,,no_candidates,0
ASI-00019,Hill fortressand a large wall Ratnagiri Anantapuramu,,,,,no_candidates,0
ASI-00020,Extensive hill fortress with outlying Rayadurg Anantapuramu fortification,,,,,no_candidates,0
ASI-00021,Palace and two temples of Rama and Rayadurg Anantapuramu Krishna,,,,,no_candidates,0
ASI-00022,Chintalarayaswami temple Tadpatri Anantapuramu,,,,,no_candidates,0
ASI-00023,Rameswaraswami temple Tadpatri Anantapuramu,,,,,no_candidates,0
ASI-00024,Lower Fort Chandragiri Chittoor,,,,,no_candidates,0
ASI-00025,Upper Fort Chandragiri Chittoor,,,,,no_candidates,0
ASI-00026,Parasuramesvara temple Gudimallam Chittoor,,,,,no_candidates,0
ASI-00027,Fort Gurramkonda Chittoor,,,,,no_candidates,0
ASI-00028,Lower Fort,,,,,no_candidates,0
ASI-00029,Mahal Gurramkonda Chittoor,,,,,no_candidates,0
ASI-00030,Palliswara mudaya Mahadeva temple Kalakada Chittoor,,,,,no_candidates,0
ASI-00031,Venkateswara Vishnu temple Mangapuram Chittoor (Hamlet of Mittapalam),,,,,no_candidates,0
ASI-00032,Megalithic cairns with bounding stone Pandur Chittoor 4 Sl.No. Name of the Monument / Site Locality District circles,,,,,no_candidates,0
ASI-00033,Chennakeswaraswami temple Sompalle Chittoor,,,,,no_candidates,0
ASI-00034,Megalithic cists and cairns Virakuppam Chittoor (Birakuppam),,,,,no_candidates,0
ASI-00035,Mounds containing Buddhist remains such Adurru East Godavari as stupas,,,,,no_candidates,0
ASI-00036,Gollingeswara group of temples Biccavolu East Godavari,,,,,no_candidates,0
ASI-00037,Kanchragudi Biccavolu East Godavari,,,,,no_candidates,0
ASI-00038,Monolithic Ganesa Image Biccavolu East Godavari,,,,,low_confidence,24.56140351
ASI-00039,Nakkalagudi Biccavolu East Godavari,,,,,no_candidates,0
ASI-00040,Veerabhadra temple Biccavolu East Godavari,,,,,low_confidence,30.3030303
ASI-00041,Bhimeswara temple Draksharama East Godavari,,,,,no_candidates,0
ASI-00042,Rock-cut caves and cisterns and remains Kapavaram East Godavari of Buddhist Stupas,,,,,low_confidence,18.94736842
ASI-00043,Buddhist remains at Kodavali Kodavali East Godavari,,,,,no_candidates,0
ASI-00044,Bhimeswara temple Samalkot,,,,,no_candidates,0
ASI-00045,Ruined Buddhist stupa and other remains Amaravati Guntur,,,,,no_candidates,0
ASI-00046,An Ancient Siva temple with inscription Ayyangaripalam Guntur (Hamlet of Pondugula),,,,,no_candidates,0
ASI-00047,Sri Bhavanarayanaswami temple Bapatla Guntur,,,,,no_candidates,0
ASI-00048,Ruined Buddhist stupa Bhattiprolu Guntur,,,,,no_candidates,0
ASI-00049,The Sculptures,,,,,no_candidates,0
ASI-00050,Kapoteswara temple with five inscriptional Chejerla Guntur slabs within the temple site,,,,,no_candidates,0
ASI-00051,Inscribed rock to the west of Dharanikota Dharanikota Guntur,,,,,no_candidates,0
ASI-00052,Fort in ruins Dharanikota Guntur,,,,,no_candidates,0
ASI-00053,The Mounds with ancient remains on them Grandhasiri Guntur (Hamlet of Vornakallu),,,,,no_candidates,0
ASI-00054,Inscribed marble pillar near the Gopala Ipur Guntur temple,,,,,no_candidates,0
ASI-00055,Ancient Buddhist remains with Brahmi Manchikallu Guntur inscriptions on the mound,,,,,no_candidates,0
ASI-00056,Reconstructed monumets at Anupu Nagarjunakonda Guntur andNagarjunklonda hilltop,,,,,no_candidates,0
ASI-00057,Mounds within the limit of Nagulavaram Nagulavaram Guntur,,,,,no_candidates,0
ASI-00058,The Sculptures,,,,,no_candidates,0
ASI-00059,(i) The mounds with remains of ancient Pullareddigudem Guntur building between the hillock of (Agarharam) Nagarjuna Konda and the village of Pullareddigudem (ii) Mounds adjacent to the hillock reddigudem 5 Sl.No. Name of the Monument / Site Locality District (iii) Hill of Nagarjunakonda with the ancient remains,,,,,no_candidates,0
ASI-00060,Four-storeyed rock-cut Hindu temple Undavalli Guntur,,,,,no_candidates,0
ASI-00061,The Mounds with ancient remains Velpur Guntur,,,,,no_candidates,0
ASI-00062,Vigneswara swami temple Chilamakuru Kadapa YSR,,,,,no_candidates,0
ASI-00063,Agatheswarswami Temple Chilamkuru Kadapa YSR,,,,,no_candidates,0
ASI-00064,Remains of the buried Jain temple Danavulapadu Kadapa YSR,,,,,no_candidates,0
ASI-00065,Fort with enclosed ancient buildings,,,,,no_candidates,0
ASI-00066,Saumyanatha temple Nandalur Kadapa YSR,,,,,no_candidates,0
ASI-00067,Ancient Village site Peddamudiyan Kadapa YSR,,,,,no_candidates,0
ASI-00068,Kothandaramaswami Temple Peddamudiyan Kadapa YSR,,,,,no_candidates,0
ASI-00069,Mukunteswara temple with inscriptions Peddamudiyan Kadapa YSR,,,,,no_candidates,0
ASI-00070,Narasimha temple Peddamudiyan Kadapa YSR,,,,,no_candidates,0
ASI-00071,Old Vishnu temple with inscriptions Peddamudiyan Kadapa YSR,,,,,no_candidates,0
ASI-00072,Athirala Parasurama temple Poli Kadapa YSR,,,,,no_candidates,0
ASI-00073,Bheemeshwara swami temple Pushpagiri Kadapa YSR (hamlet of Kotluru),,,,,no_candidates,0
ASI-00074,Indranadheshwara swami temple Pushpagiri Kadapa YSR (hamlet of Kotluru),,,,,no_candidates,0
ASI-00075,Kamalasamveswara swami temple Pushpagiri Kadapa YSR (hamlet of Kotluru),,,,,no_candidates,0
ASI-00076,Raghaveswara swami temple Pushpagiri Kadapa YSR (hamlet of Kotluru),,,,,no_candidates,0
ASI-00077,Sivakesavaswami temple Pushpagiri Kadapa YSR (hamlet of Kotluru),,,,,no_candidates,0
ASI-00078,Trikoteswara swami temple Pushpagiri Kadapa YSR (hamlet of Kotluru),,,,,no_candidates,0
ASI-00079,Vaidhyanadha swami temple Pushpagiri Kadapa YSR (hamlet of Kotluru),,,,,no_candidates,0
ASI-00080,Fort with ancient buildings therein Siddhout Kadapa YSR,,,,,no_candidates,0
ASI-00081,Visvanatha swami temple Sivalpalli Kadapa YSR,,,,,no_candidates,0
ASI-00082,Sri Kodandarma swamy temple and Vontimitta Kadapa YSR adjoining buildings,,,,,no_candidates,0
ASI-00083,Ancient site with the mound marking the Alluru Krishna Buddhist Stupas in it,,,,,no_candidates,0
ASI-00084,Buddhist remains in a mound Ghantasala Krishna,,,,,low_confidence,23.33333333
ASI-00085,Mound containing Buddhist remains and Gudivada Krishna ancient village site.,,,,,no_candidates,0
ASI-00086,Sculptures,,,,,no_candidates,0
ASI-00087,Hillock containing the mound marking the Gummadiduru Krishna ancient remains of ancient Buddhist stupas situated on it,,,,,no_candidates,0
ASI-00088,Buddhist remains of a Stupa on the hill Jaggayyapeta Krishna,,,,,no_candidates,0
ASI-00089,Bandar Fort: (i) Armoury known as Fort Masulipathnam Krishna and customs office (ii) Belfry,,,,,no_candidates,0
ASI-00090,Dutch cemetry (D.No. 308) Masulipathnam Krishna,,,,,no_candidates,0
ASI-00091,Rock-cut cave temples on the Hill Mogalrajapuram Krishna 6 Sl.No. Name of the Monument / Site Locality District,,,,,no_candidates,0
ASI-00092,Ancient site and remains comprised in Munagacherla Krishna survey plot No. 37,,,,,no_candidates,0
ASI-00093,Four pillars in the ruined mandapam in Vijayawada Krishna Jammidoddi,,,,,no_candidates,0
ASI-00094,Inscribed Pillar and slab in Vijayawada Krishna Mallesvarasvami temple,,,,,no_candidates,0
ASI-00095,Kiratharjuna Pillar on the Indrakilla Hill Vijayawada Krishna,,,,,no_candidates,0
ASI-00096,Two rock-cut cave temples on the Vijayawada Krishna Indrakila hill known as Akkanna Muddanna caves,,,,,no_candidates,0
ASI-00097,Ruined fort and buildings therein except Adoni Kurnool Ramazan masjid,,,,,no_candidates,0
ASI-00098,Inscribed boulder bearing Andhra records Chinnakadaburu Kurnool of 150 A.D.,,,,,no_candidates,0
ASI-00099,A prominent granite hillock bearing Jonnagiri Kurnool Asokan inscription,,,,,no_candidates,0
ASI-00100,Gateways and the bastions of the old fort,,,,,no_candidates,0
ASI-00101,Mausoleum known as Abdul Wahab Kurnool Kurnool Khan's Tomb and adjoining buildings,,,,,no_candidates,0
ASI-00102,Nandavaram Temple including the Nandavaram Kurnool sculpture of Subrahamanya,,,,,no_candidates,0
ASI-00103,The Asokan inscription,,,,,low_confidence,23.52941176
ASI-00104,Inscribed stone lying to the east of Siva Rayachoti Kurnool temple,,,,,no_candidates,0
ASI-00105,Old Cave Temple Yaganti Kurnool,,,,,no_candidates,0
ASI-00106,Uma-Mahesvaraswami Temple Yaganti Kurnool,,,,,low_confidence,38.38383838
ASI-00107,Ancient Mounds Kanuparti Prakasam,,,,,no_candidates,0
ASI-00108,A group of eight rock-cut temples in Kottapalli Prakasam Bhairavakonda hill,,,,,no_candidates,0
ASI-00109,Chola Temple Motupalle Prakasam,,,,,no_candidates,0
ASI-00110,Ancient Mound Pedaganjam Prakasam,,,,,no_candidates,0
ASI-00111,Pitikeswara group of temples including Pittikayagulla Prakasam Approach road,,,,,no_candidates,0
ASI-00112,Ancient Site Pusalapadu Prakasam,,,,,no_candidates,0
ASI-00113,Ramalingeswara group of temples Satiavolu Prakasam,,,,,no_candidates,0
ASI-00114,Mound known as 'Bodipati Dibba' Ramatirtham SPSR- Nellore (Hamlet of Varini),,,,,no_candidates,0
ASI-00115,Ancient Mound in part of S.No. 855 A Ramatirtham SPSR- Nellore,,,,,no_candidates,0
ASI-00116,Hill Fort with Ancient buildings therein Udayagiri SPSR- Nellore,,,,,no_candidates,0
ASI-00117,Krishna Temple in a part of Donka with Udayagiri SPSR- Nellore Gopuram,,,,,no_candidates,0
ASI-00118,Ranganayakula Temple Udayagiri SPSR- Nellore,,,,,no_candidates,0
ASI-00119,Ancient Mound Kalingapatnam Srikakulam,,,,,no_candidates,0
ASI-00120,Sri Somesvara temple Mukhalingam Srikakulam,,,,,no_candidates,0
ASI-00121,Bhimesvara temple Mukhalingesvara Srikakulam,,,,,no_candidates,0
ASI-00122,Mukhalingesvara temple Mukhalingesvara Srikakulam,,,,,no_candidates,0
ASI-00123,Buddhist remains: Salihundam Srikakulam (i) Six Images,,,,,no_candidates,0
ASI-00124,Eastern portion of Salihundam hill Salihundam Srikakulam containing Buddhist remains ( A Chaitya and four stupas),,,,,no_candidates,0
ASI-00125,Ancient Buddhist Mounds locally known Kotturu (near Vishakhapatnam as 'Dhana Dibbalu' Gokivada forest),,,,,no_candidates,0
ASI-00126,Buddhist rock-cut stupas,,,,,low_confidence,14.17910448
ASI-00127,Durga Bhairavakonda having an ancient Neelavati Vizianagaram monument called Durga,,,,,no_candidates,0
ASI-00128,Ruined Buddhist Monastery at Ramathirtham Vizianagaram Gurubhaktulakonda,,,,,no_candidates,0
ASI-00129,The old temple (Dibbesvarasvami temple) Sarapalli Vizianagaram (Sarapalle),,,,,no_candidates,0
ASI-00130,Mounds containing Buddhist remains Arugolanu West Godavari,,,,,no_candidates,0
ASI-00131,Mounds locally known as Bhimalingadibba Denduluru West Godavari,,,,,no_candidates,0
ASI-00132,Buddhist monuments Guntupalle West Godavari (i) Rock-cut temple,,,,,no_candidates,0
ASI-00133,The caves and structural stupa of Jilakarragudem West Godavari Archaeological interest on (Hamlet of Dharmalingesvarasvami hill Guntupalle),,,,,no_candidates,0
ASI-00134,Ancient Mounds in S.No. 501-1 Pedavegi West Godavari,,,,,no_candidates,0
ASI-00135,The mounds of Pedavegi : Dibba No.1 Pedavegi West Godavari Dibba No.2,,,,,no_candidates,0
ASI-00002,List of Centrally Protected Monuments / Sites under the jurisdiction of Arunachal Pradesh (Guwahati Circle) Sl.No. Name of the Monument / Site Locality District,,,,,no_candidates,0
ASI-00001,Copper temple near Sadiya,,,,,no_candidates,0
ASI-00002,Ruins,,,,,no_candidates,0
ASI-00003,Remains in Bhismak Nagar,,,,,no_candidates,0
ASI-00003,List of Centrally Protected Monuments / Sites under the jurisdiction of Assam (Guwahati Circle) Sl.No. Name of the Monument / Site Locality District,,,,,no_candidates,0
ASI-00001,Bordole temple Biswanathghat Biswanath,,,,,no_candidates,0
ASI-00002,Grave of Lieutenant Lewis Biswanathghat Biswanath,,,,,no_candidates,0
ASI-00003,Grave of Lieutenant Thomas Kennedy. Biswanathghat Biswanath,,,,,no_candidates,0
ASI-00004,The rock known as” Bishwanath Sivalinga” Biswanathghat Biswanath,,,,,no_candidates,0
ASI-00005,Dhandi temple Dhandi (Gohpur) Biswanath,,,,,no_candidates,0
ASI-00006,The rock known as “Sakreswar” The island Biswanath “Unatumani” in the neighbourhood of village Bishwanath,,,,,no_candidates,0
ASI-00007,Ancient Caves (Ancient Tombs) Jogighopa Bongaigaon,,,,,no_candidates,0
ASI-00008,Cachari Ruins viz. A small unfinished Khaspur Cachar dwelling house,,,,,no_candidates,0
ASI-00009,Group of Four Maidams Chairaideo Chairaideo,,,,,no_candidates,0
ASI-00010,Idgah on the Rangamati Hill with its Panbari Dhubri enclose Walls and a space of 16’-20’ (Rangamati Hill) around there,,,,,no_candidates,0
ASI-00011,Rangamati Mosque and the ablution tank Panbari Dhubri attached thereto (Rangamati Hill),,,,,no_candidates,0
ASI-00012,The Derebara Group of monoliths Dubungling Dima-Hasao (N.C.Hills),,,,,no_candidates,0
ASI-00013,TheKhartong Group of monoliths Kartongsip Dima-Hasao (N.C.Hills),,,,,no_candidates,0
ASI-00014,The Kobak Group of monoliths Khobak Dima-Hasao (N.C.Hills),,,,,no_candidates,0
ASI-00015,Rock-cut temple Maibang Dima-Hasao (N.C.Hills),,,,,no_candidates,0
ASI-00016,Two inscribed Stones Maibang Dima-Hasao (N.C.Hills),,,,,no_candidates,0
ASI-00017,Bolosan Group of monoliths Nuchubunglo Dima-Hasao (N.C.Hills),,,,,no_candidates,0
ASI-00018,Tomb of Lieutenant Cresswell Goalpara Goalpara,,,,,no_candidates,0
ASI-00019,Monument over the grave of Mr.B.J.Stow Goalpara Goalpara,,,,,no_candidates,0
ASI-00020,Shri Surya Pahar Ruins,,,,,no_candidates,0
ASI-00021,Monoliths Kasomari Pathar Golaghat,,,,,no_candidates,0
ASI-00022,Sivadol Negheriting Golaghat,,,,,no_candidates,0
ASI-00023,The stone inscription inside “Poa Mecca Hajo Kamrup Mosque”,,,,,no_candidates,0
ASI-00024,Shri Shri Hayagriva Madhava temple Hajo Kamrup,,,,,no_candidates,0
ASI-00025,Shri Shri Kedar temple Hajo Kamrup,,,,,no_candidates,0
ASI-00026,Shri Shri Ganesh temple Hajo Kamrup,,,,,no_candidates,0
ASI-00027,Shri Shri Kameshwar temple. Hajo Kamrup 10 Sl.No. Name of the Monument / Site Locality District,,,,,no_candidates,0
ASI-00028,The Carvings,,,,,no_candidates,0
ASI-00029,The rock-cut sculpture representing Guwahati Kamrup (M) Vishnu (with adjoining figures of Surya,,,,,no_candidates,0
ASI-00030,Daurgarila Rock Inscription,,,,,no_candidates,0
ASI-00031,Rock-cut figures and one Stone - Gateway Kamakhya Hill Kamrup (M),,,,,no_candidates,0
ASI-00032,Garhgaon Raja’s Palace Garhgaon Sivasagar,,,,,no_candidates,0
ASI-00033,Bisnudol Gaurisagar Sivasagar,,,,,no_candidates,0
ASI-00034,Devidol Gaurisagar Sivasagar,,,,,no_candidates,0
ASI-00035,Gaurisagar Tank Gaurisagar Sivasagar,,,,,no_candidates,0
ASI-00036,Sivadol Gaurisagar Sivasagar,,,,,no_candidates,0
ASI-00037,Bisnudol Joysagar Sivasagar,,,,,no_candidates,0
ASI-00038,Devidol Joysagar Sivasagar,,,,,low_confidence,20
ASI-00039,Eight cannons of the Ahom period on the Joysagar Sivasagar bank of the,,,,,no_candidates,0
ASI-00040,Ghanshyam’s house Joysagar Sivasagar,,,,,low_confidence,30
ASI-00041,Golakghar or magazine Joysagar Sivasagar,,,,,no_candidates,0
ASI-00042,Ranganath dole Joysagar Sivasagar,,,,,low_confidence,30.43478261
ASI-00043,Ranghar Ruins Joysagar Sivasagar,,,,,no_candidates,0
ASI-00044,Sivadol Joysagar Sivasagar,,,,,no_candidates,0
ASI-00045,The Karenghar of the Ahom kings (Talatal Joysagar Sivasagar ghar),,,,,no_candidates,0
ASI-00046,Bishnu dole Sibsagar Sivasagar,,,,,no_candidates,0
ASI-00047,Debi dole Sibsagar Sivasagar,,,,,no_candidates,0
ASI-00048,Siva dole Sibsagar Sivasagar,,,,,no_candidates,0
ASI-00049,Ruins,,,,,no_candidates,0
ASI-00050,Masonary remains on the Bamuni Hills Tezpur Sonitpur,,,,,no_candidates,0
ASI-00051,Sculptures in the Chummery compound Tezpur Sonitpur,,,,,no_candidates,0
ASI-00052,The mound and ruins of the stone temple Tezpur Sonitpur at Parbatiya,,,,,no_candidates,0
ASI-00053,The rock on the bank of the Bharmaputra Tezpur Sonitpur about 2 miles below Tezpur and the inscription thereon,,,,,no_candidates,0
ASI-00054,The gun of Emperor Sher Shah,,,,,no_candidates,0
ASI-00055,The two swivel guns belonging to the Sadiya Tinsukia Mughal Nawwara 11,,,,,no_candidates,0
ASI-00004,List of Centrally protected Monuments / Sites under the jurisdiction of Bihar (Patna Circle) Sl.No. Name of the Monument / Site Locality District,,,,,no_candidates,0
ASI-00001,Tomb of Shamsher Khan Shamshernagar Aurangabad,,,,,no_candidates,0
ASI-00002,Ancient site of Vikramasila Monastery Antichak Bhagalpur,,,,,no_candidates,0
ASI-00003,Rock Temple Golgong Bhagalpur,,,,,no_candidates,0
ASI-00004,Patalpuri cave and land adjoining Madhorampur Bhagalpur Bateshwar cave on the Patharghata hill,,,,,no_candidates,0
ASI-00005,Rock sculptures Patharghatta Bhagalpur,,,,,no_candidates,0
ASI-00006,Ancient mound Buxar Buxar,,,,,no_candidates,0
ASI-00007,Asoka column known as Laur pillar Lauriya Areraj East Champaran,,,,,no_candidates,0
ASI-00008,Fort ruins,,,,,no_candidates,0
ASI-00009,Buddhist Stupa Tajpur Deur East Champaran,,,,,no_candidates,0
ASI-00010,Ancient Stupa and other remains locally Bakraur Gaya known as Sujata garh,,,,,no_candidates,0
ASI-00011,Ancient mounds in the valley known as Bishunpurtarwa,,,,,no_candidates,0
ASI-00012,Ancient mouds in the hill known as Bishunpurtarwa,,,,,no_candidates,0
ASI-00013,Ancient Buddhistic image and other Guneri Gaya images and sculptures collected underneath a shed,,,,,no_candidates,0
ASI-00014,Siva temple Konch Gaya,,,,,no_candidates,0
ASI-00015,Sculptures of various Hindu deities carved Kurisarai Gaya on the southern and eastern faces of some rocks and boulders of Kauwadol Hill,,,,,no_candidates,0
ASI-00016,Sculptures of various Hindu deities carved Kurisarai Gaya on the face of an isolated round boulder separated by a distance of 12 feet from the south-eastern corner of the Kauwadol Hill.,,,,,no_candidates,0
ASI-00017,Sculptures of various Hindu deities carved Kurisarai Gaya on the northern -eastern faces of some rocks of Kauwadol Hill.,,,,,no_candidates,0
ASI-00018,Sculptures of four Hindu deities one on Kurisarai Gaya each side of an oblong isolated boulder to the east of the Kauwadol Hill.,,,,,no_candidates,0
ASI-00019,The whole of the ancient ruins on which Kurisarai Gaya there are a colossal statute of Buddha,,,,,no_candidates,0
ASI-00020,The area generally known as ‘Garh’ Kurkihar Gaya,,,,,no_candidates,0
ASI-00021,Gopi Cave Barabar and Jehanabad Nagarjuni hills,,,,,no_candidates,0
ASI-00022,"Karan Chaupar Cave Barabar and Jehanabad Nagarjuni hills,",,,,,no_candidates,0
ASI-00023,Vadathika Cave Barabar and Jehanabad Nagarjuni hils,,,,,no_candidates,0
ASI-00024,"Lomas Rishi Cave Barabar and Jehanabad Nagarjuni hils,",,,,,no_candidates,0
ASI-00025,Sudama Cave Barabar and Jehanabad Nagarjuni hils,,,,,no_candidates,0
ASI-00026,"Vapiyaka Cave Barabar and Jehanabad Nagarjuni hils,",,,,,no_candidates,0
ASI-00027,"Visva Jhopa Cave Barabar and Jehanabad Nagarjuni hils,",,,,,no_candidates,0
ASI-00028,Ancient Buddhistic image and sculptures Ghejan Jehanabad collected underneath a shed,,,,,no_candidates,0
ASI-00029,Ancient monolithic pillar known as Lat Lat Jehanabad,,,,,no_candidates,0
ASI-00030,Tomb of Bakhtiar Khan Malik Sarai Kaimur,,,,,no_candidates,0
ASI-00031,Temple of Mundeswari Devi Paura Kaimur,,,,,no_candidates,0
ASI-00032,Kanhaiya ji ka mandir Bandarjhula Kishanganj,,,,,no_candidates,0
ASI-00033,Remains of ancient fort or Pachrukhi Garh Balirajgarh Madhubani locally known as Raja Bali Ka Garh,,,,,no_candidates,0
ASI-00034,Asokan Column Kolhua Muzaffarpur,,,,,no_candidates,0
ASI-00035,Ancient mound Bargaon Nalanda,,,,,no_candidates,0
ASI-00036,Tomb of Malik Ibrahim Bayu Bihar Sharif Nalanda,,,,,no_candidates,0
ASI-00037,Ancient remains known as Garh Ghorakatora Nalanda,,,,,no_candidates,0
ASI-00038,Statue of Buddha Jagdishpur Nalanda,,,,,low_confidence,22.22222222
ASI-00039,All mounds,,,,,no_candidates,0
ASI-00040,All ancient structures and other Rajgir Nalanda monuments,,,,,low_confidence,32.09876543
ASI-00041,All ancient structures and all artificial Rajgir Nalanda ancient remains which are situated within a distance of half a mile of the said two ancient cities known as old and new Rajgriha,,,,,no_candidates,0
ASI-00042,Walls of the two ancient cities known as Rajgir Nalanda old and new Rajgriha,,,,,low_confidence,20.2247191
ASI-00043,The grove known as “Bulandibagh” Bulandipur Patna,,,,,no_candidates,0
ASI-00044,The mound or stupa known as “Chhoti Chhoti Pahari Patna Paharai”,,,,,no_candidates,0
ASI-00045,Sculpture and Images Datiana Patna,,,,,no_candidates,0
ASI-00046,Supposed site of the Palace of Asoka Kumrahar Patna,,,,,no_candidates,0
ASI-00047,Tomb of Shah Makhadum Daulat Maneri Maner Patna and Ibrahim Khan,,,,,no_candidates,0
ASI-00048,Tank Maner Patna,,,,,no_candidates,0
ASI-00049,Ancient Mound and ruined brick walls Maner Patna together with adjucent land comprising part of survey plot No. 608 & 611,,,,,no_candidates,0
ASI-00050,Ancient Mound and ruined brick walls Maner Patna together with adjucent land comprising of survey plot No. 399,,,,,no_candidates,0
ASI-00051,Mounds known as the five stupas or Paharidih Patna ”Panch Pahari”,,,,,no_candidates,0
ASI-00052,(i) Ablution Tank,,,,,no_candidates,0
ASI-00053,Remains of wooden foundations and Sandalpur Patna ancient Mauryan walls,,,,,no_candidates,0
ASI-00054,Ashokan inscription on the Chandan Ashikpur Rohtas Shahid hill,,,,,no_candidates,0
ASI-00055,Rohtasgarh fort Rohtasgarh Rohtas,,,,,no_candidates,0
ASI-00056,Tomb of Hasan Shah Suri Sasaram Rohtas,,,,,no_candidates,0
ASI-00057,Tomb of Sher Shah Suri Sasaram Rohtas,,,,,no_candidates,0
ASI-00058,Three rock inscriptions (Adjacent to Tara Sasaram Rohtas 13 Sl.No. Name of the Monument / Site Locality District Chandi temple),,,,,no_candidates,0
ASI-00059,Remains of Ancient city Manjhi Saran,,,,,no_candidates,0
ASI-00060,Ancestral Houseof Jiradei Siwan Dr. Rajendra Prasad,,,,,no_candidates,0
ASI-00061,Jami mosque Hajipur Vaishali,,,,,no_candidates,0
ASI-00062,Relic Stupa Harpur Basant Vaishali (Vaishali),,,,,no_candidates,0
ASI-00063,Raja Vishal ka Garh Vaishali Vaishali,,,,,no_candidates,0
ASI-00064,Ruined fortress,,,,,no_candidates,0
ASI-00065,Asoka column Lauriya West Nandangarh Champaran,,,,,no_candidates,0
ASI-00066,Vedic burial mounds Lauriya West Nandangarh Champaran,,,,,no_candidates,0
ASI-00067,Ruined fortress at Nandangarh and the Marhia West rampart of the fort Champaran,,,,,no_candidates,0
ASI-00068,Vedic burial mounds Marhia West Champaran,,,,,no_candidates,0
ASI-00069,Vedic burial mounds Pakri West Champaran,,,,,no_candidates,0
ASI-00070,Ashoka column Rampurwa West Champaran 14,,,,,no_candidates,0
ASI-00005,List of Centrally protected Monuments / Sites under the jurisdiction of Chhattisgarh (Raipur Circle) Sl.No. Name of the Monument / Site Locality District,,,,,no_candidates,0
ASI-00001,The temple of Mahadeo including the Narainpur Balodabazar math of Bairagi and Mandap Bhatapara,,,,,no_candidates,0
ASI-00002,The temple belonging to Mahant Laldass Narainpur Balodabazar of Sheorinarayan Bhatapara,,,,,no_candidates,0
ASI-00003,Mahadeo Temple Bastar Bastar Jagdalpur,,,,,no_candidates,0
ASI-00004,Narayan Temple Narainpal Bastar Jagdalpur,,,,,no_candidates,0
ASI-00005,Old temple of Sita Devi and Sati pillar Deorbijla Bemetara,,,,,no_candidates,0
ASI-00006,Ardhanariswara Image Bhairam Deo Gudi Bijapur,,,,,no_candidates,0
ASI-00007,Ajmergarh fort Amanala Bilaspur,,,,,no_candidates,0
ASI-00008,Temple Belpan Bilaspur,,,,,no_candidates,0
ASI-00009,Temple (Ruined) Gatora Bilaspur,,,,,no_candidates,0
ASI-00010,Malhar Fort Malhar Bilaspur,,,,,no_candidates,0
ASI-00011,Patalesvara Mahadeva temple including Malhar Bilaspur all ancient remains of other temples close by,,,,,no_candidates,0
ASI-00012,Kanthi Dewal Temple Ratanpur Bilaspur,,,,,no_candidates,0
ASI-00013,The (fine) doorway built into the ruined Ratanpur Bilaspur wall beside the north gateway to the fort and the carved stones and images lying about within the boundaries of the village,,,,,no_candidates,0
ASI-00014,Old ruined sand stone temple Deo-Baloda Durg,,,,,no_candidates,0
ASI-00015,Group of temples known as the Rajiva- Rajim Gariaband Lochana or Rajim Temples,,,,,no_candidates,0
ASI-00016,Sita Baree Rajim Gariaband,,,,,no_candidates,0
ASI-00017,Temple of Ramchandra Rajim Gariaband,,,,,no_candidates,0
ASI-00018,Arbhar temple Arbhar Janjgir Champa,,,,,no_candidates,0
ASI-00019,Kashigarh fort Bawanbadi Janjgir Champa,,,,,no_candidates,0
ASI-00020,Larger of the two temples (Old Vaishnava Janjgir Janjgir Champa Temple),,,,,no_candidates,0
ASI-00021,Small Temple Janjgir Janjgir Champa,,,,,no_candidates,0
ASI-00022,Brick Temple of Savari south of the Kharod Janjgir Champa village,,,,,no_candidates,0
ASI-00023,Small Brick Temple North of the village Kharod Janjgir Champa,,,,,no_candidates,0
ASI-00024,Kotmi fort Kotmi Janjgir Champa,,,,,no_candidates,0
ASI-00025,Kotgarh Near Bargawan Janjgir Champa,,,,,no_candidates,0
ASI-00026,Half ruined temple of Keshava Narayan Sheori Narayan Janjgir Champa,,,,,no_candidates,0
ASI-00027,The Sheorinarayana Temple,,,,,no_candidates,0
ASI-00028,Brick mound Gadh Dhanora Kondagaon,,,,,no_candidates,0
ASI-00029,Chaitaurgarh Close to Bagdara Korba,,,,,no_candidates,0
ASI-00030,Mahadeo Temple Pali Korba,,,,,no_candidates,0
ASI-00031,The remains of a very ancient temple Tuman Korba and mounds of scultured and unsculptured stones,,,,,no_candidates,0
ASI-00032,Monuments & Temples Sirpur Mahasamund Arang Raipur,,,,,no_candidates,0
ASI-00033,Where the monuments are to be found Sirpur Mahasamund and the mound to the east of Arang Arang Raipur,,,,,no_candidates,0
ASI-00034,The Pali inscription stone Semarsal Mungeli,,,,,no_candidates,0
ASI-00035,Bhand Dewal Arang Raipur,,,,,no_candidates,0
ASI-00036,Old temple near Gandai Gandai Rajnandgaon,,,,,no_candidates,0
ASI-00037,Sita-Bengra and Jogimara rockcut caves Ramagarh hill Sarguja together with adjacent area of the hill,,,,,no_candidates,0
ASI-00038,Jogimara Caves Ramagarh hill Sarguja,,,,,low_confidence,28
ASI-00039,Ganesh Statues Barsur South Bastar Dantewada,,,,,no_candidates,0
ASI-00040,Ancient sculptures in Danteswari Temple Barsur South Bastar Dantewada,,,,,low_confidence,30.10752688
ASI-00041,Chandraditya Temple Barsur South Bastar Dantewada,,,,,no_candidates,0
ASI-00042,Mamabhanjaka Temple Barsur South Bastar Dantewada,,,,,low_confidence,29.50819672
ASI-00043,Danteswari Devi Temple Dantewada South Bastar Dantewada,,,,,no_candidates,0
ASI-00044,Kamma Memorial or Urasgatta Post Dhilmlli South Bastar Dantewada,,,,,no_candidates,0
ASI-00045,Megalithic site containing uraskals Gammewada South Bastar Dantewada,,,,,no_candidates,0
ASI-00046,Karli Mahadeo Temple Sampur South Bastar Dantewada 16,,,,,no_candidates,0
ASI-00006,List of Centrally protected Monuments / Sites under the jurisdiction of Daman & Diu (U.T.) (Vadodara Circle) Sl.No. Name of the Monument / Site Locality District,,,,,no_candidates,0
ASI-00001,Bangli Diu Diu,,,,,no_candidates,0
ASI-00002,Tower of Silence Diu Diu,,,,,no_candidates,0
ASI-00003,Fort together with the inside building Fort Walls Diu,,,,,no_candidates,0
ASI-00004,Old Mosque (Jami Masjid) Inside the Fort,,,,,no_candidates,0
ASI-00005,St. Paul's Church Outside the fort Diu,,,,,no_candidates,0
ASI-00006,Fort Walls (Including Gates,,,,,no_candidates,0
ASI-00007,Holy JesusChurch Near N.W. corner Moti Daman of the Fort Area,,,,,no_candidates,0
ASI-00008,Ruined Church Near N. W. corner Moti Daman of Fort walls,,,,,no_candidates,0
ASI-00009,The Chapel of our Lady of Rosario Insides the fort Moti Daman,,,,,no_candidates,0
ASI-00010,The Church of our Lady of Remedios Outside the Moti Daman Darjiwad,,,,,no_candidates,0
ASI-00011,Fort Walls On Sea-Shore Nani Daman outside of Western corner of Moti Daman 17,,,,,no_candidates,0
ASI-00007,List of Centrally Protected Monuments / Sites under the jurisdiction of Goa (Goa Circle) Sl.No. Name of the Monument / Site Locality District,,,,,no_candidates,0
ASI-00001,Rock cut caves Arvalem North Goa,,,,,no_candidates,0
ASI-00002,Auguda Fortress (Upper) Candolim North Goa,,,,,no_candidates,0
ASI-00003,Fortification Wall of Auguda Candolim North Goa Fortress(Lower),,,,,no_candidates,0
ASI-00004,Arch of Adil Shah’s Palace Old Goa North Goa,,,,,no_candidates,0
ASI-00005,Arch of Viceroy Old Goa North Goa,,,,,no_candidates,0
ASI-00006,Basilica of Bom Jesus Old Goa North Goa,,,,,no_candidates,0
ASI-00007,Chapel of St. Cajetan Old Goa North Goa,,,,,no_candidates,0
ASI-00008,Chapel of St. Catherine Old Goa North Goa,,,,,no_candidates,0
ASI-00009,Chapel of St. Francis Xavier and Old Goa North Goa connected buildings,,,,,no_candidates,0
ASI-00010,Church and Convent of St. Francis Assisi Old Goa North Goa,,,,,no_candidates,0
ASI-00011,Church of Lady of Rosary Old Goa North Goa,,,,,no_candidates,0
ASI-00012,Church of St. Augustine Old Goa North Goa,,,,,no_candidates,0
ASI-00013,House of Bull Old Goa North Goa,,,,,no_candidates,0
ASI-00014,Largo of St. Cajetan together with other Old Goa North Goa monuments,,,,,no_candidates,0
ASI-00015,Largo of St. Francis Xavier Old Goa North Goa,,,,,no_candidates,0
ASI-00016,Portal remains of St.Paul’s College Old Goa North Goa,,,,,no_candidates,0
ASI-00017,Se’ Cathedral Old Goa North Goa,,,,,no_candidates,0
ASI-00018,Safa Masjid Ponda North Goa,,,,,no_candidates,0
ASI-00019,Excavated site Chandor South Goa,,,,,no_candidates,0
ASI-00020,Mahadev Temple Kurdi South Goa,,,,,no_candidates,0
ASI-00021,Mahadev Temple Tambdisurla South Goa,,,,,no_candidates,0
ASI-00001,Achyut Bibi's Masjid & Tomb Ahmedabad Ahmedabad,,,,,no_candidates,0
ASI-00002,Ahmad Shah's Tomb Ahmedabad Ahmedabad,,,,,no_candidates,0
ASI-00003,Ahmed Shah's Mosque Ahmedabad Ahmedabad,,,,,no_candidates,0
ASI-00004,Astodia Gate Ahmedabad Ahmedabad,,,,,no_candidates,0
ASI-00005,Baba Lauli's Masjid Ahmedabad Ahmedabad,,,,,no_candidates,0
ASI-00006,Bhadra gate beside Bhadrakali temple Ahmedabad Ahmedabad,,,,,no_candidates,0
ASI-00007,Brick Minars Ahmedabad Ahmedabad,,,,,no_candidates,0
ASI-00008,Dariya Khan's Tomb Ahmedabad Ahmedabad,,,,,no_candidates,0
ASI-00009,Dariya pur Gate Ahmedabad Ahmedabad,,,,,no_candidates,0
ASI-00010,Dastur Khan's Masjid Ahmedabad Ahmedabad,,,,,no_candidates,0
ASI-00011,Delhi gate Ahmedabad Ahmedabad,,,,,no_candidates,0
ASI-00012,Haibatkhan's Masjid Ahmedabad Ahmedabad,,,,,no_candidates,0
ASI-00013,Inlet to Kankaria Tank Ahmedabad Ahmedabad,,,,,no_candidates,0
ASI-00014,Jami Masjid Ahmedabad Ahmedabad,,,,,no_candidates,0
ASI-00015,Kalulpur Gate Ahmedabad Ahmedabad,,,,,no_candidates,0
ASI-00016,Kutub. Shah's Mosqe Ahmedabad Ahmedabad,,,,,no_candidates,0
ASI-00017,Mata Bhawani's Well Ahmedabad Ahmedabad,,,,,no_candidates,0
ASI-00018,Muhafiz Khan's Mosque Ahmedabad Ahmedabad,,,,,no_candidates,0
ASI-00019,Nawab Sardar Khan Masjid and outer gate Ahmedabad Ahmedabad in survey No. 6814.%,,,,,no_candidates,0
ASI-00020,Nawab Sardar Khan's Rouza with its Ahmedabad Ahmedabad compound bearing C.S.No. 6811,,,,,no_candidates,0
ASI-00021,Panch Kuwa gate Ahmedabad Ahmedabad,,,,,no_candidates,0
ASI-00022,Premabhai Gate Ahmedabad Ahmedabad,,,,,no_candidates,0
ASI-00023,Queen's Mosque in Sarangpur Ahmedabad Ahmedabad,,,,,no_candidates,0
ASI-00024,Raipur Gate Ahmedabad Ahmedabad,,,,,no_candidates,0
ASI-00025,Rani Rupavati's Mosque Ahmedabad Ahmedabad,,,,,no_candidates,0
ASI-00026,Rani Sipri's Mosque & Tomb Ahmedabad Ahmedabad,,,,,no_candidates,0
ASI-00027,Sarangpur Gate Ahmedabad Ahmedabad,,,,,no_candidates,0
ASI-00028,Shah Alam's Tomb with all surrounding Ahmedabad Ahmedabad buildings in the group,,,,,no_candidates,0
ASI-00029,Shah kupa Masjid Ahmedabad Ahmedabad,,,,,no_candidates,0
ASI-00030,Sidi Bashir's Minar's & Tomb (Shaking) Ahmedabad Ahmedabad,,,,,no_candidates,0
ASI-00031,Sidi Saiyad's Mosque Ahmedabad Ahmedabad,,,,,no_candidates,0
ASI-00032,Teen Darwaja or Tripolia gate Ahmedabad Ahmedabad,,,,,no_candidates,0
ASI-00033,The Shahpur Kazi Mohmad Chisti's Masjid Ahmedabad Ahmedabad,,,,,no_candidates,0
ASI-00034,Three gates besides Bhadrakali temple Ahmedabad Ahmedabad,,,,,no_candidates,0
ASI-00035,Tomb Ahmedabad Ahmedabad,,,,,no_candidates,0
ASI-00036,Tomb of Mir Abu Turab Ahmedabad Ahmedabad,,,,,no_candidates,0
ASI-00037,Tombs of Queens of Ahmed Shah Ahmedabad Ahmedabad,,,,,no_candidates,0
ASI-00038,Dada Harir's Mosque & Tomb Asarwa Ahmedabad,,,,,low_confidence,21.05263158
ASI-00039,Dada (Bai ) Harir's Stepwell Asarwa Ahmedabad,,,,,no_candidates,0
ASI-00040,Malik Alam's Mosque Dani Limda Ahmedabad,,,,,low_confidence,36.73469388
ASI-00041,Bahlol Khan Gazi's Mosque Dholka Ahmedabad 19 Sl.No. Name of the Monument / Site Locality District,,,,,no_candidates,0
ASI-00042,Jami Masjid Dholka Ahmedabad,,,,,low_confidence,29.26829268
ASI-00043,Khan Masjid Dholka Ahmedabad,,,,,no_candidates,0
ASI-00044,Malav Tank Dholka Ahmedabad,,,,,no_candidates,0
ASI-00045,Ruined Building Dholka Ahmedabad,,,,,no_candidates,0
ASI-00046,Jethabhai's Stepwell Isanpur Ahmedabad,,,,,no_candidates,0
ASI-00047,Small Stone Masjid (Gumle Masjid) Isanpur Ahmedabad,,,,,no_candidates,0
ASI-00048,Cazi Masjid Mandal Ahmedabad,,,,,no_candidates,0
ASI-00049,Jami Masjid Mandal Ahmedabad,,,,,no_candidates,0
ASI-00050,Sayyid Masjid Mandal Ahmedabad,,,,,no_candidates,0
ASI-00051,Small stone Mosque (Rani Masjid) Paldi Ahmedabad,,,,,no_candidates,0
ASI-00052,Bibiji's Masjid Rajpur / Hirapur Ahmedabad,,,,,no_candidates,0
ASI-00053,Masjid of Ragusha Pir Ranpur Ahmedabad,,,,,no_candidates,0
ASI-00054,Ancient site at Lothal Saragwala Ahmedabad,,,,,no_candidates,0
ASI-00055,Great Mosque Sarkhej Ahmedabad,,,,,no_candidates,0
ASI-00056,Great Tank,,,,,no_candidates,0
ASI-00057,Pavilion before the Tomb of Saikh Ahmed Sarkhej Ahmedabad Khatau Ganj Baksh,,,,,no_candidates,0
ASI-00058,Roza of Baba Alisarand Bawa Ganj Sarkhej Ahmedabad Bhaksh,,,,,no_candidates,0
ASI-00059,Tomb of Bibi Rajbai Sarkhej Ahmedabad,,,,,no_candidates,0
ASI-00060,Tomb of Mohammed Begarh Sarkhej Ahmedabad,,,,,no_candidates,0
ASI-00061,Tomb of Shaikh Ahmed Khattau Ganj Sarkhej Ahmedabad Baksh,,,,,no_candidates,0
ASI-00062,Saiyyad Usman's Mosque & Tomb Usmanpura Ahmedabad,,,,,no_candidates,0
ASI-00063,Rauza of Azam Khan Mauzzam Khan Vasna Ahmedabad,,,,,no_candidates,0
ASI-00064,Tombs (Qutub-i-Alam) Vatva Ahmedabad,,,,,no_candidates,0
ASI-00065,Mansar Talav & Shrines Viramgam Ahmedabad,,,,,no_candidates,0
ASI-00066,Stepwell Borsad Anand,,,,,no_candidates,0
ASI-00067,Jami Masjid Khambhat Anand,,,,,no_candidates,0
ASI-00068,Jami Masjid Bharuch Bharuch,,,,,no_candidates,0
ASI-00069,Old Ruined temple of Mahadev Bawka Dahod,,,,,no_candidates,0
ASI-00070,Rudabai stepwell with Inscription Adalaj Gandhinagar,,,,,no_candidates,0
ASI-00071,Bhamaria Well Mehamadabad Kheda,,,,,no_candidates,0
ASI-00072,Temple of Galteshwar Sarnal Kheda,,,,,no_candidates,0
ASI-00073,Tomb of Saif-ud-din & Nizam-ud-din Sojali Kheda,,,,,no_candidates,0
ASI-00074,Tomb of Mubarak Saiyyad Sojali Kheda,,,,,no_candidates,0
ASI-00075,Vithalbhai Haveli Vaso Kheda,,,,,no_candidates,0
ASI-00076,Jasmalnathji Mahadev temple Asoda Mehsana,,,,,no_candidates,0
ASI-00077,Hingloji Mata temple Khandosan Mehsana,,,,,no_candidates,0
ASI-00078,Sabha Mandapa (Double Shrines) & the Khandosan Mehsana ancient shrines,,,,,no_candidates,0
ASI-00079,Sun temple,,,,,no_candidates,0
ASI-00080,Malai Mata temple Palodar Mehsana,,,,,no_candidates,0
ASI-00081,Sitamata temple Piludara Mehsana 20 Sl.No. Name of the Monument / Site Locality District,,,,,no_candidates,0
ASI-00082,Torana with a Surya Temple Piludara Mehsana,,,,,no_candidates,0
ASI-00083,Nilkantheswar Mahadev temple Sunak Mehsana,,,,,no_candidates,0
ASI-00084,Sivai Mata temple Sunak Mehsana,,,,,low_confidence,22.22222222
ASI-00085,Ajpal Kund Vadnagar Mehsana,,,,,no_candidates,0
ASI-00086,Inscription and Arjun Bari Gate Vadnagar Mehsana,,,,,no_candidates,0
ASI-00087,Torana Vadnagar Mehsana,,,,,no_candidates,0
ASI-00088,Kund Vijapur Mehsana,,,,,no_candidates,0
ASI-00089,Bawa Man's Mosque Champaner Panchmahals,,,,,no_candidates,0
ASI-00090,Cenotaph of Kevda Masjid Champaner Panchmahals,,,,,no_candidates,0
ASI-00091,Cenotaph of Nagina Masjid Champaner Panchmahals,,,,,no_candidates,0
ASI-00092,Citadel walls Champaner Panchmahals,,,,,no_candidates,0
ASI-00093,City Gate Champaner Panchmahals,,,,,no_candidates,0
ASI-00094,City walls at the S.E. corner of the citadel Champaner Panchmahals going up the hill,,,,,no_candidates,0
ASI-00095,East and South Bhadra Gates Champaner Panchmahals,,,,,no_candidates,0
ASI-00096,Helical Stepped well (With 50 feet space Champaner Panchmahals around at pathway 10 feet vide to nearest road.,,,,,no_candidates,0
ASI-00097,Jami Masjid Champaner Panchmahals,,,,,no_candidates,0
ASI-00098,Kabutarkhana Pavilion Champaner Panchmahals,,,,,no_candidates,0
ASI-00099,Kamani Masjid Champaner Panchmahals,,,,,no_candidates,0
ASI-00100,Kevada Masjid Champaner Panchmahals,,,,,no_candidates,0
ASI-00101,Lila-Gumbaj-Ki-Masjid Champaner Panchmahals,,,,,no_candidates,0
ASI-00102,Mandvi or Custom House Champaner Panchmahals,,,,,no_candidates,0
ASI-00103,Nagina Masjid Champaner Panchmahals,,,,,low_confidence,32.65306122
ASI-00104,Sahar ki Masjid (Bohrani) Champaner Panchmahals,,,,,no_candidates,0
ASI-00105,Sakar Khan's Dargah Champaner Panchmahals,,,,,no_candidates,0
ASI-00106,Stepwell Champaner Panchmahals,,,,,low_confidence,34.09090909
ASI-00107,Three cells Champaner Panchmahals,,,,,no_candidates,0
ASI-00108,Tomb with a Brick dome in the centre and Champaner Panchmahals small corner domes,,,,,no_candidates,0
ASI-00109,Rudra Mahalaya temple Desar Panchmahals,,,,,no_candidates,0
ASI-00110,Ek-Minar-ki-Masjid Halol Panchmahals,,,,,no_candidates,0
ASI-00111,Panch-Mahuda-ki-Masjid Halol Panchmahals,,,,,no_candidates,0
ASI-00112,Tomb near Panch-Mahuda ki Masjid Halol Panchmahals,,,,,no_candidates,0
ASI-00113,Tomb of Sikander Shah Halol Panchmahals,,,,,no_candidates,0
ASI-00114,Kankeshwar Mahadev Temple Kankanpur Panchmahals,,,,,no_candidates,0
ASI-00115,Fort of Pavagadh& ruined Hindu temples Pavagadh hill Panchmahals & Jain temples on the top of Pavagadh hills,,,,,no_candidates,0
ASI-00116,Gate No. 1 Atak Gate (with two gateways) Pavagadh hill Panchmahals,,,,,no_candidates,0
ASI-00117,Gate No. 2 (with three gateways) Budhiya Pavagadh hill Panchmahals gate,,,,,no_candidates,0
ASI-00118,Gate No. 3 Moti gate Sadanshah-Gate Pavagadh hill Panchmahals,,,,,no_candidates,0
ASI-00119,Gate No. 4 with big bastion with cells in Pavagadh hill Panchmahals 21 Sl.No. Name of the Monument / Site Locality District the interior.,,,,,no_candidates,0
ASI-00120,Gate No. 5 Gulan Bulan Gate Pavagadh hill Panchmahals,,,,,no_candidates,0
ASI-00121,Gate No. 6 Buland Darwaja Pavagadh hill Panchmahals,,,,,no_candidates,0
ASI-00122,Gate No. 7 Makai Gate Pavagadh hill Panchmahals,,,,,no_candidates,0
ASI-00123,Gate No. 8 Tarapore Gate Pavagadh hill Panchmahals,,,,,no_candidates,0
ASI-00124,Makai Kothar Pavagadh hill Panchmahals,,,,,no_candidates,0
ASI-00125,Mint above Gate No. 4 Pavagadh hill Panchmahals,,,,,no_candidates,0
ASI-00126,Navlakha Kothar Pavagadh hill Panchmahals,,,,,low_confidence,18.94736842
ASI-00127,Patai Rawal's Palace with tanks Pavagadh hill Panchmahals,,,,,no_candidates,0
ASI-00128,Sat Manzil with steps right upto bastions Pavagadh hill Panchmahals on top,,,,,no_candidates,0
ASI-00129,Walls of fort on top Pavagadh hill Panchmahals,,,,,no_candidates,0
ASI-00130,Ratnesvara Old temple with sculptures Ratanpur Panchmahals screen,,,,,no_candidates,0
ASI-00131,Rani-ki-vav Anavadapati Patan,,,,,no_candidates,0
ASI-00132,Sahastralinga Talao (Excavated) Anavadapati Patan,,,,,no_candidates,0
ASI-00133,Limboji Mata temple Delmal Patan,,,,,no_candidates,0
ASI-00134,Nilkantheshwar Mahadev temple Ruhavi Patan,,,,,no_candidates,0
ASI-00135,Shaikh Farid Tomb Samalpt Patan,,,,,no_candidates,0
ASI-00136,Two small shrines Sanderi Mata temple Sander Patan,,,,,no_candidates,0
ASI-00137,Gateway of Khan Sarover Sandsarpati Patan,,,,,no_candidates,0
ASI-00138,Jami Masjid Siddhpur Patan,,,,,no_candidates,0
ASI-00139,Ruins of Rudra Mahalaya temple Siddhpur Patan,,,,,no_candidates,0
ASI-00140,Group of temples Khed & Roda Sabarkantha,,,,,no_candidates,0
ASI-00141,Tomb of Sikandarshah Prantji Sabarkantha,,,,,no_candidates,0
ASI-00142,Ancient site comprising S.Plot No.535 Kamrej Surat,,,,,no_candidates,0
ASI-00143,Dargah known as Khawaja Dana Saheb's Surat Surat Rouza,,,,,no_candidates,0
ASI-00144,Old Dutch & Armenian Tombs & Surat Surat Cemetaries,,,,,no_candidates,0
ASI-00145,Old English Tombs Surat Surat,,,,,no_candidates,0
ASI-00146,Tomb of Khawaja Safar Sulemani Surat Surat,,,,,no_candidates,0
ASI-00147,Fateh Burj Vyara Tapi,,,,,no_candidates,0
ASI-00148,Microlithic site S.No. 311,,,,,no_candidates,0
ASI-00149,Hira Gate with S.No. 38,,,,,no_candidates,0
ASI-00150,Mahudi (Champaneri) Gate & adjacent Dabhoi Vadodara construction,,,,,no_candidates,0
ASI-00151,Nandodi Gate with adjacent construction Dabhoi Vadodara,,,,,no_candidates,0
ASI-00152,Saptamukhi Vav Dabhoi Vadodara,,,,,no_candidates,0
ASI-00153,Vadodara Gate & its adjacent construction Dabhoi Vadodara,,,,,no_candidates,0
ASI-00154,Hazira or Qutbuddin Mahmad Khan's Danteshwar Vadodara Tomb,,,,,no_candidates,0
ASI-00155,Ancient site of Sandhiyapura Goraj Vadodara,,,,,no_candidates,0
ASI-00156,Ancient Site (Excavated) Kayavarohan Vadodara 22 Sl.No. Name of the Monument / Site Locality District,,,,,no_candidates,0
ASI-00157,Gateway of Torana Kayavarohan Vadodara,,,,,no_candidates,0
ASI-00158,Frescos on the walls of Bhau Tambekar’s Pratap Road Vadodara Wada,,,,,no_candidates,0
ASI-00001,Ancient site Gohilwad Timbo (Mound) Amreli Amreli,,,,,no_candidates,0
ASI-00002,Fresco on the wall of Kashivisvanath Padar Singha Amreli temple,,,,,no_candidates,0
ASI-00003,Ancient Site Venivadar Amreli,,,,,no_candidates,0
ASI-00004,Ancient site / Mound Sihor Bhavnagar,,,,,no_candidates,0
ASI-00005,Darbargarh Sihor Bhavnagar,,,,,no_candidates,0
ASI-00006,Jain temples Talaja Bhavnagar,,,,,no_candidates,0
ASI-00007,Talaja Caves Talaja Bhavnagar,,,,,no_candidates,0
ASI-00008,Ancient site / Mound Vallabhaipur Bhavnagar,,,,,no_candidates,0
ASI-00009,Temple of Rama Laxman Baradia Devbhumi Dwarka,,,,,no_candidates,0
ASI-00010,Gadhi fortress & temple in Survey no.106 Dhink Devbhumi Dwarka,,,,,no_candidates,0
ASI-00011,Magderu Temple Dhrasanvel Devbhumi Dwarka,,,,,no_candidates,0
ASI-00012,Dwarkadhish Group of temples with its Dwarka Devbhumi Dwarka outer compounds SNO. 1607,,,,,no_candidates,0
ASI-00013,Kshatrapa Inscriptions Dwarka Devbhumi Dwarka,,,,,no_candidates,0
ASI-00014,Rukmani Temple Dwarka Devbhumi Dwarka,,,,,no_candidates,0
ASI-00015,Gokeshwar Mahadev temple Lowrali Devbhumi Dwarka,,,,,no_candidates,0
ASI-00016,Kalika Mata temple Navi Dhreiwad Devbhumi Dwarka,,,,,no_candidates,0
ASI-00017,Durvasa Rishi's Ashram & its site Pindara Devbhumi Dwarka,,,,,no_candidates,0
ASI-00018,Guhaditya temple in S.No. 655 Varvala Devbhumi Dwarka,,,,,no_candidates,0
ASI-00019,Junagadhi (Jain) Temple Vasai Devbhumi Dwarka,,,,,no_candidates,0
ASI-00020,Kankeshvara Mahadeva temple & other Vasai Devbhumi Dwarka shrines,,,,,no_candidates,0
ASI-00021,Ranchhod Rayaji Temple with wasterland Mul Dwarka Gir Somnath around the chowk of Mahadeva Temple,,,,,no_candidates,0
ASI-00022,Gop (Sun) Temple Zinavari Jamnagar,,,,,no_candidates,0
ASI-00023,Ancient Mound Intwa Junagadh,,,,,no_candidates,0
ASI-00024,Ashokan Rock (Edicts) Junagadh Junagadh,,,,,no_candidates,0
ASI-00025,Baba Pyare,,,,,no_candidates,0
ASI-00026,Buddhistic Cave Junagadh Junagadh,,,,,no_candidates,0
ASI-00027,Jami Masjid Mangrol Junagadh,,,,,no_candidates,0
ASI-00028,Rahimat Masjid (Bibi Masjid) Mangrol Junagadh,,,,,no_candidates,0
ASI-00029,Raveli Masjid Mangrol Junagadh,,,,,no_candidates,0
ASI-00030,Tomb of Rao Lakha Chhatri Bhuj Kachchh,,,,,no_candidates,0
ASI-00031,Ancient Site (Kotada) Dholavira Kachchh 23 Sl.No. Name of the Monument / Site Locality District,,,,,no_candidates,0
ASI-00032,Archaeological Ancient Site and Remains,,,,,no_candidates,0
ASI-00033,Siva temple Kotai Kachchh,,,,,no_candidates,0
ASI-00034,Excavated Site Surkotada Kachchh,,,,,no_candidates,0
ASI-00035,Ancient Quarry site -I Dholavitra Kachchh,,,,,no_candidates,0
ASI-00036,Ancient Quarry site -II Dholavitra Kachchh,,,,,no_candidates,0
ASI-00037,Darbargarh Halvad Morbi,,,,,no_candidates,0
ASI-00038,Old Parsvanath temple Miyani Porbandar,,,,,low_confidence,23.07692308
ASI-00039,House where Mahatma Gandhi was born Porbandar Porbandar,,,,,no_candidates,0
ASI-00040,Dhank Caves Dhank Rajkot,,,,,low_confidence,25
ASI-00041,Ananteshwara temple Bhadia Anandpur Surendranagar,,,,,no_candidates,0
ASI-00042,Ancient Mound Rangpur Surendranagar,,,,,low_confidence,25
ASI-00043,Navlakha temple Sejakpur Surendranagar,,,,,no_candidates,0
ASI-00044,Ancient Site/Mound in village Sejakpur Surendranagar,,,,,no_candidates,0
ASI-00045,Sun Temple Thangadh Surendranagar,,,,,no_candidates,0
ASI-00001,Old Mughal Kosminar Ambala (city) Ambala,,,,,no_candidates,0
ASI-00002,Ancient Site Naurangabad Bhiwani,,,,,no_candidates,0
ASI-00003,Bund or Dam,,,,,no_candidates,0
ASI-00004,Kos Minar No. 10 Khawaza Sarai Faridabad,,,,,no_candidates,0
ASI-00005,Mughal Bridge over the Buddhiawala Nala Khawaza Sarai Faridabad,,,,,no_candidates,0
ASI-00006,Surajkund Masonry tank at Lakharpur Lakharpur Faridabad,,,,,no_candidates,0
ASI-00007,Kos Minar No. 13 (Missing) Mujessar Faridabad,,,,,no_candidates,0
ASI-00008,Kos Minar No. 11 Village Mawai Faridabad (Sec29,,,,,no_candidates,0
ASI-00009,Ancient site at Banawali (Sotra) Banawali Fatehabad,,,,,no_candidates,0
ASI-00010,Humayun's Mosque Fatehabad Fatehabad,,,,,no_candidates,0
ASI-00011,Lat of Feroz Shah Fatehabad Fatehabad,,,,,no_candidates,0
ASI-00012,Baoli Ghaus Ali Shah Farrukh Nagar Gurugram,,,,,no_candidates,0
ASI-00013,Mosque of Ala Vardi Khan Sarai Ala Vardi Gurugram Khan,,,,,no_candidates,0
ASI-00014,Agroha Mound Agroha Hissar,,,,,no_candidates,0
ASI-00015,Barsi Gate Hansi Hissar,,,,,no_candidates,0
ASI-00016,Ruined fort (Historical fort of Prithviraj Hansi Hissar Chauhan),,,,,no_candidates,0
ASI-00017,Feroz Shah’s Palace & Tehkhanas Hissar Hissar,,,,,no_candidates,0
ASI-00018,Gujari Mahal Hissar Hissar,,,,,no_candidates,0
ASI-00019,Lat ki Masjid Hissar Hissar,,,,,no_candidates,0
ASI-00020,Ancient Mound No. I,,,,,no_candidates,0
ASI-00021,Ancient Mound No. VI Rakhigarhi Hissar,,,,,no_candidates,0
ASI-00022,Ancient Mound No. VII Rakhigarhi Hissar,,,,,no_candidates,0
ASI-00023,Group of Tombs Jhajjar Jhajjar,,,,,no_candidates,0
ASI-00024,Ancient Brick Temple including prachin Kalayat Kaithal Sivalaya,,,,,no_candidates,0
ASI-00025,Theh Polar Siwan Kaithal,,,,,no_candidates,0
ASI-00026,Kushana known as Jarasandh ka Quila Asandh (Salwan) Karnal,,,,,no_candidates,0
ASI-00027,Kos Minar Bhenikalan Karnal,,,,,no_candidates,0
ASI-00028,Kos Minar Daha Karnal,,,,,no_candidates,0
ASI-00029,Gateways of old Mughal Sarai Gharaunda Karnal,,,,,no_candidates,0
ASI-00030,Kos Minar (North) Gharaunda Karnal,,,,,no_candidates,0
ASI-00031,Kos Minar (South) Gharaunda Karnal,,,,,no_candidates,0
ASI-00032,a. Cantonment Church Tower,,,,,no_candidates,0
ASI-00033,European soldier's graves,,,,,no_candidates,0
ASI-00034,Kos Minar (Namaste Chowk) Karnal Karnal,,,,,no_candidates,0
ASI-00035,Kos Minar (City) Karnal Karnal 25 Sl.No. Name of the Monument / Site Locality District,,,,,no_candidates,0
ASI-00036,Kos Minar Kohand Karnal,,,,,no_candidates,0
ASI-00037,Kos Minar Kutail Karnal,,,,,no_candidates,0
ASI-00038,Kos Minar (North) Taraori Karnal,,,,,low_confidence,21.73913043
ASI-00039,Kos Minar (south) Taraori Karnal,,,,,no_candidates,0
ASI-00040,Kos Minar Adhor Kurukshetra,,,,,low_confidence,33.33333333
ASI-00041,Kos Minar Amin Kurukshetra,,,,,no_candidates,0
ASI-00042,Ancient Site Amin Kurukshetra,,,,,low_confidence,28.57142857
ASI-00043,Kos Minar Bhiwani Khera Kurukshetra,,,,,no_candidates,0
ASI-00044,Nabha House Dara Kalan Kurukshetra (Thanesar),,,,,no_candidates,0
ASI-00045,Ancient Site of Harsh-Ka-Tila and Dara Khera Kurukshetra Archaeological remains (Thanesar),,,,,no_candidates,0
ASI-00046,Kos Minar Darakalan Kurukshetra (Thanesar),,,,,no_candidates,0
ASI-00047,Kos Minar Fatuhpur Kurukshetra,,,,,no_candidates,0
ASI-00048,Kos Minar Mohri Kurukshetra,,,,,no_candidates,0
ASI-00049,Kos Minar Sarai Sukh Kurukshetra,,,,,no_candidates,0
ASI-00050,Kos Minar (Missing) Shahabad Kurukshetra,,,,,no_candidates,0
ASI-00051,The ancient mound known locally as “Raja Thanesar Kurukshetra Karan ka kila”,,,,,no_candidates,0
ASI-00052,Pathar Masjid (bounded on the north by the Thanesar Kurukshetra tomb of Sheikh Chilli,,,,,no_candidates,0
ASI-00053,Sheikh Chilli's tomb Thanesar Kurukshetra,,,,,no_candidates,0
ASI-00054,Kos Minar Zainpura Kurukshetra,,,,,no_candidates,0
ASI-00055,Jal Mahal and adjacent land Narnaul Mahindergarh,,,,,no_candidates,0
ASI-00056,Shah Ibrahim's tomb together with adjacent Narnaul Mahindergarh land as shown in the plan,,,,,no_candidates,0
ASI-00057,Shah Quli Khan's Tomb together with Narnaul Mahindergarh adjacent land,,,,,no_candidates,0
ASI-00058,Kos Minar No. 18 Alapur Palwal,,,,,no_candidates,0
ASI-00059,Kos Minar NO. 22 Aurangabad Palwal,,,,,no_candidates,0
ASI-00060,Kos Minar,,,,,no_candidates,0
ASI-00061,Kos Minar No. 25 Banchchari Palwal,,,,,no_candidates,0
ASI-00062,Kos Minar No 27 Bhulwana Palwal,,,,,no_candidates,0
ASI-00063,Kos Minar No 16 Gudhpuri Palwal,,,,,no_candidates,0
ASI-00064,Kos Minar No. 17 Gudhpuri Palwal,,,,,no_candidates,0
ASI-00065,Kos Minar No. 26 Hodal Palwal,,,,,no_candidates,0
ASI-00066,Kos Minar No. 23 Khateila Palwal,,,,,no_candidates,0
ASI-00067,Kos Minar No. 21 Khera Sarai Palwal,,,,,no_candidates,0
ASI-00068,Kos Minar No. 20 Khusropur Palwal,,,,,no_candidates,0
ASI-00069,Kos Minar 19 Palwal Palwal,,,,,no_candidates,0
ASI-00070,Kos Minar 15 Sikri Palwal,,,,,no_candidates,0
ASI-00071,Kos Minar Jatipur,,,,,no_candidates,0
ASI-00072,Obelisk commemorating the third battle of Kala Amb Panipat Panipat,,,,,no_candidates,0
ASI-00073,Kos Minar Kiwana Panipat,,,,,no_candidates,0
ASI-00074,Kos Minar Manana Panipat 26 Sl.No. Name of the Monument / Site Locality District,,,,,no_candidates,0
ASI-00075,Bab-i-Faiz Gate on the north side of Panipat Panipat Panipat town,,,,,no_candidates,0
ASI-00076,Kabuli Bagh Mosque with enclosure wall Panipat Panipat,,,,,no_candidates,0
ASI-00077,Site of Ibrahim Lodhi's tomb Panipat Panipat,,,,,no_candidates,0
ASI-00078,Kos minar Siwali (Siwah) Panipat,,,,,no_candidates,0
ASI-00079,Kos Minar Taraf Afghan Panipat (Panipat),,,,,no_candidates,0
ASI-00080,Kos Minar Taraf Unsar Panipat (Panipat),,,,,no_candidates,0
ASI-00081,Site of ancient city Khokhrakot Rohtak,,,,,no_candidates,0
ASI-00082,Shahjahan Baoli Meham Rohtak,,,,,no_candidates,0
ASI-00083,Ther Mound Sirsa Sirsa,,,,,no_candidates,0
ASI-00084,Old Mughal Kos Minar Akbarpur,,,,,low_confidence,23.25581395
ASI-00085,Old Mughal Kos Minar Baiyanpur Sonepat,,,,,no_candidates,0
ASI-00086,Old Mughal Kos Minar Gannaur Sonepat,,,,,no_candidates,0
ASI-00087,Old Mughal Kos Minar Jagdishpur Sonepat,,,,,no_candidates,0
ASI-00088,Old Mughal Kos Minar Jawahri Sonepat,,,,,no_candidates,0
ASI-00089,Old Mughal Kos Minar Panchi Gujran Sonepat,,,,,no_candidates,0
ASI-00090,Old Mughal Kos Minar Rajpur Sonepat,,,,,no_candidates,0
ASI-00091,Old Mughal Kos Minar Sonepat Sonepat,,,,,no_candidates,0
ASI-00092,Tomb of Khawaja Khizr Sonepat Sonepat,,,,,no_candidates,0
ASI-00093,Adi Badri,,,,,no_candidates,0
ASI-00009,List of Centrally Protected Monuments / Sites under the jurisdiction of Himachal Pradesh (Shimla Circle) Sl.No. Name of the Monument / Site Locality District,,,,,no_candidates,0
ASI-00001,Ganesh Temple Bharmaur Bharmaur Chamba,,,,,no_candidates,0
ASI-00002,Laxmi (Lakhan) Devi Temple Bharmaur Bharmaur Chamba,,,,,no_candidates,0
ASI-00003,Mani Mahesh Temple Bharmaur Bharmaur Chamba,,,,,no_candidates,0
ASI-00004,Narsingh Temple Bharmaur Bharmaur Chamba,,,,,no_candidates,0
ASI-00005,Champavati Temple Chamba Chamba,,,,,no_candidates,0
ASI-00006,Rock sculptures depicting Sita Ram,,,,,no_candidates,0
ASI-00007,Shri Bajreshwari Temple,,,,,no_candidates,0
ASI-00008,Shri Bansi Gopal Temple Chamba Chamba,,,,,no_candidates,0
ASI-00009,Shri Chamunda Devi Temple Chamba Chamba,,,,,no_candidates,0
ASI-00010,Shri Hari Rai Temple Chamba Chamba,,,,,no_candidates,0
ASI-00011,Shri Lakshmi Narayan group of Temples,,,,,no_candidates,0
ASI-00012,Shri Sita Ram Temple Muhalla Bangotu Chamba Chamba,,,,,no_candidates,0
ASI-00013,Sri Shakti Devi Temple,,,,,no_candidates,0
ASI-00014,Narbadeshwar Temple and including the Sujanpur Hamirpur paintings therein as well as subsidiary shrines within the compound wall together with adjacent land confined in survey plot no. 786,,,,,no_candidates,0
ASI-00015,Katoch Palace Tira Sujanpur Hamirpur,,,,,no_candidates,0
ASI-00016,Temple at Asapuri Ashapuri Kangra,,,,,no_candidates,0
ASI-00017,Temple of Baijnath Baijnath Kangra,,,,,no_candidates,0
ASI-00018,Temple of Sidhnath Baijnath Kangra,,,,,no_candidates,0
ASI-00019,Buddhist stupa known as BhimTila Chaitru Kangra,,,,,no_candidates,0
ASI-00020,Ruined Fort Kangra Kangra,,,,,no_candidates,0
ASI-00021,Rock inscription at Kunyara Khanyara Kangra,,,,,no_candidates,0
ASI-00022,Fort Kotla (Kotlah) Kangra,,,,,no_candidates,0
ASI-00023,Monolithic Temples at Masrur with Masroor Kangra sculptures lying in and outside them,,,,,no_candidates,0
ASI-00024,Ruined Fort Nurpur Kangra,,,,,no_candidates,0
ASI-00025,Rock inscription at Pathiar Bounded on the Pathiar Kangra North and East by land Belonging to Mangtu Girth and West and South by land belonging to Raman Girth,,,,,no_candidates,0
ASI-00026,Lord Elgin's Tomb at Uppper Dharamsala Upper Kangra Dharamshala,,,,,no_candidates,0
ASI-00027,Temple of Basheshar Mahadeo at Hat Bajaura Kullu,,,,,no_candidates,0
ASI-00028,Temple of Gaurishankar with sculptures Dassal Kullu 28 Sl.No. Name of the Monument / Site Locality District lying in and outside of it,,,,,no_candidates,0
ASI-00029,A Miniature stone Saiva Temple at Jagat Jagatsukh Kullu Sukh,,,,,no_candidates,0
ASI-00030,Hidamba Devi Temple together with Manali Kullu adjacent area comprised in part of survey plot nos. 2058 and 2059 and wasteland as shown in the plan reproduced below,,,,,no_candidates,0
ASI-00031,Temple of Gaurishankar with its sculptures Naggar Kullu,,,,,no_candidates,0
ASI-00032,Buddhist Monastery together with adjacent Tabo Lahaul & Spiti area comprised in survey plot no. 16 as shown on the attached plan,,,,,no_candidates,0
ASI-00033,Phoo Gumpha Buddhist monastery Tabo Lahaul & Spiti,,,,,no_candidates,0
ASI-00034,Mirkula Devi Temple Udaipur (Lahaul) Lahaul & Spiti,,,,,no_candidates,0
ASI-00035,Ardhanariswara Temple and adjoining land Mandi Mandi comprised in survey plot nos. 195,,,,,no_candidates,0
ASI-00036,Barsela Monuments Mandi Mandi,,,,,no_candidates,0
ASI-00037,Panchvaktra Temple Mandi Mandi,,,,,no_candidates,0
ASI-00038,Temple of Trillokinath Mandi Mandi,,,,,low_confidence,29.16666667
ASI-00039,Vice Regal Lodge (Rashtrapati Niwas) Shimla Shimla,,,,,no_candidates,0
ASI-00040,Siva temple Mangarh Sirmaur 29,,,,,low_confidence,29.62962963
ASI-00010,List of Centrally Protected Monuments / Sites under the jurisdiction of Jammu & Kashmir (U.T.) (Srinagar Circle) Sl.No. Name of the Monument / Site Locality District,,,,,no_candidates,0
ASI-00001,Bumzuva Cave and Temple Bumzuva Anantnag,,,,,no_candidates,0
ASI-00002,Ancient temple of Martand together with Ranbelpur / Anantnag adjacent land Ranbirsinghpur,,,,,no_candidates,0
ASI-00003,Ancient site of Chakradhar/Semthan Semthan Anantnag,,,,,no_candidates,0
ASI-00004,Mughal Arcad including spring together with Verinag Anantnag adjacent land,,,,,no_candidates,0
ASI-00005,Mosque and other ancient remains on the Wular Lake Bandipora island,,,,,no_candidates,0
ASI-00006,Detha Mandir Bandi Baramulla,,,,,no_candidates,0
ASI-00007,Ancient Temple together with adjacent land Buniyar Baramulla,,,,,no_candidates,0
ASI-00008,Ancient Stupa,,,,,no_candidates,0
ASI-00009,Ancient Temple Fatehgarh Baramulla,,,,,no_candidates,0
ASI-00010,Sankaragaurisvara temple and excavated Pattan Baramulla structures together with adjacent land,,,,,no_candidates,0
ASI-00011,Sugandesha Temple Pattan Baramulla,,,,,no_candidates,0
ASI-00012,Ancient Site Sumbal Baramulla,,,,,no_candidates,0
ASI-00013,Partapswami temple with four Subsidiary Tapparwaripora Baramulla shrines with adjacent land,,,,,no_candidates,0
ASI-00014,Ancient Stupa (Excavated Remains) Ushkura Baramulla together with adjacent land,,,,,no_candidates,0
ASI-00015,Khanpur Sarai Khanpur Budgam,,,,,no_candidates,0
ASI-00016,Group of Ancient Temples Naranag Ganderbal,,,,,no_candidates,0
ASI-00017,Ancient Fort Akhnoor Jammu,,,,,no_candidates,0
ASI-00018,Remains of Ancient sites (Pambaran) Ambaran Jammu,,,,,no_candidates,0
ASI-00019,Rock carving of Devi riding a lion Basohli Kathua,,,,,no_candidates,0
ASI-00020,Rock carving of Sitala,,,,,no_candidates,0
ASI-00021,Vishesvara cave temple and other cave Basohli Kathua temples,,,,,no_candidates,0
ASI-00022,Ancient Temple (Harihara) Billawar Kathua,,,,,no_candidates,0
ASI-00023,Trilochannanath Temple Mahadera / Kathua Basohli,,,,,no_candidates,0
ASI-00024,Avantiswami temple together with adjacent Avantipura Pulwama land,,,,,no_candidates,0
ASI-00025,Avantisvara Temple Avantipura Pulwama,,,,,no_candidates,0
ASI-00026,Ancient Temple Kakapora Pulwama,,,,,no_candidates,0
ASI-00027,Monolithic Shrine Khrew Pulwama,,,,,no_candidates,0
ASI-00028,Remains of Ancient Temple Khrew Pulwama,,,,,no_candidates,0
ASI-00029,Ancient Temple Loduv Pulwama,,,,,no_candidates,0
ASI-00030,Ancient Stupa Remains alongwith adjacent Malangpora Pulwama area,,,,,no_candidates,0
ASI-00031,Remains of Ancient Temple Pampur Pulwama 30 Sl.No. Name of the Monument / Site Locality District,,,,,no_candidates,0
ASI-00032,Ancient Siva Temple Payar Pulwama,,,,,no_candidates,0
ASI-00033,Aliabad Sarai Aliabad Shopian,,,,,no_candidates,0
ASI-00034,Hirpur Sarai Hirpur Shopian,,,,,no_candidates,0
ASI-00035,Ancient Temple Bohri Kadal Srinagar,,,,,no_candidates,0
ASI-00036,Ancient sites & Remains Burzahom Srinagar,,,,,no_candidates,0
ASI-00037,Ancient Temple Hari Parbat Srinagar,,,,,no_candidates,0
ASI-00038,Ancient Monastery & Stupa together with Harwan Srinagar adjacent land,,,,,low_confidence,24.09638554
ASI-00039,Mosque of Akhum Mulla Shah together with Kathi Darwaza Srinagar adjacent land,,,,,no_candidates,0
ASI-00040,Gates in the Rampart of the fort Kathi Darwaza Srinagar a) Kathi Darwaza Sangeen b) Sangeen Darwaza Darwaza,,,,,low_confidence,19.84732824
ASI-00041,Shankaracharya Temple together with Kothi Bagh / Srinagar adjacent land Durganag,,,,,no_candidates,0
ASI-00042,Ancient Site Pandrethan Srinagar,,,,,low_confidence,31.11111111
ASI-00043,Excavated Remains Pandrethan Srinagar,,,,,no_candidates,0
ASI-00044,Pandrethan Temple together with adjacent Pandrethan Srinagar land,,,,,no_candidates,0
ASI-00045,Group of arched terraces / structural Pari Mahal Srinagar complex,,,,,no_candidates,0
ASI-00046,Khanqah of Shah Hamdan Shah Hamdan Srinagar,,,,,no_candidates,0
ASI-00047,Pathar Masjid Zaina Kadal Srinagar,,,,,no_candidates,0
ASI-00048,Tomb of Zain-ul-Abidin's mother together Zaina Kadal Srinagar with adjacent land,,,,,no_candidates,0
ASI-00049,Group of Temles Kirmachi Udhampur,,,,,no_candidates,0
ASI-00050,Ancient Temples Kala Dera I & II together Manwal Udhampur with adjacent land,,,,,no_candidates,0
ASI-00051,Ancient Temple (Nand Babour) together with Manwal / Thalora Udhampur adjacent land,,,,,no_candidates,0
ASI-00052,Ancient Fort attributed to Raja Suchet Singh Ramnagar Udhampur and Samadhi of Queen of Raja Suchet Singh,,,,,no_candidates,0
ASI-00053,Ancient Palaces attributed to Raja Suchet Ramnagar Udhampur Singh,,,,,no_candidates,0
ASI-00054,Ancient Site,,,,,no_candidates,0
ASI-00055,Ancient Temple Dera Babour together with Thalora Udhampur adjacent land,,,,,no_candidates,0
ASI-00056,Temple of Devi Bhagwati together with Thalora / Manwal Udhampur adjacent land,,,,,no_candidates,0
ASI-00001,Site of an old fort Ruam East Singhbhum,,,,,no_candidates,0
ASI-00002,Palace and Temple Complex,,,,,no_candidates,0
ASI-00003,Asura Sites Hensa Khunti,,,,,no_candidates,0
ASI-00004,Asura Sites Kathartoli Khunti,,,,,no_candidates,0
ASI-00005,Asura Sites Khunti Tola Khunti,,,,,no_candidates,0
ASI-00006,Asura Sites Kunjla Khunti,,,,,no_candidates,0
ASI-00007,Asura Sites Saridkel Khunti,,,,,no_candidates,0
ASI-00008,Ancient Stone Temple with a small Siva- Khekpatra Lohardaga linga inside,,,,,no_candidates,0
ASI-00009,Temples at Haradih Haradih Ranchi,,,,,no_candidates,0
ASI-00010,Ruins of Baradari buildings with probable Arazi Mukhimpur Sahibganj underground cells and passage standing on the high mound,,,,,no_candidates,0
ASI-00011,Jamma Masjid Hadaf Sahibganj,,,,,no_candidates,0
ASI-00012,Ancient Mound locally known as Kulugarha Itagarh Sarikela and Basput Kharsawan,,,,,no_candidates,0
ASI-00013,Old remains of temples and sculptures on Benisagar West Singhbhum the south-east bank of the above tank,,,,,no_candidates,0
ASI-00001,Old Dungeon Fort and Gates Bengaluru Bangalore Urban,,,,,no_candidates,0
ASI-00002,Tipu Sultan's Palace Bengaluru Bangalore Urban,,,,,no_candidates,0
ASI-00003,Prehistoric Site Chikajala Bangalore Rural,,,,,no_candidates,0
ASI-00004,Fort Devanahalli Bangalore Rural,,,,,no_candidates,0
ASI-00005,Tipu Sultan's Birth Place Devanahalli Bangalore Rural,,,,,no_candidates,0
ASI-00006,Prehistoric Site Hejjala Bangalore Rural,,,,,no_candidates,0
ASI-00007,Prehistoric Site Managondanahalli Bangalore Rural,,,,,no_candidates,0
ASI-00008,Vijayanarayana Temple Gundlupet Chamarajanagar,,,,,no_candidates,0
ASI-00009,Arkesvara Temple Hale Alur Chamarajanagar,,,,,no_candidates,0
ASI-00010,Ramesvara Temple Narasamangala Chamarajanagar,,,,,no_candidates,0
ASI-00011,Gaurisvara Temple Yelandur Chamarajanagar,,,,,no_candidates,0
ASI-00012,Bhoganandisvara Temple Nandi Chikkaballapur,,,,,no_candidates,0
ASI-00013,Tipu's Palace Nandi Hills Chikkaballapur,,,,,no_candidates,0
ASI-00014,Amritesvara Temple Amrithapura Chikkamagaluru,,,,,no_candidates,0
ASI-00015,Viranarayana Temple Belavadi Chikkamagaluru,,,,,no_candidates,0
ASI-00016,Vidyasankara Temple Sringeri Chikkamagaluru,,,,,no_candidates,0
ASI-00017,Asoka Inscriptions Brahmagiri Chitradurga,,,,,no_candidates,0
ASI-00018,Prehistoric Site Brahmagiri Chitradurga,,,,,no_candidates,0
ASI-00019,Prehistoric Site Chandravalli Chitradurga,,,,,no_candidates,0
ASI-00020,Fortress and Temples on the hill Chitradurga Chitradurga,,,,,no_candidates,0
ASI-00021,Inscripiton and Jatingi Rameswar Temple Ramesvara Hill Chitradurga,,,,,no_candidates,0
ASI-00022,Akka Tangi Temple and Asoka Inscriptions Siddepura Chitradurga on Emmethammanana gundu,,,,,no_candidates,0
ASI-00023,Dolmen Circle Doddamolathe Coorg (Kodagu),,,,,no_candidates,0
ASI-00024,The Fort and Large Masonry Elephants Mercara Coorg (Kodagu),,,,,no_candidates,0
ASI-00025,The Raja's Seat Mercara Coorg (Kodagu),,,,,no_candidates,0
ASI-00026,Three stone built Jaina Temples Standing in Mullur Coorg (Kodagu) a Courtyard on the south of the village. In front of the central Temple is a large Inscribed Slab,,,,,no_candidates,0
ASI-00027,Dolmen Circle Sulimolathe Coorg (Kodagu),,,,,no_candidates,0
ASI-00028,Kalleswaraswami Temple Bagali Davangere,,,,,no_candidates,0
ASI-00029,Fort Chennagiri Davangere,,,,,no_candidates,0
ASI-00030,Kalleswaraswami Temple Halavagalu Davangere,,,,,no_candidates,0
ASI-00031,Hariharesvara Temple Harihar Davangere,,,,,no_candidates,0
ASI-00032,Shahji's Tomb Hodigere Davangere,,,,,no_candidates,0
ASI-00033,Bhimeswara Temple Nilagunda Davangere,,,,,no_candidates,0
ASI-00034,Musafirkhana and Honda Santhebennur Davangere,,,,,no_candidates,0
ASI-00035,The Hill Fort and Ruined Palace Uchchangidurga Davangere,,,,,no_candidates,0
ASI-00036,Channakesva Temple Arakere Hassan,,,,,no_candidates,0
ASI-00037,Isvara Temple Arsikere Hassan,,,,,no_candidates,0
ASI-00038,Kesava Temple and Inscriptions Belur Hassan,,,,,low_confidence,21.05263158
ASI-00039,Lakshmi devi Temple Doddgaddavalli Hassan,,,,,no_candidates,0
ASI-00040,Adinatha Basti Halebid Hassan 33 Sl.No. Name of the Monument / Site Locality District,,,,,low_confidence,25.68807339
ASI-00041,Hoysalesvara Temple Halebid Hassan,,,,,no_candidates,0
ASI-00042,Kedaresvara Temple Halebid Hassan,,,,,low_confidence,35.55555556
ASI-00043,Parsvanatha Basti Halebid Hassan,,,,,no_candidates,0
ASI-00044,Santhinatha Basti Halebid Hassan,,,,,no_candidates,0
ASI-00045,Kalyani Hulikere Hassan,,,,,no_candidates,0
ASI-00046,Buchesvara Temple Koravangala Hassan,,,,,no_candidates,0
ASI-00047,Fort and Dungeons Manjarabad Hassan,,,,,no_candidates,0
ASI-00048,Nagesvara and Chennakesava Temple Mosale Hassan,,,,,no_candidates,0
ASI-00049,Lakshminarasimha Temple Nuggehalli Hassan,,,,,no_candidates,0
ASI-00050,Sadashiva Temple Nuggehalli Hassan,,,,,no_candidates,0
ASI-00051,Akkana Basti Sravanabelgola Hassan,,,,,no_candidates,0
ASI-00052,Chandragupta Basti Sravanabelgola Hassan,,,,,no_candidates,0
ASI-00053,Chaundaraya Basti Sravanabelgola Hassan,,,,,no_candidates,0
ASI-00054,Gomatesvara Sravanabelgola Hassan,,,,,no_candidates,0
ASI-00055,Inscriptions Sravanabelgola Hassan,,,,,no_candidates,0
ASI-00056,Parsvanatha Basti Sravanabelgola Hassan,,,,,no_candidates,0
ASI-00057,Ramalingesvara Temples and Inscriptions Avani Kolar,,,,,no_candidates,0
ASI-00058,Haider Ali's Birth Place Budikote Kolar,,,,,no_candidates,0
ASI-00059,Prehistoric Site Hunkunda Kolar,,,,,no_candidates,0
ASI-00060,Kolaramma Temple Kolar Kolar,,,,,no_candidates,0
ASI-00061,Somesvara Temple Kolar Kolar,,,,,no_candidates,0
ASI-00062,Mokhbara (Mausoleum of Haider Ali's Kolar Kolar Father),,,,,no_candidates,0
ASI-00063,Ancient Jaina Vestiges Aratipura Mandya (Kulagere),,,,,no_candidates,0
ASI-00064,Mallikarjuna Temple Basaral Mandya,,,,,no_candidates,0
ASI-00065,Panchlingesvara Temple Govindanahalli Mandya,,,,,no_candidates,0
ASI-00066,Lakshminarayana Temple Hosaholalu Mandya,,,,,no_candidates,0
ASI-00067,Panchakuta Basti Kambadahalli Mandya,,,,,no_candidates,0
ASI-00068,LakshminarasihmaTemple Marehalli Mandya,,,,,no_candidates,0
ASI-00069,Narayanaswami Temple Melkote Mandya,,,,,no_candidates,0
ASI-00070,Kesava Temple Nagamangala Mandya,,,,,no_candidates,0
ASI-00071,Lakshminarayana Temple Sindhaghatta Mandya,,,,,no_candidates,0
ASI-00072,Ancient Palace site Srirangapatna Mandya,,,,,no_candidates,0
ASI-00073,Colonel Bailey's Dungeon Srirangapatna Mandya,,,,,no_candidates,0
ASI-00074,Daria Daulat Bagh Srirangapatna Mandya,,,,,no_candidates,0
ASI-00075,Gumbaz containing tomb of Tipu Sultan Srirangapatna Mandya,,,,,no_candidates,0
ASI-00076,Jumma Masjid Srirangapatna Mandya,,,,,no_candidates,0
ASI-00077,Obelisk Monuments and Fort walls near the Srirangapatna Mandya Breach,,,,,no_candidates,0
ASI-00078,Spot where Tipu's Body was found Srirangapatna Mandya,,,,,no_candidates,0
ASI-00079,Sri Kanthirava Statue in Narasimha Temple Srirangapatna Mandya,,,,,no_candidates,0
ASI-00080,Sri Ranganathasvami Temple Srirangapatna Mandya,,,,,no_candidates,0
ASI-00081,T. Innman's Dungeon Srirangapatna Mandya 34 Sl.No. Name of the Monument / Site Locality District,,,,,no_candidates,0
ASI-00082,Temples Tonnur Mandya,,,,,no_candidates,0
ASI-00083,Sidlu Mallikarjuna Temple Bettadapur Mysuru,,,,,no_candidates,0
ASI-00084,Prehistoric Site Kittur Mysuru,,,,,low_confidence,22.72727273
ASI-00085,Lakshmikantha Swamy Temple Mullur Mysuru,,,,,no_candidates,0
ASI-00086,Srikantesvara Temple Nanjangud Mysuru,,,,,no_candidates,0
ASI-00087,Kesava Temple Somanathapur Mysuru,,,,,no_candidates,0
ASI-00088,Kirtinarayana Temple Talakadu Mysuru,,,,,no_candidates,0
ASI-00089,Vaidyeswara Temple Talakadu Mysuru,,,,,no_candidates,0
ASI-00090,Prehistoric Site Savandurga Ramnagara,,,,,no_candidates,0
ASI-00091,Anekal Temple Bandalike Shivamogga,,,,,no_candidates,0
ASI-00092,Somesvara Temple Bandalike Shivamogga,,,,,no_candidates,0
ASI-00093,Trimurthinarayana Temple Bandalike Shivamogga,,,,,no_candidates,0
ASI-00094,Devaganga Ponds Basavanabyane Shivamogga,,,,,no_candidates,0
ASI-00095,Bherundesvara Temple Belligavi Shivamogga,,,,,no_candidates,0
ASI-00096,Kedaresvara Temple Belligavi Shivamogga,,,,,no_candidates,0
ASI-00097,Tripurantesvara Temple Belligavi Shivamogga,,,,,no_candidates,0
ASI-00098,Somanatha Swamy Temple Belligavi Shivamogga,,,,,no_candidates,0
ASI-00099,Fortress and Renuka Temple Chandragutti Shivamogga,,,,,no_candidates,0
ASI-00100,Bastis and Inscriptions Humcha Shivamogga,,,,,no_candidates,0
ASI-00101,Aghoresvara Temple Ikkeri Shivamogga,,,,,no_candidates,0
ASI-00102,Fort Kavaledurga Shivamogga,,,,,no_candidates,0
ASI-00103,Ramesvara Temple Keladi Shivamogga,,,,,low_confidence,35.05154639
ASI-00104,Kaitabesvara Temple Kubattur Shivamogga,,,,,no_candidates,0
ASI-00105,Parshvanatha Basadi Kubattur Shivamogga,,,,,no_candidates,0
ASI-00106,Rameswara Temple Kubattur Shivamogga,,,,,low_confidence,34.04255319
ASI-00107,Rameswara Temple Kudli Shivamogga,,,,,no_candidates,0
ASI-00108,Temples and Inscriptions Kuppagadde Shivamogga,,,,,no_candidates,0
ASI-00109,Inscribed Pillar Malavalli Shivamogga,,,,,no_candidates,0
ASI-00110,Jaina Basti with Brahmadeva Pillar Melagi Shivamogga,,,,,no_candidates,0
ASI-00111,Mallikarjuna & Ramesvara Group of Temple Nadkalsi Shivamogga,,,,,no_candidates,0
ASI-00112,Palace site outside Fort Nagar Shivamogga,,,,,no_candidates,0
ASI-00113,Shivappa Naik's Fort Nagar Shivamogga,,,,,no_candidates,0
ASI-00114,Inscibed Pillar Talagunda Shivamogga,,,,,no_candidates,0
ASI-00115,Pranavesvara Temple Talagunda Shivamogga,,,,,no_candidates,0
ASI-00116,Stamba in front of Kotakeri Jain Basti Bappanad South Kanara,,,,,no_candidates,0
ASI-00117,Sultan Battery Boloor South Kanara,,,,,no_candidates,0
ASI-00118,Mangaladevi Temple Mangaluru South Kanara,,,,,no_candidates,0
ASI-00119,Jamlabad Fort Nada and Laila South Kanara,,,,,no_candidates,0
ASI-00120,Temples and Inscriptions Udri South Kanara,,,,,no_candidates,0
ASI-00121,Channigaraya Temple Aralaguppe Tumakuru,,,,,no_candidates,0
ASI-00122,Fort Madhugiri Tumakuru,,,,,no_candidates,0
ASI-00123,Onenakesava Temple Nagalapura Tumakuru,,,,,no_candidates,0
ASI-00124,Kedaresvara temple Nagalapura Tumakuru,,,,,no_candidates,0
ASI-00125,Jumma Masjid Sira Tumakuru 35 Sl.No. Name of the Monument / Site Locality District,,,,,no_candidates,0
ASI-00126,Mallik Rihan Darga Sira Tumakuru,,,,,low_confidence,15.94202899
ASI-00127,Kathale Basti consisting of two small ruined Hosale Udupi stone built Jaina mandapas,,,,,no_candidates,0
ASI-00128,Anantapadmanabha Temple with Karkal Udupi ancient'Dalans' in ruins around excluding the Chandra Shala buildings in front of the West Side,,,,,no_candidates,0
ASI-00129,Chaturmukha Temple Karkal Udupi,,,,,no_candidates,0
ASI-00130,Jain statue of Gomateshwar at Karkal Karkal Udupi,,,,,no_candidates,0
ASI-00131,Great Manastambha at Hiriyangadi Karkal Udupi (otherwise called Haliyangadi),,,,,no_candidates,0
ASI-00132,Inner Courtyard of the Chowtar's Palace at Marpadi Udupi Mudabidri,,,,,no_candidates,0
ASI-00133,Jaina tombs at Mudabidri Prantya Udupi Dharwad Circle Sl.No. Name of the Monument / Site Locality District,,,,,no_candidates,0
ASI-00001,Ambiger Gudi (1) Aihole Bagalkot,,,,,no_candidates,0
ASI-00002,Ambiger Gudi (2) Aihole Bagalkot,,,,,no_candidates,0
ASI-00003,A temple of Galganath Group Aihole Bagalkot,,,,,no_candidates,0
ASI-00004,A temple of Galganath Group Aihole Bagalkot,,,,,no_candidates,0
ASI-00005,A temple Galganath Group Aihole Bagalkot,,,,,no_candidates,0
ASI-00006,A temple of Galganath Group Aihole Bagalkot,,,,,no_candidates,0
ASI-00007,A temple of Galganath Group Aihole Bagalkot,,,,,no_candidates,0
ASI-00008,Badiger Gudi Aihole Bagalkot,,,,,no_candidates,0
ASI-00009,Basavanna Aihole Bagalkot,,,,,no_candidates,0
ASI-00010,Bhoyargudi Aihole Bagalkot,,,,,no_candidates,0
ASI-00011,Bilegudi Aihole Bagalkot,,,,,no_candidates,0
ASI-00012,Charanti Math (Murphadryavargudi) Aihole Bagalkot,,,,,no_candidates,0
ASI-00013,Charanti Math (Murphadryavargudi) Aihole Bagalkot,,,,,no_candidates,0
ASI-00014,Desayargudi Aihole Bagalkot,,,,,no_candidates,0
ASI-00015,Dolmens Aihole Bagalkot,,,,,no_candidates,0
ASI-00016,Galganath temple Aihole Bagalkot,,,,,no_candidates,0
ASI-00017,Gardigudi Aihole Bagalkot,,,,,no_candidates,0
ASI-00018,Gavdargudi Aihole Bagalkot,,,,,no_candidates,0
ASI-00019,Gavdargudi Aihole Bagalkot,,,,,no_candidates,0
ASI-00020,GavdaI shwargudi Aihole Bagalkot,,,,,no_candidates,0
ASI-00021,The Great Durga Temple Aihole Bagalkot,,,,,no_candidates,0
ASI-00022,The Huchhimalli Gudi in Sy.No 64 Aihole Bagalkot,,,,,no_candidates,0
ASI-00023,Ishwar Aihole Bagalkot,,,,,no_candidates,0
ASI-00024,Ishwarling Aihole Bagalkot,,,,,no_candidates,0
ASI-00025,Ishwarling Aihole Bagalkot,,,,,no_candidates,0
ASI-00026,Ishwarling Aihole Bagalkot,,,,,no_candidates,0
ASI-00027,Ishwarling (no local name) Aihole Bagalkot 36 Sl.No. Name of the Monument / Site Locality District,,,,,no_candidates,0
ASI-00028,The Jain Temple of Meguti Aihole Bagalkot,,,,,no_candidates,0
ASI-00029,Jotirling Temple Aihole Bagalkot,,,,,no_candidates,0
ASI-00030,Karegudi Aihole Bagalkot,,,,,no_candidates,0
ASI-00031,Kintgudi Aihole Bagalkot,,,,,no_candidates,0
ASI-00032,Maddingudi (Basavanna) Aihole Bagalkot,,,,,no_candidates,0
ASI-00033,Maddingudi (Basavanna) Aihole Bagalkot,,,,,no_candidates,0
ASI-00034,Yogi narayan Temple Aihole Bagalkot,,,,,no_candidates,0
ASI-00035,Matha or Hall just behind the last without a Aihole Bagalkot shrine,,,,,no_candidates,0
ASI-00036,Mena Basti (Jain Cave ) Aihole Bagalkot,,,,,no_candidates,0
ASI-00037,No name,,,,,no_candidates,0
ASI-00038,No name close to no.99 Aihole Bagalkot,,,,,low_confidence,25
ASI-00039,Rachigudi Aihole Bagalkot,,,,,no_candidates,0
ASI-00040,Ramling Temple Aihole Bagalkot,,,,,low_confidence,25.92592593
ASI-00041,Ravan Phadi (Brahmanical cave) Aihole Bagalkot,,,,,no_candidates,0
ASI-00042,Small temple to south-west of the Great Aihole Bagalkot Durga Temple,,,,,low_confidence,22.5
ASI-00043,Temple adjoining Konti Gudi on west side Aihole Bagalkot and inscription tablet within the temple,,,,,no_candidates,0
ASI-00044,The temple adjoining Konti Gudi on South- Aihole Bagalkot West side,,,,,no_candidates,0
ASI-00045,Temple and adjoining smaller buildings in Aihole Bagalkot Survey No. 66,,,,,no_candidates,0
ASI-00046,Temple close beside last (The last two are in Aihole Bagalkot fields 1 or 285 or both),,,,,no_candidates,0
ASI-00047,Temple in village close to that of LadKhan to Aihole Bagalkot its north-east corner,,,,,no_candidates,0
ASI-00048,Temples in fields a short distance from the Aihole Bagalkot north-west corner of village,,,,,no_candidates,0
ASI-00049,Temple in Survey No. 270 owned by Aihole Bagalkot Huchhappaya,,,,,no_candidates,0
ASI-00050,The temple of Ladkhan Aihole Bagalkot,,,,,no_candidates,0
ASI-00051,Temple on the north of the last Aihole Bagalkot,,,,,no_candidates,0
ASI-00052,Temple with front white washed with a large Aihole Bagalkot Nandi in the Hall (about 100yards west of the south -west gate way of the town),,,,,no_candidates,0
ASI-00053,Tryambakeshawar temple (black marble Aihole Bagalkot Ishwarling),,,,,no_candidates,0
ASI-00054,The two- storied Jain temple and cave on hill Aihole Bagalkot under Meguti,,,,,no_candidates,0
ASI-00055,Virbhadradever temple Aihole Bagalkot,,,,,no_candidates,0
ASI-00056,Veniavar Gudi Aihole Bagalkot,,,,,no_candidates,0
ASI-00057,Veniavar Gudi Aihole Bagalkot,,,,,no_candidates,0
ASI-00058,VeniavarGudi Aihole Bagalkot,,,,,no_candidates,0
ASI-00059,Yanniavar Gudi Aihole Bagalkot,,,,,no_candidates,0
ASI-00060,Old Gate Amingad village Bagalkot,,,,,no_candidates,0
ASI-00061,Stone bearing an Inscription Arshibidi (Gudur) Bagalkot,,,,,no_candidates,0
ASI-00062,Stone bearing an Inscription Arshibidi (Gudur) Bagalkot,,,,,no_candidates,0
ASI-00063,Stone bearing an Inscription Arshibidi (Gudur) Bagalkot,,,,,no_candidates,0
ASI-00064,The Bhutnath group of temples on the east Badami Bagalkot margin of the tank,,,,,no_candidates,0
ASI-00065,The group of temples on the north side of the Badami Bagalkot lake towards the east end 37 Sl.No. Name of the Monument / Site Locality District,,,,,no_candidates,0
ASI-00066,Lakutisa temple immediately behind the Badami Bagalkot Bhutnath group,,,,,no_candidates,0
ASI-00067,The Jain and Vaishnava Caves Badami Bagalkot,,,,,no_candidates,0
ASI-00068,Large seated image,,,,,no_candidates,0
ASI-00069,Rock Shelter locally known as sidalephadi Badami Bagalkot together with adjacent land comprised in part of survey plot no.534,,,,,no_candidates,0
ASI-00070,Sculptures on the Rock Behind the Above Badami Bagalkot,,,,,no_candidates,0
ASI-00071,The south fort and the old gun Badami Bagalkot,,,,,no_candidates,0
ASI-00072,Temple on the knoll under the bastion of the Badami Bagalkot north fort,,,,,no_candidates,0
ASI-00073,The north fort and temples Badami Bagalkot,,,,,no_candidates,0
ASI-00074,Hermitage in the natural cavern to the east of Badami Bagalkot the lake,,,,,no_candidates,0
ASI-00075,The whole length of the remains of the Badami Bagalkot ancient Chalukyan City walls including moat and moat walls and all ancient gates and ancient dam forming the western boundary of the Bhutnath tank,,,,,no_candidates,0
ASI-00076,Inscriptions Belur Bagalkot,,,,,no_candidates,0
ASI-00077,Kalika Bhavani temple Bevoor Bagalkot,,,,,no_candidates,0
ASI-00078,Narayandev temple Bevoor Bagalkot,,,,,no_candidates,0
ASI-00079,Rameshwar temple Bevoor Bagalkot,,,,,no_candidates,0
ASI-00080,Inscriptions Bhairanmatti Bagalkot,,,,,no_candidates,0
ASI-00081,Old temple now partly buried to the right side Cholachgud Bagalkot of the main entrance to the modern Banshankri temple,,,,,no_candidates,0
ASI-00082,Old temple with all adjacent ancient Cholachgud Bagalkot structures - gateways to the left side of the entrance to the modern Banshankri temple,,,,,no_candidates,0
ASI-00083,Tank with colonnades at Banashankari Cholachgud Bagalkot,,,,,no_candidates,0
ASI-00084,"An old Jain temple on top of a hill locally Hallur Bagalkot known as ""Melgudi""",,,,,low_confidence,17.39130435
ASI-00085,"Vishveshwar temple in the village with two big Hallur Bagalkot "" Dwarpalas"" probably brought from some other temple and main entrance to the court yard.",,,,,no_candidates,0
ASI-00086,Inscriptions Katgeri Bagalkot,,,,,no_candidates,0
ASI-00087,Nagnath Temple in the Nagnath valley near Nagralsamat Bagalkot Shivayogamandir.,,,,,no_candidates,0
ASI-00088,Inscriptions Nandikeshwar Bagalkot,,,,,no_candidates,0
ASI-00089,Inscriptions Nandwadagi Bagalkot,,,,,no_candidates,0
ASI-00090,Chandrashekhar temple near Sangmeshwar Pattadkal Bagalkot temple and towards its north,,,,,no_candidates,0
ASI-00091,A Dolmen on the south side of the road Pattadkal Bagalkot leading from the village to Badami about a mile to the west.,,,,,no_candidates,0
ASI-00092,Galganath temple on the north of Pattadkal Bagalkot Sangameshwar temple,,,,,no_candidates,0
ASI-00093,The great temple of Virupaxa in use Pattadkal Bagalkot,,,,,no_candidates,0
ASI-00094,The jain temple included in the mission area Pattadkal Bagalkot 38 Sl.No. Name of the Monument / Site Locality District about ¼ of a mile from the village on the west,,,,,no_candidates,0
ASI-00095,Jambulinga temple on the west of Galganath. Pattadkal Bagalkot,,,,,no_candidates,0
ASI-00096,Kadshiddeshwar temple to the north of the Pattadkal Bagalkot last named and on the outside of the north wall of the village,,,,,no_candidates,0
ASI-00097,Kashi Vishveshwar temple close beside and Pattadkal Bagalkot on the north side of Malikarjuna's,,,,,no_candidates,0
ASI-00098,Monolithic stone pillar bearing inscriptions Pattadkal Bagalkot,,,,,no_candidates,0
ASI-00099,The temple of Malikarjuna close to and at the Pattadkal Bagalkot north-west corner of Virupaxa's,,,,,no_candidates,0
ASI-00100,The temple of Papnath at the south-east Pattadkal Bagalkot corner of the village,,,,,no_candidates,0
ASI-00101,The temple of Sangameshwar to the north of Pattadkal Bagalkot Virupaxa's,,,,,no_candidates,0
ASI-00102,Western Chalukya inscription dated Shake Asundi Belagavi 1015 in the temple of Banshankari,,,,,no_candidates,0
ASI-00103,Two inscriptions of Ratta chieftains,,,,,low_confidence,30.3030303
ASI-00104,Kadamba inscription dated Kaliyuga 4282 Bailur Belagavi (lying in the village).,,,,,no_candidates,0
ASI-00105,Old Jain temple outside the Commisariat Belagavi Fort Belagavi store yard but close to it.,,,,,no_candidates,0
ASI-00106,Old Jain temple in the corner of the Belagavi Fort Belagavi Commisariat store yard.,,,,,low_confidence,39.71631206
ASI-00107,Remains of an old Hindu temple near the Belagavi Fort Belagavi barracks.,,,,,no_candidates,0
ASI-00108,Safa Masjid Belagavi Fort Belagavi,,,,,no_candidates,0
ASI-00109,Fragment of a western Chalukya inscription Belavdi Belagavi of Shake 992 in the temple of Virbhadradev.,,,,,no_candidates,0
ASI-00110,Kanarese or Telugu inscription of about the Degalavalli Belagavi 15th century in the old temple of Ishvar.,,,,,no_candidates,0
ASI-00111,Small old temple known as Bastigudi with Degaon Belagavi four Kadamba inscriptions,,,,,no_candidates,0
ASI-00112,Two Kadamba inscriptions dated Kaliyuga Halshi Belagavi 4270 and 4272 in the temple of VarahNarsinh,,,,,no_candidates,0
ASI-00113,Group of temples at Halsi,,,,,no_candidates,0
ASI-00114,Ratta tablet dated Shake 1130 and 1178 in Hannikeri Belagavi the temple of Brahmadev,,,,,no_candidates,0
ASI-00115,Temple of Panchlingdev outside the village Huli Belagavi,,,,,no_candidates,0
ASI-00116,Inscriptions on two pillars in the above temple Huli Belagavi,,,,,no_candidates,0
ASI-00117,Western Chalukya inscription of the time of Kadroli Belagavi Someshvardev II dated shake 997 in the temple of Shankardev,,,,,no_candidates,0
ASI-00118,Ratta inscription dated Shake 1127 in an old Kalloli Belagavi Jain basti.,,,,,no_candidates,0
ASI-00119,Kadamba inscription dated Kaliyuga 4289 in Kittur Belagavi the temple of Basava.,,,,,no_candidates,0
ASI-00120,Three groups of Dolmens Konnur Belagavi 39 Sl.No. Name of the Monument / Site Locality District,,,,,no_candidates,0
ASI-00121,Ratta inscription of Shake 1075 in the temple Konnur Belagavi of Mahalingeshvar.,,,,,no_candidates,0
ASI-00122,Ratta inscription of Shake 1000 and 1043 in a Konnur Belagavi Jain temple in the village,,,,,no_candidates,0
ASI-00123,Ruined temple of perhaps the 11th century Konnur Belagavi,,,,,no_candidates,0
ASI-00124,Inscription against the wall of the temple of Manoli Belagavi Panchlingdev of the yadav king Singhana of Devgiri dated Shake 1145.,,,,,no_candidates,0
ASI-00125,Inscription in the temple of Udachava of Manoli Fort Belagavi Khandhara or Krishna dated Shake 1174,,,,,no_candidates,0
ASI-00126,Inscription of Sadashivdevraya of Vijayanagar Murgod Belagavi in the temple of Malikarjuna,,,,,low_confidence,33.53293413
ASI-00127,An old and typical Jain temple in the Jungle Nandgad Belagavi with fine carving.,,,,,no_candidates,0
ASI-00128,Inscription dated Shake 1141 of the time of Nesargi Belagavi the Ratta chieftain Kartavirya IV in the old temple of Basava.,,,,,no_candidates,0
ASI-00129,Fragment of a Ratta tablet dated Shake 1168 Padli Belagavi in the temple of Narayandev,,,,,no_candidates,0
ASI-00130,Jumma Masjid Sampgaon Belagavi,,,,,no_candidates,0
ASI-00131,Ratta inscription dated Shake 971 and 1010 Saundatti Belagavi and a fragment of another dated Shake 970 in the temple of Ankuseshvar.,,,,,no_candidates,0
ASI-00132,Two inscriptions dated respectively Shake Saundatti Belagavi 797 and 902 in the old Jain temple,,,,,no_candidates,0
ASI-00133,A Silahara inscription of Shake 1078 in the Shedbal Belagavi temple of Basaveshvar,,,,,no_candidates,0
ASI-00134,Ratta inscription at the water fall near the Sogal Belagavi temple of Someshvar dated Shake 902,,,,,no_candidates,0
ASI-00135,Vijayanagar inscription of Krishnaraya dated Ugargol Belagavi Shake 1436 in the temple of Yellamma,,,,,no_candidates,0
ASI-00136,Jain Temple of Mukteshvar Wakkund Belagavi,,,,,no_candidates,0
ASI-00137,Banashankaridevi Amargol Dharwad,,,,,no_candidates,0
ASI-00138,Shankar ling Amargol Dharwad,,,,,no_candidates,0
ASI-00139,Shri Amrateshvar Annigeri Dharwad,,,,,no_candidates,0
ASI-00140,The Two Fort Gates (inner and outer) Dharwad Dharwad,,,,,no_candidates,0
ASI-00141,Basvanna Dev temple Tambur Dharwad,,,,,no_candidates,0
ASI-00142,Chandramanleshvar Unkal Dharwad,,,,,no_candidates,0
ASI-00143,Viragal on land of the Hatagara Mallaraya; Betigeri Gadag also inscribed memorial stones in a walled enclosure in the village. (The collection of stones sixteen in number and enclosed by a mud by wall locally known as Mallarayankatti),,,,,no_candidates,0
ASI-00144,Dodbasappa Temple Dambal Gadag,,,,,no_candidates,0
ASI-00145,Someshwar Temple Dambal Gadag,,,,,no_candidates,0
ASI-00146,Sarasvati Temple Gadag Gadag,,,,,no_candidates,0
ASI-00147,Someshvar Temple Gadag Gadag,,,,,no_candidates,0
ASI-00148,The two stone inscriptions fixed in the wall of Hombal Gadag the Shankarling temple,,,,,no_candidates,0
ASI-00149,Jain Basti Lakkundi Gadag,,,,,no_candidates,0
ASI-00150,Kashivishveshvar Lakkundi Gadag,,,,,no_candidates,0
ASI-00151,Kumbargeri ishvar Lakkundi Gadag,,,,,no_candidates,0
ASI-00152,Mankeshvar at Muskinbhanvi Lakkundi Gadag 40 Sl.No. Name of the Monument / Site Locality District,,,,,no_candidates,0
ASI-00153,Muskin Bhanvi Lakkundi Gadag,,,,,no_candidates,0
ASI-00154,Nagnath near The Jain Temple Lakkundi Gadag,,,,,no_candidates,0
ASI-00155,Naneshvar Lakkundi Gadag,,,,,no_candidates,0
ASI-00156,The stone inscription in side Shankarling Nargund Gadag temple,,,,,no_candidates,0
ASI-00157,Kalmeshvar Balambid Haveri,,,,,no_candidates,0
ASI-00158,Nagareshwra temple or Aravattukambhad Bankapur Haveri Gudi,,,,,no_candidates,0
ASI-00159,Muktheshvar Chavadadanapur Haveri,,,,,no_candidates,0
ASI-00160,Galageshvar Galagnath Haveri,,,,,no_candidates,0
ASI-00161,Old ruined temple between the fort and tank Hangal Haveri with the two sides of a very finely sculptured doorway partly buried in accumulated earth,,,,,no_candidates,0
ASI-00162,Tarakeshvar Hangal Haveri,,,,,no_candidates,0
ASI-00163,Virabhadra Temple in Hangal Fort Hangal Haveri,,,,,low_confidence,33.33333333
ASI-00164,Kaleshwar temple to the north of Someshwar Haralhalli Haveri temple,,,,,no_candidates,0
ASI-00165,Someshvar Temple Harlahalli Haveri,,,,,no_candidates,0
ASI-00166,Shiddeshvar Temple Haveri Haveri,,,,,no_candidates,0
ASI-00167,Temple of Sarveshvar Naregal Haveri,,,,,no_candidates,0
ASI-00168,Kadambeshvar Temple Rattihalli Haveri,,,,,no_candidates,0
ASI-00169,Inscriptions in the Markandeshwar Temple Bailur Uttar Kannada,,,,,no_candidates,0
ASI-00170,Carved bed stead of stone existing in a small Banavasi Uttar Kannada chamber in the south side of the compound of Madhukeshwar Temple,,,,,no_candidates,0
ASI-00171,Madhukeshwar Temple Banavasi Uttar Kannada,,,,,no_candidates,0
ASI-00172,Inscriptions in Madhukeshwar Temple Banavasi Uttar Kannada,,,,,no_candidates,0
ASI-00173,Stones (Viragals) Bedkani Uttar Kannada,,,,,no_candidates,0
ASI-00174,Adke Narayan Devasthan and 2 Others Bhatkal Uttar Kannada (i) Virupaksha Devasthan (ii) Venkatraman Devasthan,,,,,no_candidates,0
ASI-00175,Jattappa Naikan Chandra Natheshwar Basti Bhatkal Uttar Kannada,,,,,no_candidates,0
ASI-00176,Joshi Shakar Narayan Devashtan Bhatkal Uttar Kannada,,,,,no_candidates,0
ASI-00177,Ketpai Narayan Devasthan Bhatkal Uttar Kannada,,,,,no_candidates,0
ASI-00178,Lakars Kamati Narayan Devasthan Bhatkal Uttar Kannada,,,,,no_candidates,0
ASI-00179,Narsinha Devasthan Bhatkal Uttar Kannada,,,,,no_candidates,0
ASI-00180,Paraswanatheshwar Basti Bhatkal Uttar Kannada,,,,,no_candidates,0
ASI-00181,Raghunath Devasthan Bhatkal Uttar Kannada,,,,,no_candidates,0
ASI-00182,Santappa Naik Tirumal Devasthan Bhatkal Uttar Kannada,,,,,no_candidates,0
ASI-00183,Three European Graves Bhatkal Uttar Kannada,,,,,no_candidates,0
ASI-00184,Inscriptions Bilgi Uttar Kannada,,,,,no_candidates,0
ASI-00185,The Jain Basti of Parashwanath Bilgi Uttar Kannada,,,,,no_candidates,0
ASI-00186,A small deserted temple dedicated to Siva,,,,,no_candidates,0
ASI-00187,Virupaksh Temple Bilgi Uttar Kannada,,,,,no_candidates,0
ASI-00188,Virabhadraswami temple together with Gudnapur Uttar Kannada sculptures and inscribed pillar comprising in part of Gramatana,,,,,no_candidates,0
ASI-00189,Basti Chandranath Deva Hadvalli Uttar Kannada,,,,,no_candidates,0
ASI-00190,Carved stones near the temple of the Gram Hosur Uttar Kannada 41 Sl.No. Name of the Monument / Site Locality District deva,,,,,no_candidates,0
ASI-00191,The Figure of a Tiger opposite the English Kumta Uttar Kannada School,,,,,no_candidates,0
ASI-00192,Tombs on the right side of the Manki Kumta Kumta Uttar Kannada road,,,,,no_candidates,0
ASI-00193,Fort Mirjan Uttar Kannada,,,,,no_candidates,0
ASI-00194,Chaturmukh Basti Nagarbasti Keri or Uttar Kannada Gersappa,,,,,no_candidates,0
ASI-00195,Inscriptions Nagarbasti Keri or Uttar Kannada Gersappa,,,,,no_candidates,0
ASI-00196,Vardhaman swami Temple Nagarbasti Keri or Uttar Kannada Gersappa,,,,,no_candidates,0
ASI-00197,Virbhadra Temple Nagarbasti Keri or Uttar Kannada Gersappa,,,,,no_candidates,0
ASI-00198,Temple of Shiva,,,,,no_candidates,0
ASI-00199,The King's Seat Sonda Uttar Kannada,,,,,no_candidates,0
ASI-00200,Temple closes to,,,,,no_candidates,0
ASI-00201,Ancient Hindu temple of Shri Dattatraya Chattarki(Gaotha) Vijayapura,,,,,no_candidates,0
ASI-00202,Inscriptions Hippargi Vijayapura,,,,,low_confidence,47.36842105
ASI-00203,Masjid in the Village site Khatijapur Vijayapura,,,,,no_candidates,0
ASI-00204,All (four) water pavilions Kumatgi Vijayapura,,,,,no_candidates,0
ASI-00205,Water pavilion in Survey No. 318 Kumatgi Vijayapura,,,,,no_candidates,0
ASI-00206,The Badi Kaman including ancient arcades to Mahal Bagayat Vijayapura its east and west sides as well as those recentely discovered and running on either side of the road from Monument (Badi Kaman) to Mustafa Khan’s Masjid,,,,,no_candidates,0
ASI-00207,Small masjid near Afzul Khan's wives’ tombs MahalBagayat Vijayapura,,,,,no_candidates,0
ASI-00208,Fort Walls Navraspur Vijayapura,,,,,no_candidates,0
ASI-00209,Shankarling temple including inscriptions Nimbal Vijayapura,,,,,no_candidates,0
ASI-00210,Shri Ramdev Temple with its compound and Talikot village Vijayapura well,,,,,no_candidates,0
ASI-00211,Aqueduct running from Bhat Bavdi,,,,,no_candidates,0
ASI-00212,Mahal at Ainapur in field Vijayapura Vijayapura,,,,,no_candidates,0
ASI-00213,Afzulkhan’s wives’ tombs Vijayapura Vijayapura,,,,,no_candidates,0
ASI-00214,Afzulkhan's Cenotaph Vijayapura Vijayapura,,,,,no_candidates,0
ASI-00215,Ain-ul-mulk's tomb Vijayapura Vijayapura,,,,,no_candidates,0
ASI-00216,Ali I Rauza Vijayapura Vijayapura,,,,,no_candidates,0
ASI-00217,Ali II Rouza Vijayapura Vijayapura,,,,,no_candidates,0
ASI-00218,Alli Shahid Pir's Masjid Vijayapura Vijayapura,,,,,no_candidates,0
ASI-00219,All old guns on ramparts and in trophy Vijayapura Vijayapura,,,,,no_candidates,0
ASI-00220,The Ambar Kana Vijayapura Vijayapura,,,,,no_candidates,0
ASI-00221,The Andu Masjid Vijayapura Vijayapura,,,,,no_candidates,0
ASI-00222,Asar Mahal Vijayapura Vijayapura,,,,,no_candidates,0
ASI-00223,Batula Khan’s Masjid Vijayapura Vijayapura,,,,,no_candidates,0
ASI-00224,Bukhari Masjid Vijayapura Vijayapura,,,,,no_candidates,0
ASI-00225,The Chand Bavri Vijayapura Vijayapura,,,,,no_candidates,0
ASI-00226,Chhoti Asar Mosque Vijayapura Vijayapura,,,,,no_candidates,0
ASI-00227,Chinch Didi Masjid Vijayapura Vijayapura,,,,,no_candidates,0
ASI-00228,Dakhani Idgah Vijayapura Vijayapura 42 Sl.No. Name of the Monument / Site Locality District,,,,,no_candidates,0
ASI-00229,The dam of the Ramling Tank of length about Vijayapura Vijayapura 1,,,,,no_candidates,0
ASI-00230,The Gagan Mahal Vijayapura Vijayapura,,,,,no_candidates,0
ASI-00231,Dhaiwadi Masjid near Allapur gate Vijayapura Vijayapura,,,,,no_candidates,0
ASI-00232,The gates and walls of city & citadels Vijayapura Vijayapura,,,,,no_candidates,0
ASI-00233,The Gol Gumbaz Vijayapura Vijayapura,,,,,no_candidates,0
ASI-00234,The Grave of Aurangzaeb's wife in The Vijayapura Vijayapura Navbag.,,,,,no_candidates,0
ASI-00235,The Green Stone Tomb Vijayapura Vijayapura,,,,,no_candidates,0
ASI-00236,The Gumat Baori Vijayapura Vijayapura,,,,,no_candidates,0
ASI-00237,Haji Hasan Saheb's tomb Vijayapura Vijayapura,,,,,no_candidates,0
ASI-00238,Hasan Guljar's tomb with marble tomb stone Vijayapura Vijayapura near Ramling Tank,,,,,no_candidates,0
ASI-00239,Hyder (Upli) Buruj Vijayapura Vijayapura,,,,,no_candidates,0
ASI-00240,Hyderkhan's Tomb Vijayapura Vijayapura,,,,,no_candidates,0
ASI-00241,Ibrahim I Jami Masjid Vijayapura Vijayapura,,,,,no_candidates,0
ASI-00242,Ikhalas Khan's Mosque Vijayapura Vijayapura,,,,,no_candidates,0
ASI-00243,Jahan Begam’s Tomb Vijayapura Vijayapura,,,,,no_candidates,0
ASI-00244,The Jalamandir Vijayapura Vijayapura,,,,,no_candidates,0
ASI-00245,The Jod Gumbaz Vijayapura Vijayapura,,,,,no_candidates,0
ASI-00246,The Juma Masjid Vijayapura Vijayapura,,,,,no_candidates,0
ASI-00247,The Kamarkhi Gumbaz Vijayapura Vijayapura,,,,,no_candidates,0
ASI-00248,The Ibrahim Rouza Vijayapura Vijayapura,,,,,no_candidates,0
ASI-00249,Karim-Uddin's Mosque Vijayapura Vijayapura,,,,,no_candidates,0
ASI-00250,The Makka Masjid Vijayapura Vijayapura,,,,,no_candidates,0
ASI-00251,The Mihtari Mahal Vijayapura Vijayapura,,,,,no_candidates,0
ASI-00252,The Moats of the City wall Vijayapura Vijayapura,,,,,no_candidates,0
ASI-00253,The Mosque at the Gol Gumbaz Vijayapura Vijayapura,,,,,no_candidates,0
ASI-00254,Mosque No 21 behind the Chanda Bavri Vijayapura Vijayapura,,,,,no_candidates,0
ASI-00255,Mosque No 213 Vijayapura Vijayapura,,,,,no_candidates,0
ASI-00256,Mosque No 366 Vijayapura Vijayapura,,,,,no_candidates,0
ASI-00257,Moti Darga Vijayapura Vijayapura,,,,,no_candidates,0
ASI-00258,The Mubarak-Khan's Mahal Vijayapura Vijayapura,,,,,no_candidates,0
ASI-00259,The Mulla Mosque Vijayapura Vijayapura,,,,,no_candidates,0
ASI-00260,Mustafa Khan's Mosque Vijayapura Vijayapura,,,,,no_candidates,0
ASI-00261,Nan Gumbaz Vijayapura Vijayapura,,,,,no_candidates,0
ASI-00262,Nitya Navari tomb and Masjid near Moti Vijayapura Vijayapura Masjid,,,,,no_candidates,0
ASI-00263,Old Mosque No 294 Vijayapura Vijayapura,,,,,no_candidates,0
ASI-00264,A Ruined gateway with inscription slab no. Vijayapura Vijayapura 127,,,,,no_candidates,0
ASI-00265,The Sat Mazli Vijayapura Vijayapura,,,,,no_candidates,0
ASI-00266,Shaha Navazkhan's tomb Vijayapura Vijayapura,,,,,no_candidates,0
ASI-00267,Shikandar Shah's Tomb Vijayapura Vijayapura,,,,,no_candidates,0
ASI-00268,The Small pavilion in front of The Arash Vijayapura Vijayapura Mahal 43 Sl.No. Name of the Monument / Site Locality District,,,,,no_candidates,0
ASI-00269,A Small Tomb No 47 Vijayapura Vijayapura,,,,,no_candidates,0
ASI-00270,The Sonheri Masjid Vijayapura Vijayapura,,,,,no_candidates,0
ASI-00271,Tomb of Pir Shaikh Hamid Khadir Vijayapura Vijayapura,,,,,no_candidates,0
ASI-00272,Tomb No 22 on the western bank of Vijayapura Vijayapura Chandabavdi,,,,,no_candidates,0
ASI-00273,Tomb No 48 Vijayapura Vijayapura,,,,,no_candidates,0
ASI-00274,The two different moats of the citadel locally Vijayapura Vijayapura known as Arquilla,,,,,no_candidates,0
ASI-00275,The Water Pavilions Vijayapura Vijayapura,,,,,no_candidates,0
ASI-00276,Water pavilion to the south of the church in Vijayapura Vijayapura the arquilla,,,,,no_candidates,0
ASI-00277,Water towers Nos. 61,,,,,low_confidence,56.33802817
ASI-00278,Well at Ibrahimpur Vijayapura Vijayapura,,,,,no_candidates,0
ASI-00279,Yakub Dabuli's Mosque and tomb No. 204 Vijayapura Vijayapura,,,,,no_candidates,0
ASI-00280,Yasuf's old Jami Masjid Vijayapura Vijayapura,,,,,no_candidates,0
ASI-00281,The Zanjiri or Malik Jahan Begam's Mosque Vijayapura Vijayapura,,,,,no_candidates,0
ASI-00282,The Sangat and Nari Mahals at Torweh Vijayapura Vijayapura Hampi Circle Sl.No. Name of the Monument / Site Locality District,,,,,no_candidates,0
ASI-00001,Kalleswara Swami Temple Ambali Bellary,,,,,no_candidates,0
ASI-00002,Hampi Ruins and Ananthasayana Temple Ananthasayanagudi Bellary,,,,,no_candidates,0
ASI-00003,Kalleswara Swami Temple Anguru Bellary,,,,,no_candidates,0
ASI-00004,Tipu Sultan's Upper Fort and Citadel and Bellary Bellary Nagalacheruva,,,,,no_candidates,0
ASI-00005,Group of Jain Temples on the Hemakutahill Hampi Bellary,,,,,no_candidates,0
ASI-00006,Kadalekalu Ganesa Temple Hampi Bellary,,,,,no_candidates,0
ASI-00007,Monolithic Bull Hampi Bellary,,,,,no_candidates,0
ASI-00008,Sasvikal Ganesa Temple Hampi Bellary,,,,,no_candidates,0
ASI-00009,Vishnupad Temple Hampi Bellary,,,,,no_candidates,0
ASI-00010,Virupaksha Temple and Bazar Hampi Bellary,,,,,no_candidates,0
ASI-00011,Kalleswara Swami Temple Hire-Hyadagalli Bellary,,,,,no_candidates,0
ASI-00012,Kalleswara Swami Temple Huvina Hadagalli Bellary,,,,,no_candidates,0
ASI-00013,Band tower in Danniak's enclosure Kamalapuram Bellary,,,,,no_candidates,0
ASI-00014,Basement of a Large Ruined building Kamalapuram Bellary opposite to Muhammadan Mosque and also the Platform Northeast of Dannlak's enclosure,,,,,no_candidates,0
ASI-00015,Basement of a Palace near small Kamalapuram Bellary underground shrine chamber,,,,,no_candidates,0
ASI-00016,Basement of a Palace in Dannaika's Kamalapuram Bellary enclosure,,,,,no_candidates,0
ASI-00017,Basement of Queen's Palace in Zanana Kamalapuram Bellary enclosure,,,,,no_candidates,0
ASI-00018,Bhima's Gateway to East of Ganigiti Jain Kamalapuram Bellary Temple 44 Sl.No. Name of the Monument / Site Locality District,,,,,no_candidates,0
ASI-00019,Bhojansala of Pilgrims Feeding Place near Kamalapuram Bellary the Octagonal Pavilion on the Hampiroad,,,,,no_candidates,0
ASI-00020,Chanderasekara Temple Kamalapuram Bellary,,,,,no_candidates,0
ASI-00021,Domed Gateway to the East of the Citadel Kamalapuram Bellary,,,,,no_candidates,0
ASI-00022,(i) Elephant's Stable Kamalapuram Bellary (ii) Guards House close to Elephant's Stable,,,,,no_candidates,0
ASI-00023,(i) Hazara Ramachandra Temple Kamalapuram Bellary (ii) Basement of King's Audience Hall (iii) Throne Platform,,,,,no_candidates,0
ASI-00024,Jain temple with inscriptions North East of Kamalapuram Bellary Elephant's Stable,,,,,no_candidates,0
ASI-00025,Gnanagitte Jaina Temple Kamalapuram Bellary,,,,,no_candidates,0
ASI-00026,Large Public Bath or Tank Kamalapuram Bellary,,,,,no_candidates,0
ASI-00027,(i) Large Stone Trough,,,,,no_candidates,0
ASI-00028,Large Underground Temple Kamalapuram Bellary,,,,,no_candidates,0
ASI-00029,Lotus Mahal Pavilion Kamalapuram Bellary,,,,,no_candidates,0
ASI-00030,Mosque in Dannaik's enclosure Kamalapuram Bellary,,,,,no_candidates,0
ASI-00031,Muhammadan tomb & Dargah on the Road to Kamalapuram Bellary Hospet from Kamalapuram,,,,,no_candidates,0
ASI-00032,Muhammadan Watch tower in Dannaik's Kamalapuram Bellary Enclosure,,,,,no_candidates,0
ASI-00033,North Watch Tower in the Zenana Enclosure Kamalapuram Bellary,,,,,no_candidates,0
ASI-00034,Octagonal Bath Kamalapuram Bellary,,,,,no_candidates,0
ASI-00035,Octagonal Water Pavilion Kamalapuram Bellary,,,,,no_candidates,0
ASI-00036,Old Water Supply Scheme Kamalapuram Bellary,,,,,no_candidates,0
ASI-00037,Pattabhirama Temple Kamalapuram Bellary,,,,,no_candidates,0
ASI-00038,Queen's Bath Kamalapuram Bellary,,,,,low_confidence,30.43478261
ASI-00039,Ruined Bulidings of Minor Importance Kamalapuram Bellary,,,,,no_candidates,0
ASI-00040,Ruined Car Street in Front of Hasara Rama Kamalapuram Bellary Temple,,,,,low_confidence,23.91304348
ASI-00041,Ruined Tank to Northeast of Pattabhirama Kamalapuram Bellary Temple,,,,,no_candidates,0
ASI-00042,Southeast Watch tower in Zenana Enclosre Kamalapuram Bellary,,,,,low_confidence,22.22222222
ASI-00043,Two Pillars and Group of Mortar Wheels Kamalapuram Bellary Outside Zenana Enclosure,,,,,no_candidates,0
ASI-00044,Two small Siva Temples with inscriptions to Kamalapuram Bellary the east of Pattabhirama Temple,,,,,no_candidates,0
ASI-00045,(i) Water Pavilion in Zenana Enclosure Kamalapuram Bellary (ii) Guards House in Zenana Enclosure (iii) Walls and Gateways of the Zenana Enclosure (iv) Ranga Temple,,,,,no_candidates,0
ASI-00046,Water Tower of the city of Vijayanagar Kamalapuram Bellary,,,,,no_candidates,0
ASI-00047,Group of Sati Memorials & Isnidikeswara Kederampura Bellary 45 Sl.No. Name of the Monument / Site Locality District Temple,,,,,no_candidates,0
ASI-00048,Saraswati Temple Kederampura Bellary,,,,,no_candidates,0
ASI-00049,Krishna Temple Krishnapuram Bellary,,,,,no_candidates,0
ASI-00050,Linga Temple near Narsimha Statue Krishnapuram Bellary Badavilinga Temple,,,,,no_candidates,0
ASI-00051,Narasimha Statue Krishnapuram Bellary,,,,,no_candidates,0
ASI-00052,Prehistoric Anthropomorphic Figure Kumati Bellary,,,,,no_candidates,0
ASI-00053,Mallikarjuna Temple Kuruvatti Bellary,,,,,no_candidates,0
ASI-00054,Suryanarayana Temple Magala Bellary,,,,,no_candidates,0
ASI-00055,Kalleswarswamy Temple Mailara Bellary,,,,,no_candidates,0
ASI-00056,Soolai Well Malapannanagudi Bellary,,,,,no_candidates,0
ASI-00057,Inscriptions of Ashoka (Rock Edicts) Nittur Bellary,,,,,no_candidates,0
ASI-00058,Narasimha Swami Temple Rangapuram Bellary,,,,,no_candidates,0
ASI-00059,Parvati & Kartikeya Temples Sandur Bellary,,,,,no_candidates,0
ASI-00060,Saraswathy Temple Singanathana Halli Bellary,,,,,no_candidates,0
ASI-00061,Gopala Krishnaswami Temple Thimmalapur Bellary,,,,,no_candidates,0
ASI-00062,Siva's Temple Thimmalapur Bellary,,,,,no_candidates,0
ASI-00063,Ashokan Inscriptions (Rock Edicts) Udeogolam Bellary,,,,,no_candidates,0
ASI-00064,Achyutaraya (Triuvengalantha) Temple Venkatapuram Bellary,,,,,no_candidates,0
ASI-00065,Fort Gateway on the Talarigattu Road Venkatapuram Bellary,,,,,no_candidates,0
ASI-00066,Inscribed Vishnu Temple near Vitthala Venkatapuram Bellary Temple,,,,,no_candidates,0
ASI-00067,Jain Temple on the Hillside close to Vishnu Venkatapuram Bellary Temple,,,,,no_candidates,0
ASI-00068,Mandapa in a Field close to Talarigattu Road Venkatapuram Bellary,,,,,no_candidates,0
ASI-00069,Raghunatha Swami Temple Venkatapuram Bellary,,,,,no_candidates,0
ASI-00070,Ruined Tank Adjoining the Soolai Bazaar Venkatapuram Bellary,,,,,no_candidates,0
ASI-00071,Two Storeyed Mandapa Venkatapuram Bellary,,,,,no_candidates,0
ASI-00072,Vishnu Temple No.I close to north end of Venkatapuram Bellary Soolai Bazaar,,,,,no_candidates,0
ASI-00073,Vishnu Temple No.II close to the last Venkatapuram Bellary,,,,,no_candidates,0
ASI-00074,Vishnu Temple No.III facing South Gateway Venkatapuram Bellary of Vittala Temple,,,,,no_candidates,0
ASI-00075,(i) Vittala Temple,,,,,no_candidates,0
ASI-00076,Baihmani Tombs Ashtur Bidar,,,,,no_candidates,0
ASI-00077,Barid Shahi Tombs Bidar Bidar,,,,,no_candidates,0
ASI-00078,Bidar Fort Bidar Bidar,,,,,no_candidates,0
ASI-00079,Madrasa Mahmud Gawan Bidar Bidar,,,,,no_candidates,0
ASI-00080,Gulbargo Fort and Great Mosque in the fort Kalaburagi Kalaburagi,,,,,no_candidates,0
ASI-00081,Hafth Gumbad Tomb of Firoz shah Kalaburagi Kalaburagi 46 Sl.No. Name of the Monument / Site Locality District,,,,,no_candidates,0
ASI-00082,Ancient excavated site containing remains of Kanaganahali Kalaburagi Buddhist stupa,,,,,no_candidates,0
ASI-00083,Ancient Site Udchan(Also known Kalaburagi as Urchan),,,,,no_candidates,0
ASI-00084,Pre-Historic Site Hirebenakal Koppal (benkal),,,,,low_confidence,27.11864407
ASI-00085,Mahadev Temple Ittagi Koppal,,,,,no_candidates,0
ASI-00086,Ancient Mound Koppal Koppal,,,,,no_candidates,0
ASI-00087,Rock edicts of Asoka on two hillocks known Koppal Koppal as Gavimath and Palkigundu,,,,,no_candidates,0
ASI-00088,Ancient Mound Maski Raichur,,,,,no_candidates,0
ASI-00089,Maski Asokan Edict Maski Raichur,,,,,no_candidates,0
ASI-00090,Pre-Historic Site Evathalli Yadagir (Vibhutihalli),,,,,no_candidates,0
ASI-00091,Pre-Historic Site Rajankallur Yadagir,,,,,no_candidates,0
ASI-00013,List of Centrally Protected Monuments / Sites under the jurisdiction of Kerala (Thrissur Circle) Sl.No. Name of the Monument / Site Locality District,,,,,no_candidates,0
ASI-00001,Mural Paintings (16-17th Century) on the Kochi Ernakulam walls of the Mattanchery Palace,,,,,no_candidates,0
ASI-00002,St. Francis Church Kochi Ernakulam,,,,,no_candidates,0
ASI-00003,Fort St. Angelo Kannur Kannur,,,,,no_candidates,0
ASI-00004,Tellicherry Fort Thalassery Kannur,,,,,no_candidates,0
ASI-00005,Bekal Fort Pallikere Kasargod,,,,,no_candidates,0
ASI-00006,Palghat (Palakkad) Fort (Yakkaradesam) Palakkad Palakkad,,,,,no_candidates,0
ASI-00007,Siva temple at Netrimangalam Pattambi Palakkad,,,,,no_candidates,0
ASI-00008,Remains of fort Thangassery Kollam,,,,,no_candidates,0
ASI-00009,Anjengo Fort Anjengo Thiruvananthapu- (Anchuthengu) ram,,,,,no_candidates,0
ASI-00010,Temples of Parasurama,,,,,no_candidates,0
ASI-00011,Rock cut cave together with adjacent area Vizhinjam Thiruvananthapu- comprised in survey plot nos. 402/10A-36/6 ram and 402/10A-35/7,,,,,no_candidates,0
ASI-00012,Siva templecomplex together with adjacent Chemmanthitta Thrissur area comprised in survey plot nos. 131/6,,,,,no_candidates,0
ASI-00013,29 Wooden Bracket Images on the outer wall Kadavallur Thrissur of the Srikoil of the Vishnu Temple at Kadavallur and other works of art in the same shrine 47 Sl.No. Name of the Monument / Site Locality District,,,,,no_candidates,0
ASI-00014,Siva Temple complex,,,,,no_candidates,0
ASI-00015,Mural Paintings (16th-17th century A.D.) on Thiruvanchikulam Thrissur the walls of the Siva temple of 10th-11th Century A.D.,,,,,no_candidates,0
ASI-00016,Mural paintings on the walls of Sriramaswami Triprayar Thrissur temple at Triprayar,,,,,no_candidates,0
ASI-00017,Siva Temple Complex Pallimannah Thrissur,,,,,no_candidates,0
ASI-00018,Mural paintings (16-17th cent AD.) on the Thrissur Thrissur walls of Ten-Kailasanatha (Vadakkunnatha)Temple,,,,,no_candidates,0
ASI-00019,Ariyannur Umbrellas,,,,,no_candidates,0
ASI-00020,Kudakkalluparambu,,,,,no_candidates,0
ASI-00021,Burial Cave of Chovannur Chovannur Thrissur,,,,,no_candidates,0
ASI-00022,Burial Caveof Eyyal Eyyal Thrissur,,,,,no_candidates,0
ASI-00023,Burial Cave of Kandanassery Kandanassery Thrissur,,,,,no_candidates,0
ASI-00024,Burial Cave of Kattakampal Kattakampal Thrissur,,,,,no_candidates,0
ASI-00025,Burial Cave of Kakkad Kakkad Thrissur,,,,,no_candidates,0
ASI-00026,Siva Temple Avittathur Thrissur,,,,,no_candidates,0
ASI-00027,Jain temple Kidanganad Wayanad,,,,,no_candidates,0
ASI-00028,Vishnu Temple (Vishnugudi) Nadavayal Village Wayanad,,,,,no_candidates,0
ASI-00029,Janardana Temple Mananthavadi Wayanad 48,,,,,no_candidates,0
ASI-00014,List of Centrally Protected Monuments / Sites under the jurisdiction of Ladakh (U.T.) (Leh Mini-Circle) Sl.No. Name of the Monument / Site Locality District,,,,,no_candidates,0
ASI-00001,Rock cut Four Armed Bodhi Satava Mulbekh Kargil,,,,,no_candidates,0
ASI-00002,Sculpture at Drass Drass Kargil,,,,,no_candidates,0
ASI-00003,Buddhist Monastery Lamayuru Leh,,,,,no_candidates,0
ASI-00004,Buddhist Monastery Lakir Leh,,,,,no_candidates,0
ASI-00005,Buddhist Monasteries Alchi Leh,,,,,no_candidates,0
ASI-00006,Buddhist Gumpha Phyang Leh,,,,,no_candidates,0
ASI-00007,Ancient Palace at Leh Leh Leh,,,,,no_candidates,0
ASI-00008,Old Castle (Tsemo Hill) Leh Leh,,,,,no_candidates,0
ASI-00009,Stupa Tiserru Shestang Leh,,,,,no_candidates,0
ASI-00010,Ancient Palace including Shrine Shey Leh,,,,,no_candidates,0
ASI-00011,Hamis Gumpha Hemis Leh,,,,,no_candidates,0
ASI-00012,Ancient Gumpha Thiksey Leh,,,,,no_candidates,0
ASI-00013,Shrine of four Lords Gon-Khang (Tsemo Hill) Leh Leh,,,,,no_candidates,0
ASI-00014,Ancient Gonpa Complex Wanla Leh,,,,,no_candidates,0
ASI-00015,Rangdum Monastery (Shadup Rangdum Kargil Dzamlinggyan) 49,,,,,no_candidates,0
ASI-00015,List of Centrally Protected Monuments / Sites under the jurisdiction of Madhya Pradesh (Bhopal Circle and Jabalpur Circle) Bhopal Circle Sl.No. Name of the Monument / Site Locality District,,,,,no_candidates,0
ASI-00001,Jain Temples 1 to 5 Budhichan-deri Ashok Nagar,,,,,no_candidates,0
ASI-00002,Bada Madarasa Chanderi Ashok Nagar,,,,,no_candidates,0
ASI-00003,Badal Mahal gateway Chanderi Ashok Nagar,,,,,no_candidates,0
ASI-00004,Battisi Baodi Chanderi Ashok Nagar,,,,,no_candidates,0
ASI-00005,Chanderi Fort Chanderi Ashok Nagar,,,,,no_candidates,0
ASI-00006,Jama Masjid Chanderi Ashok Nagar,,,,,no_candidates,0
ASI-00007,Kati Ghati Chanderi Ashok Nagar,,,,,no_candidates,0
ASI-00008,Koshak Mahal Chanderi Ashok Nagar,,,,,no_candidates,0
ASI-00009,Nizam-ud-din's family Tomb Chanderi Ashok Nagar,,,,,no_candidates,0
ASI-00010,Shahjadi ka Roza Chanderi Ashok Nagar,,,,,no_candidates,0
ASI-00011,Monastery Kadwaha Ashok Nagar,,,,,no_candidates,0
ASI-00012,Temples 2 to 7 Kadwaha Ashok Nagar,,,,,no_candidates,0
ASI-00013,Andhakuan Group of Temples Thoban Ashok Nagar,,,,,no_candidates,0
ASI-00014,Gargaj and Mahadev Ghat Group of Temples Thoban Ashok Nagar,,,,,no_candidates,0
ASI-00015,Hanuman Marhi Group of Temples Thoban Ashok Nagar,,,,,no_candidates,0
ASI-00016,Hori Ki Marhia Group of Temples Thoban Ashok Nagar,,,,,no_candidates,0
ASI-00017,Kuti Group of Temples Thoban Ashok Nagar,,,,,no_candidates,0
ASI-00018,Sitamarhi Group of Temple Thoban Ashok Nagar,,,,,no_candidates,0
ASI-00019,Fort Ater Bhind,,,,,no_candidates,0
ASI-00020,Brick Temples (two) Kherat Bhind,,,,,no_candidates,0
ASI-00021,Open Air Museum Kherat Bhind,,,,,no_candidates,0
ASI-00022,Kamlapati Mahal and adjoining area Bhopal Bhopal,,,,,no_candidates,0
ASI-00023,Ahukhana site and the compound wall and Ahukhana Burhanpur the pavilion and tank,,,,,no_candidates,0
ASI-00024,Idgah,,,,,no_candidates,0
ASI-00025,Mahadeo Temple with its compound near the Asirgarh Burhanpur inspection Bunglow 50 Sl.No. Name of the Monument / Site Locality District,,,,,no_candidates,0
ASI-00026,The whole fort,,,,,no_candidates,0
ASI-00027,Tomb of Shah Numa Asirgarh Burhanpur,,,,,no_candidates,0
ASI-00028,Bibi Sahib's Masjid Burhanpur Burhanpur,,,,,no_candidates,0
ASI-00029,Churiwalonki Masjid,,,,,no_candidates,0
ASI-00030,Dome of Adil Shah Faruki Burhanpur Burhanpur,,,,,no_candidates,0
ASI-00031,Dome of Shah Nawaz Khan Burhanpur Burhanpur,,,,,no_candidates,0
ASI-00032,Raja's Chhatri near Bordha Ghat at Burhanpur Burhanpur Burhanpur,,,,,no_candidates,0
ASI-00033,The palace situated in the fort Burhanpur Burhanpur,,,,,no_candidates,0
ASI-00034,Tomb of Nadir Shah Burhanpur Burhanpur,,,,,no_candidates,0
ASI-00035,Tomb of Shah Shuja Burhanpur Burhanpur,,,,,no_candidates,0
ASI-00036,Hammam Khana Chowk Mohalla Burhanpur,,,,,no_candidates,0
ASI-00037,Mahal Gurara palaces or building on both Mahal Gurara Burhanpur sides of the Gurara river and two masonry dams in the river,,,,,no_candidates,0
ASI-00038,Temple of the Chandella period built mostly Bharauli Datia of Granite,,,,,low_confidence,24.09638554
ASI-00039,Bir Singh Palace Datia Datia,,,,,no_candidates,0
ASI-00040,Rock inscription of Asoka Gujjara Datia,,,,,low_confidence,28.57142857
ASI-00041,Sidheshwar Temple Nemawar Dewas,,,,,no_candidates,0
ASI-00042,Unfinished Temple Nemawar Dewas,,,,,low_confidence,41.86046512
ASI-00043,Buddhist caves 1 to 7 Bagh Dhar,,,,,no_candidates,0
ASI-00044,Bhojshala and Kamal Maula's mosque Dhar Dhar,,,,,no_candidates,0
ASI-00045,Lat ki masjid Dhar Dhar,,,,,no_candidates,0
ASI-00046,Alamgir Gate Mandu Dhar,,,,,no_candidates,0
ASI-00047,Ancient Hindu Baodi Mandu Dhar,,,,,no_candidates,0
ASI-00048,Andheri Baodi Mandu Dhar,,,,,no_candidates,0
ASI-00049,Ashrafi Mahal Mandu Dhar,,,,,no_candidates,0
ASI-00050,"Baz Bahadur""s Palace Mandu Dhar",,,,,no_candidates,0
ASI-00051,Bhagwania Gate Mandu Dhar,,,,,no_candidates,0
ASI-00052,Bhangi Gate Mandu Dhar,,,,,no_candidates,0
ASI-00053,Caravan Sarai Mandu Dhar,,,,,no_candidates,0
ASI-00054,Champa Baodi Mandu Dhar,,,,,no_candidates,0
ASI-00055,"Chistikhan""s Mahal Mandu Dhar",,,,,no_candidates,0
ASI-00056,Chor Kot Mandu Dhar,,,,,no_candidates,0
ASI-00057,Chorkot Mosque Mandu Dhar,,,,,no_candidates,0
ASI-00058,Daika Mahal Mandu Dhar,,,,,no_candidates,0
ASI-00059,Daike Chhoti Behen ka Mahal Mandu Dhar,,,,,no_candidates,0
ASI-00060,"Darya Khan""s Tomb Mandu Dhar",,,,,no_candidates,0
ASI-00061,Delhi Gate Mandu Dhar,,,,,no_candidates,0
ASI-00062,Dharmashalla Mandu Dhar,,,,,no_candidates,0
ASI-00063,Dilawarkhan's Mosque Mandu Dhar,,,,,no_candidates,0
ASI-00064,Ek-khamba Mahal Mandu Dhar,,,,,no_candidates,0
ASI-00065,Gada Shah Palace Mandu Dhar,,,,,no_candidates,0
ASI-00066,Gada Shah Shop Mandu Dhar,,,,,no_candidates,0
ASI-00067,Gadi Darwaza Mandu Dhar,,,,,no_candidates,0
ASI-00068,Hammam Mandu Dhar,,,,,no_candidates,0
ASI-00069,Hathi Gate Mandu Dhar 51 Sl.No. Name of the Monument / Site Locality District,,,,,no_candidates,0
ASI-00070,Hathi Mahal Mandu Dhar,,,,,no_candidates,0
ASI-00071,Hindola Mahal Mandu Dhar,,,,,no_candidates,0
ASI-00072,Hoshang’s tomb Mandu Dhar,,,,,no_candidates,0
ASI-00073,Jahangirupur gate Mandu Dhar,,,,,no_candidates,0
ASI-00074,Jahaz Mahal Mandu Dhar,,,,,no_candidates,0
ASI-00075,Jali Mahal Mandu Dhar,,,,,no_candidates,0
ASI-00076,Jama Masjid Mandu Dhar,,,,,no_candidates,0
ASI-00077,Kapoor Talao and the ruins on its bank Mandu Dhar,,,,,no_candidates,0
ASI-00078,Lal Bag Mandu Dhar,,,,,no_candidates,0
ASI-00079,Lal bungalow Mandu Dhar,,,,,no_candidates,0
ASI-00080,Lohani caves Mandu Dhar,,,,,no_candidates,0
ASI-00081,Lohani Gate Mandu Dhar,,,,,no_candidates,0
ASI-00082,Mahmud's tomb Mandu Dhar,,,,,no_candidates,0
ASI-00083,Malik Moghi's Tomb Mandu Dhar,,,,,no_candidates,0
ASI-00084,Mosque near Sopi tank Mandu Dhar,,,,,low_confidence,21.73913043
ASI-00085,Mosque near Tarapur Gate Mandu Dhar,,,,,no_candidates,0
ASI-00086,Mosque noth-west of Darya Khan's Tomb Mandu Dhar,,,,,no_candidates,0
ASI-00087,Nahar Jharoka Mandu Dhar,,,,,no_candidates,0
ASI-00088,Nahar Jharokha compound Mandu Dhar,,,,,no_candidates,0
ASI-00089,Nameless Tomb Mandu Dhar,,,,,no_candidates,0
ASI-00090,Neelkanth Mandu Dhar,,,,,no_candidates,0
ASI-00091,Rampol gate and the mosque opposite to it Mandu Dhar,,,,,no_candidates,0
ASI-00092,Roopmati Pavilion Mandu Dhar,,,,,no_candidates,0
ASI-00093,Royal palace Mandu Dhar,,,,,no_candidates,0
ASI-00094,Ruins on the west of Rewa Kund Mandu Dhar,,,,,no_candidates,0
ASI-00095,Sat Kothari cave Mandu Dhar,,,,,no_candidates,0
ASI-00096,Somati kund Mandu Dhar,,,,,no_candidates,0
ASI-00097,Songarh Gate Mandu Dhar,,,,,no_candidates,0
ASI-00098,Tarapur Gate Mandu Dhar,,,,,no_candidates,0
ASI-00099,Taveli Mahal Mandu Dhar,,,,,no_candidates,0
ASI-00100,Tomb and mosque attached Mandu Dhar,,,,,no_candidates,0
ASI-00101,Tomb north of Alamgir gate Mandu Dhar,,,,,no_candidates,0
ASI-00102,Tomb north of Daryakhan's tomb Mandu Dhar,,,,,no_candidates,0
ASI-00103,Tower of Victory Mandu Dhar,,,,,low_confidence,31.11111111
ASI-00104,Tripolia gate Mandu Dhar,,,,,no_candidates,0
ASI-00105,Ujali Baodi Mandu Dhar,,,,,no_candidates,0
ASI-00106,Water Palace Mandu Dhar,,,,,low_confidence,32.09876543
ASI-00107,Water Palace Sadalpur Dhar,,,,,no_candidates,0
ASI-00108,Rock cut temple Wasvi Dhar,,,,,no_candidates,0
ASI-00109,Mahadeva Temple Amrol Gwalior,,,,,no_candidates,0
ASI-00110,Tomb of Abul Fazal Antri Gwalior,,,,,no_candidates,0
ASI-00111,Tomb of Mohammad Ghaus Ghauspura Gwalior,,,,,no_candidates,0
ASI-00112,Gwalior fort: (i) Bada Mahal or Hindola gate,,,,,no_candidates,0
ASI-00113,Tomb of Tansen and two Mosque,,,,,no_candidates,0
ASI-00114,Ancient Site Pawaya Gwalior,,,,,no_candidates,0
ASI-00115,Tila Monument Pawaya Gwalior,,,,,no_candidates,0
ASI-00116,Old Mughal Fort Joga Harda,,,,,no_candidates,0
ASI-00117,Amleshwar alias Mamleshwar group of Godadpura Khandwa temples including Kleshwar temple (Onkar Mandhata),,,,,no_candidates,0
ASI-00118,Chaubis Avtar Temple with its content Mandhata Khandwa,,,,,no_candidates,0
ASI-00119,Chandsuraj Gateway Mandhata Khandwa,,,,,no_candidates,0
ASI-00120,Siddhesvara or Siddhnath Temple Mandhata Khandwa,,,,,no_candidates,0
ASI-00121,Excavated site Kasrawad Khargone,,,,,no_candidates,0
ASI-00122,Chaubara Dera Khargone Khargone,,,,,no_candidates,0
ASI-00123,Jain temple 1 to 3 Khargone Khargone,,,,,no_candidates,0
ASI-00124,Temples of Mahakaleshwar 1 and 2 Khargone Khargone,,,,,no_candidates,0
ASI-00125,Temple of Nilkanteshwar Khargone Khargone,,,,,no_candidates,0
ASI-00126,An old sarai Raverkhedi Khargone,,,,,low_confidence,18.84057971
ASI-00127,Brindaban dedicated to the memory of Raverkhedi Khargone Shrimant Baji Rao Peshwa,,,,,no_candidates,0
ASI-00128,Main gate and remaining portion of the Raverkhedi Khargone Preshwa residence or fortress,,,,,no_candidates,0
ASI-00129,The Chatri inside the sarai Raverkhedi Khargone,,,,,no_candidates,0
ASI-00130,Pre-historic painted rock shelters Bhanpura Mandsaur Chaturbhuja Nala,,,,,no_candidates,0
ASI-00131,Pre-historic painted rock shelters Sita Khardi Bhanpura Mandsaur,,,,,no_candidates,0
ASI-00132,Brahmanical rockcut temple Dhamnar Mandsaur,,,,,no_candidates,0
ASI-00133,Buddhist caves No. 1 to 51 Dhamnar Mandsaur,,,,,no_candidates,0
ASI-00134,Yasodharman Pillar or Victory Sondhani Mandsaur,,,,,no_candidates,0
ASI-00135,Ekattarso Mahadeva Temple Mitaoli Morena,,,,,no_candidates,0
ASI-00136,Temples 1 to 22 Naresar Morena,,,,,no_candidates,0
ASI-00137,Gadhi Padhavali Morena,,,,,no_candidates,0
ASI-00138,Group of temples at Batesar Padhavali Morena,,,,,no_candidates,0
ASI-00139,Temple Padhavali Morena,,,,,no_candidates,0
ASI-00140,Kakanmath Temple Suhania Morena,,,,,no_candidates,0
ASI-00141,Nau Toran Temple Khor Nimach,,,,,no_candidates,0
ASI-00142,Buddhist stupas and remains Andher (Bawalia & Raisen Hakeemkhedi),,,,,no_candidates,0
ASI-00143,Pre-historic rock shelters with paintings Bhaianpura,,,,,no_candidates,0
ASI-00144,(i) Savite Temple Bhojpur Raisen (ii) Ancient remains,,,,,no_candidates,0
ASI-00145,Buddhist stupas Murelkhurd Raisen,,,,,no_candidates,0
ASI-00146,Stupas and other remains at Satdhara Murlikhedi Raisen,,,,,no_candidates,0
ASI-00147,Fort Raisen Raisen,,,,,no_candidates,0
ASI-00148,Buddhist monuments Sanchi Raisen,,,,,no_candidates,0
ASI-00149,Buddhist stupas together with the adjacent Sonari Raisen land,,,,,no_candidates,0
ASI-00150,Saru-Maru monastic complex alongwith Panguraria Sehore comprised area,,,,,no_candidates,0
ASI-00151,Painted rock shelters,,,,,no_candidates,0
ASI-00152,Large Siva Temple Mahua Shivpuri,,,,,no_candidates,0
ASI-00153,Small Siva Temple Mahua Shivpuri,,,,,no_candidates,0
ASI-00154,Monastery Ranod Shivpuri,,,,,no_candidates,0
ASI-00155,Town hall alias Gandhi Bhavan Shivpuri Shivpuri,,,,,no_candidates,0
ASI-00156,Monastery Surwaya Shivpuri,,,,,no_candidates,0
ASI-00157,Open Air Museum Surwaya Shivpuri,,,,,no_candidates,0
ASI-00158,Siva Temple Surwaya Shivpuri,,,,,no_candidates,0
ASI-00159,Surwaya Gadhi Surwaya Shivpuri,,,,,no_candidates,0
ASI-00160,Mohajamata temple Terahi Shivpuri,,,,,no_candidates,0
ASI-00161,Monastery Terahi Shivpuri,,,,,no_candidates,0
ASI-00162,Toran gate Terahi Shivpuri,,,,,no_candidates,0
ASI-00163,Ancient Mound Bhairogarh Ujjain,,,,,low_confidence,34.66666667
ASI-00164,Ancient Mound (Vaishya Tekri) Undasa Ujjain,,,,,no_candidates,0
ASI-00165,Ancient Mound (Kumbhar Tekri) Undasa Ujjain,,,,,no_candidates,0
ASI-00166,Dashavatara Temple Badoh Vidisha,,,,,no_candidates,0
ASI-00167,Gadarmal Temple Badoh Vidisha,,,,,no_candidates,0
ASI-00168,Jain Temple Badoh Vidisha,,,,,no_candidates,0
ASI-00169,Ancient site Besnagar Vidisha,,,,,no_candidates,0
ASI-00170,Khamb Baba (Heliodoras Pillar) Besnagar Vidisha,,,,,no_candidates,0
ASI-00171,Bijamandal Mosque Bhilsa Vidisha,,,,,no_candidates,0
ASI-00172,Lohangi Hill Capital Bhilsa Vidisha,,,,,no_candidates,0
ASI-00173,Athakhamba Gyaraspur Vidisha,,,,,no_candidates,0
ASI-00174,Bajramath Gyaraspur Vidisha,,,,,no_candidates,0
ASI-00175,Buddhist stupa Gyaraspur Vidisha,,,,,no_candidates,0
ASI-00176,Hindola Torana Gyaraspur Vidisha,,,,,no_candidates,0
ASI-00177,Maladevi Temple Gyaraspur Vidisha,,,,,no_candidates,0
ASI-00178,Bhimgaja Pathari Vidisha,,,,,no_candidates,0
ASI-00179,Caves Pathari Vidisha,,,,,no_candidates,0
ASI-00180,Bara Khambi Udaypur Vidisha,,,,,no_candidates,0
ASI-00181,Caves 1 to 20 Udaygiri Vidisha,,,,,no_candidates,0
ASI-00182,Ruins of Gupta temple Udaygiri Vidisha,,,,,no_candidates,0
ASI-00183,Udayeshwar Mahadeva Temple Udaypur Vidisha Jabalpur Circle Sl.No. Name of the Monument / Site Locality District,,,,,no_candidates,0
ASI-00001,Caves bearing inscriptions of 1st century AD Silhara Annupur,,,,,no_candidates,0
ASI-00002,Karan Temple Amarkantak Anuppur,,,,,no_candidates,0
ASI-00003,Siva Temple Amarkantak Anuppur,,,,,no_candidates,0
ASI-00004,Temple of Patalesvara Amarkantak Anuppur,,,,,no_candidates,0
ASI-00005,Temples Baihar Balaghat,,,,,no_candidates,0
ASI-00006,Fort Garhi Balaghat,,,,,no_candidates,0
ASI-00007,Temple of Kotesvara (Mahadeo and Kashitola Balaghat Hanuman),,,,,no_candidates,0
ASI-00008,Old Fort Lanji Balaghat,,,,,no_candidates,0
ASI-00009,An old temple within the limits of Piparwara Raigarh Balaghat forest village,,,,,no_candidates,0
ASI-00010,The old fortress which contains 53 images of Sonkhar Balaghat stones called Sada Bhada 54 Sl.No. Name of the Monument / Site Locality District,,,,,no_candidates,0
ASI-00011,Bijamandal mound Jatkara Chhatarpur,,,,,no_candidates,0
ASI-00012,Adinatha Temple Khajuraho Chhatarpur,,,,,no_candidates,0
ASI-00013,Brahman Temple Khajuraho Chhatarpur,,,,,no_candidates,0
ASI-00014,Chausath Jogini Temple Khajuraho Chhatarpur,,,,,no_candidates,0
ASI-00015,"Chitragupta or Bharatji""sTemple Khajuraho Chhatarpur",,,,,no_candidates,0
ASI-00016,Chopra of Square Tank Khajuraho Chhatarpur,,,,,no_candidates,0
ASI-00017,Colossal statue of Shri Hanuman Khajuraho Chhatarpur,,,,,no_candidates,0
ASI-00018,Devi Jagadambi Temple Khajuraho Chhatarpur,,,,,no_candidates,0
ASI-00019,Duladeo Temple Khajuraho Chhatarpur,,,,,no_candidates,0
ASI-00020,Ghantai Temple Khajuraho Chhatarpur,,,,,no_candidates,0
ASI-00021,Jatakari or Chatrubhuj Temple Khajuraho Chhatarpur,,,,,no_candidates,0
ASI-00022,Javari Temple Khajuraho Chhatarpur,,,,,no_candidates,0
ASI-00023,Kakra Math Khajuraho Chhatarpur,,,,,no_candidates,0
ASI-00024,Kandariya Temple Khajuraho Chhatarpur,,,,,no_candidates,0
ASI-00025,Lakshman Temple Khajuraho Chhatarpur,,,,,no_candidates,0
ASI-00026,Lalguan Mahadeva Khajuraho Chhatarpur,,,,,no_candidates,0
ASI-00027,Mahadeva Temple Khajuraho Chhatarpur,,,,,no_candidates,0
ASI-00028,Matangesvara Temple Khajuraho Chhatarpur,,,,,no_candidates,0
ASI-00029,Nandi Temple Khajuraho Chhatarpur,,,,,no_candidates,0
ASI-00030,Parsvanatha Temple Khajuraho Chhatarpur,,,,,no_candidates,0
ASI-00031,Parvati Temple Khajuraho Chhatarpur,,,,,no_candidates,0
ASI-00032,Santinatha Temple Khajuraho Chhatarpur,,,,,no_candidates,0
ASI-00033,Vamana Temple Khajuraho Chhatarpur,,,,,no_candidates,0
ASI-00034,Varaha Temple Khajuraho Chhatarpur,,,,,no_candidates,0
ASI-00035,Visvanatha Temple Khajuraho Chhatarpur,,,,,no_candidates,0
ASI-00036,Gond Fort Deogarh Chhindwara,,,,,no_candidates,0
ASI-00037,Rangmahal Palace Hatta Damoh,,,,,no_candidates,0
ASI-00038,Jatashankar Fort Jatashankar Damoh,,,,,low_confidence,29.16666667
ASI-00039,The remains of an old sculptured temple Kanoda (Kanora) Damoh which is built without mortar and is attributed to the Chandels,,,,,no_candidates,0
ASI-00040,Temple of Kanora Bari Kanora Bari Damoh,,,,,low_confidence,25.3968254
ASI-00041,Old Temple Kodal Damoh,,,,,no_candidates,0
ASI-00042,Jain temples on the hills Kundalpur Damoh,,,,,low_confidence,26.41509434
ASI-00043,Two flat roofed temples below the hills Kundalpur Damoh,,,,,no_candidates,0
ASI-00044,Ruined Fort Mariadoh Damoh,,,,,no_candidates,0
ASI-00045,Nohta Temple Nohta Damoh,,,,,no_candidates,0
ASI-00046,Sculptures at Phutera tank and slabs Phutera tank Damoh,,,,,no_candidates,0
ASI-00047,Rajnagar Fort Rajnagar Damoh,,,,,no_candidates,0
ASI-00048,Matha at Raneh Raneh Damoh,,,,,no_candidates,0
ASI-00049,Sakhar Temple Sakhar Damoh,,,,,no_candidates,0
ASI-00050,A hill Fort Singargarh Damoh,,,,,no_candidates,0
ASI-00051,Ranmukteshwara Temple Kukkaram-ath Dindori,,,,,no_candidates,0
ASI-00052,Ancient site and Adamgarh rock shelters Kalamdi,,,,,no_candidates,0
ASI-00053,Rock shelter known as Putli lane near Karian Hoshangabad Sabourne cave,,,,,no_candidates,0
ASI-00054,Caves Pachmarhi Hoshangabad,,,,,no_candidates,0
ASI-00055,Dorothy deep rock shelter Pachmarhi Hoshangabad 55 Sl.No. Name of the Monument / Site Locality District,,,,,no_candidates,0
ASI-00056,Temple of Gauri Shankar,,,,,no_candidates,0
ASI-00057,Temple of Chausath Yogini Bheraghat Jabalpur,,,,,no_candidates,0
ASI-00058,Madan Mahal on the top of hill upon a large Garha Jabalpur boulder rock,,,,,no_candidates,0
ASI-00059,Large effigy of Vishnu Varaha Panagar Jabalpur,,,,,no_candidates,0
ASI-00060,Karanbel (Tripuri) Tewar Jabalpur,,,,,no_candidates,0
ASI-00061,Temple of Somnath and ruins of several Bargaon Katni temples,,,,,no_candidates,0
ASI-00062,Ladaki-ka-Tila Bilhari Katni,,,,,no_candidates,0
ASI-00063,Tapsi Math Bilhari Katni,,,,,no_candidates,0
ASI-00064,Vishnu Varaha Temple Bilhari Katni,,,,,no_candidates,0
ASI-00065,Ancient Mound Kakarahata Katni,,,,,no_candidates,0
ASI-00066,Stature of a boar (Vishnu: Varah),,,,,no_candidates,0
ASI-00067,Varaha near Karitalai Karanpur Katni,,,,,no_candidates,0
ASI-00068,Tortoise and fish locally known as Kachha Karitalai Katni and Machha,,,,,no_candidates,0
ASI-00069,Ruined temple near the sources of the Kiyan Marha Deori Katni river,,,,,no_candidates,0
ASI-00070,Shiva Temple on a carved stone chabutra Nanhwara Katni measuring 10' x10' x4' and 8 stone Jain images,,,,,no_candidates,0
ASI-00071,Rock edict of Ashoka,,,,,no_candidates,0
ASI-00072,The whole site of Kankali Devi Temple Tigwa Katni including the Devi temple and Ruined temple close to them,,,,,no_candidates,0
ASI-00073,Begum Mahal Chaugan Mandla Rayotwari,,,,,no_candidates,0
ASI-00074,Sporting Palace by name Dalbadal Chaugan Mandla Rayotwari,,,,,no_candidates,0
ASI-00075,Siva's temple Khaddeori Mandla,,,,,no_candidates,0
ASI-00076,Gond fort called Satknada and the tower on Mandla Mandla Rajghat called Shahburz and the temples therein,,,,,no_candidates,0
ASI-00077,Ajaigarh fort and its remains Ajaigarh Panna,,,,,no_candidates,0
ASI-00078,Two temples ascribed to Gupta period Ajaigarh Panna,,,,,no_candidates,0
ASI-00079,Nachna Kuthara Parvati Temple Nachna Panna,,,,,no_candidates,0
ASI-00080,Chaumukh Nath Temple Nachna Panna,,,,,no_candidates,0
ASI-00081,Inscriptions Alhaghat Rewa,,,,,no_candidates,0
ASI-00082,Rock shelters with megaliths,,,,,no_candidates,0
ASI-00083,Fresco paintings Gahira Rewa,,,,,no_candidates,0
ASI-00084,Gurgi and Rehunta remains Gurgi Rewa,,,,,low_confidence,24
ASI-00085,Inscriptions in cave Keoti Rewa,,,,,no_candidates,0
ASI-00086,Temple Bamora Sagar,,,,,no_candidates,0
ASI-00087,Fort Deori Sagar,,,,,no_candidates,0
ASI-00088,Fort Dhamoni Sagar,,,,,no_candidates,0
ASI-00089,Rani Mahal Dhamoni Sagar,,,,,no_candidates,0
ASI-00090,Tomb and mosque of Baljati Shah Dhamoni Sagar 56 Sl.No. Name of the Monument / Site Locality District,,,,,no_candidates,0
ASI-00091,Ancient Site Eran and Sagar Pahlezpur,,,,,no_candidates,0
ASI-00092,All structures in or connection with the Mahal Garhpehra Sagar (fort) of the Dangi rulers,,,,,no_candidates,0
ASI-00093,Fort Gourjhamar Sagar,,,,,no_candidates,0
ASI-00094,Temple of Mahadeo or mata Karonda Sagar,,,,,no_candidates,0
ASI-00095,Satgarh Karonda Sagar,,,,,no_candidates,0
ASI-00096,Old mosque,,,,,no_candidates,0
ASI-00097,The walls of the citadel (Fort) Khimlasa Sagar,,,,,no_candidates,0
ASI-00098,The walls of the city with gate Khimlasa Fort Sagar,,,,,no_candidates,0
ASI-00099,Tomb of Panj Pirs Khimlasa Fort Sagar,,,,,no_candidates,0
ASI-00100,Temple of Mahadeo Pali Sagar,,,,,no_candidates,0
ASI-00101,Fort Rahatgarh Sagar,,,,,no_candidates,0
ASI-00102,Inscription in the fort of Bachhaun Bachhaun Satna,,,,,no_candidates,0
ASI-00103,Remains Bharhut Satna,,,,,low_confidence,23.80952381
ASI-00104,Remains Bhumra Satna,,,,,no_candidates,0
ASI-00105,Temple of Ashta Ashta Seoni,,,,,no_candidates,0
ASI-00106,Standing jain image of Digambar sect known Ghansor Seoni as Naga baba and the various fragmentary stone images and architectural stone pieces,,,,,low_confidence,37.18592965
ASI-00107,Virath temple and remains Sohagpur Shahdol,,,,,no_candidates,0
ASI-00108,Temple and Monastery Chandreh Sidhi 57,,,,,no_candidates,0
ASI-00016,List of Centrally Protected Monuments / Sites under the jurisdiction of Maharashtra (Aurangabad Circle,,,,,no_candidates,0
ASI-00001,Damri Masjid Ahmednagar Ahmednagar,,,,,no_candidates,0
ASI-00002,Gate near Niyamat Khan's Palace Ahmednagar Ahmednagar,,,,,no_candidates,0
ASI-00003,Kotla of Twelve Imams Ahmednagar Ahmednagar,,,,,no_candidates,0
ASI-00004,Macca Masjid Ahmednagar Ahmednagar,,,,,no_candidates,0
ASI-00005,Old tomb near Changiz Khan's palace (Sarje Ahmednagar Ahmednagar Khan’s Tomb),,,,,no_candidates,0
ASI-00006,The Tomb of Nizam Ahmedshah Ahmednagar Ahmednagar,,,,,no_candidates,0
ASI-00007,The Faria Bagh Bhingar Ahmednagar Cantonment,,,,,no_candidates,0
ASI-00008,Ancient sites and remains at Daimabad Daimabad Ahmednagar (Ladgaon),,,,,no_candidates,0
ASI-00009,Dhokeshvar Cave Dhoke Ahmednagar,,,,,no_candidates,0
ASI-00010,Jain Temple Ghotan Ahmednagar,,,,,no_candidates,0
ASI-00011,Temple of Malikarjuna Ghotan Ahmednagar,,,,,no_candidates,0
ASI-00012,Caves and Temple Harishchandragad Ahmednagar,,,,,no_candidates,0
ASI-00013,Jarasangh Nagari Jorve Ahmednagar,,,,,no_candidates,0
ASI-00014,The temple of Malikarjuna Karjat Ahmednagar,,,,,no_candidates,0
ASI-00015,Temple of Shiva called Naktichedeul Karjat Ahmednagar,,,,,no_candidates,0
ASI-00016,An Old Temple Kokamthan Ahmednagar,,,,,no_candidates,0
ASI-00017,The Temple of Devi Mandavagaon Ahmednagar Katrabad,,,,,no_candidates,0
ASI-00018,Salabatkhan's Tomb Mohekari Ahmednagar,,,,,no_candidates,0
ASI-00019,Ancient site locally known as Ladmod Newasa Ahmednagar,,,,,no_candidates,0
ASI-00020,Temple of Shiva on the further side of the Parner Ahmednagar stream at Parner,,,,,no_candidates,0
ASI-00021,Baleshwar Temple Pedgaon Ahmednagar,,,,,no_candidates,0
ASI-00022,The Temple of Lakshmi Narayan Pedgaon Ahmednagar,,,,,no_candidates,0
ASI-00023,The Temple of Amriteshwar Ratanwadi Ahmednagar,,,,,no_candidates,0
ASI-00024,Hemadpanti Temple SonaiBamini Ahmednagar,,,,,no_candidates,0
ASI-00025,Triple shrined temple of Bhavani Tahakri Ahmednagar,,,,,no_candidates,0
ASI-00026,Five Stone Gates Tisgaon Ahmednagar,,,,,no_candidates,0
ASI-00027,Temple of Devi Toka Ahmednagar,,,,,no_candidates,0
ASI-00028,Temple of Siddeshwar Mahadev Toka Ahmednagar,,,,,no_candidates,0
ASI-00029,Temple of Vishnu,,,,,no_candidates,0
ASI-00030,Ajanta Caves Ajanta Aurangabad,,,,,no_candidates,0
ASI-00031,Aurangabad Caves Aurangabad Aurangabad,,,,,no_candidates,0
ASI-00032,Tomb of Rabia Daurani Aurangabad Aurangabad (Bibi-ka-Maqbara),,,,,no_candidates,0
ASI-00033,Daulatabad Fort and Monuments therein (e.g. Daulatabad Aurangabad 58 Sl.No. Name of the Monument / Site Locality District Chand Minar),,,,,no_candidates,0
ASI-00034,Ellora Caves Ellora Aurangabad,,,,,no_candidates,0
ASI-00035,Tomb of Aurangazeb Khuldabad Aurangabad,,,,,no_candidates,0
ASI-00036,Tomb of Malik Ambar Khuldabad Aurangabad,,,,,no_candidates,0
ASI-00037,Ancient Site / Mound Paithan Aurangabad,,,,,no_candidates,0
ASI-00038,Pithalkhora Caves Pithalkhora Aurangabad,,,,,low_confidence,25.92592593
ASI-00039,Ghrishneshwar Temple,,,,,no_candidates,0
ASI-00040,Ukkadeshwar Mahadev Temple Ukkad Pimpri Beed,,,,,low_confidence,17.85714286
ASI-00041,Math Balsana Dhulia,,,,,no_candidates,0
ASI-00042,Small Temple in Survey No.141 Balsana Dhulia,,,,,low_confidence,28.57142857
ASI-00043,Temple of Durga Balsana Dhulia,,,,,no_candidates,0
ASI-00044,Temple of Siva Balsana Dhulia,,,,,no_candidates,0
ASI-00045,Temple to the left side of Shiva's Temple in Balsana Dhulia Survey No. 418,,,,,no_candidates,0
ASI-00046,Temple in front of No.1 (Temple to the left Balsana Dhulia side of Shiva's Temple) in Survey No. 418,,,,,no_candidates,0
ASI-00047,Temple between Durga's temple and Math in Balsana Dhulia Syrvey No. 141,,,,,no_candidates,0
ASI-00048,The old gateways in the ruined fort and caves Bhamer Dhulia,,,,,no_candidates,0
ASI-00049,Seven Mahomadan Tombs Thalner Dhulia,,,,,no_candidates,0
ASI-00050,Three Mahomedan Tombs Thalner Dhulia,,,,,no_candidates,0
ASI-00051,Ancient mound & monuments known as Bahal Jalgaon Pawar's Gadhi,,,,,no_candidates,0
ASI-00052,The temple of Changdev Changdev Jalgaon,,,,,no_candidates,0
ASI-00053,Temple of Devi and Sambha Dighi Jalgaon,,,,,no_candidates,0
ASI-00054,Maheswara Temple Patan Jalgaon,,,,,no_candidates,0
ASI-00055,Temple of Chandika Devi Patan Jalgaon,,,,,no_candidates,0
ASI-00056,The temple of Nag-Arjun Patan Jalgaon,,,,,no_candidates,0
ASI-00057,The temple of Shringar Chavdi Patan Jalgaon,,,,,no_candidates,0
ASI-00058,Mahadev Temple Sangameshwar Jalgaon,,,,,no_candidates,0
ASI-00059,Ancient site and remains Tekwada Jalgaon,,,,,no_candidates,0
ASI-00060,Mudhai Devi Temple Vaghli Jalgaon,,,,,no_candidates,0
ASI-00061,Old Temple of Siddheshwar with three Vaghli Jalgaon inscriptions slabs,,,,,no_candidates,0
ASI-00062,Archaeological Sites & Remains comprised in Bhokardan Jalna Surve plot No. 185,,,,,no_candidates,0
ASI-00063,Brahmanical Caves locally known as Mahoor Village Nanded Pandevlena,,,,,no_candidates,0
ASI-00064,Ancient site & remains Prakash Nandurbar,,,,,no_candidates,0
ASI-00065,Hindu Temple Ambegaon Nasik,,,,,no_candidates,0
ASI-00066,Old Temple Anjaneri Nasik,,,,,no_candidates,0
ASI-00067,Caves Ankai Nasik,,,,,no_candidates,0
ASI-00068,Hindu Temple Deothan Nasik,,,,,no_candidates,0
ASI-00069,Old Matichi Gadhi Nasik Nasik,,,,,no_candidates,0
ASI-00070,Pandav Lena Caves Pathardi Nasik,,,,,no_candidates,0
ASI-00071,The Temple of Aeshwar Sinnar Nasik,,,,,no_candidates,0
ASI-00072,Gondeshvar Temple of Mahadev Sinnar Nasik 59 Sl.No. Name of the Monument / Site Locality District,,,,,no_candidates,0
ASI-00073,Tryambakeshwar Temple and adjoining Trimbak Nasik Gayatri and Shiv Temples,,,,,no_candidates,0
ASI-00074,Jaina Cave Tringalwadi Nasik,,,,,no_candidates,0
ASI-00075,The Hemadpanti Temple of Mahdeo Zodga Nasik Mumbai Circle Sl.No. Name of the Monument / Site Locality District,,,,,no_candidates,0
ASI-00001,Kopeshwar Temple Khidrapur Kolhapur,,,,,no_candidates,0
ASI-00002,Ancient site at Brahmapuri Kolhapur Kolhapur,,,,,no_candidates,0
ASI-00003,Panhala Fort Panhala Kolhapur (i) Ambarkhana,,,,,no_candidates,0
ASI-00004,Buddhist Caves Pohala Kolhapur,,,,,no_candidates,0
ASI-00005,Monolithic bas relief depicting seven Parel village Mumbai manifestations of Siva locally known as Baradeva,,,,,no_candidates,0
ASI-00006,Whole Hill fort of Sion together with all Sion Mumbai ancient Protuguese remains of buildings situated to the north,,,,,no_candidates,0
ASI-00007,The Buddhist Caves Kaneri Mumbai Suburban,,,,,no_candidates,0
ASI-00008,Caves Kondiote Mumbai Suburban,,,,,no_candidates,0
ASI-00009,Jogeshwari Caves Majas Mumbai Suburban,,,,,no_candidates,0
ASI-00010,Old Portuguese Churches,,,,,no_candidates,0
ASI-00011,Caves Mandapeshwar Mumbai Suburban,,,,,no_candidates,0
ASI-00012,The Portuguese monastery over the caves Mandapeshwar Mumbai and large watch tower on the adjoining hill at Suburban Mandapeshwar,,,,,no_candidates,0
ASI-00013,Fort Arnala Palghar,,,,,no_candidates,0
ASI-00014,Fort and old Portuguese Remains Bassein Palghar,,,,,no_candidates,0
ASI-00015,A Tank by the west side of the road from Bolinj Palghar Umrala village to Bolinj,,,,,no_candidates,0
ASI-00016,"A Mound locally known as ""Sonar Bhat"" in Gas Palghar Hissa No.11 of the Survey No. 52 having an area of 25¼ gunthas",,,,,no_candidates,0
ASI-00017,Caves on Barad Hill Khunavada Palghar,,,,,no_candidates,0
ASI-00018,A mound locally known as Burud Kot in Hissa Mardes Palghar No.2 of Survey No. 75 having an area of 2 (Nalasopara) acres and 28¼ gunthas 60 Sl.No. Name of the Monument / Site Locality District,,,,,no_candidates,0
ASI-00019,Brahmanical Caves Polu Sonala Palghar,,,,,no_candidates,0
ASI-00020,Carved Stones Vada Palghar,,,,,no_candidates,0
ASI-00021,Small Dargah near Habsi Gumaz (near Agar Pune Junnar),,,,,no_candidates,0
ASI-00022,Cave Temples and Inscriptions Bedsa Pune,,,,,no_candidates,0
ASI-00023,Cave temples and Inscriptions Bhaja Pune,,,,,no_candidates,0
ASI-00024,Caves and inscription at the Nana Pass Ghatghar Pune (Naneghat),,,,,no_candidates,0
ASI-00025,Cave Temples and Inscriptions Junnar Pune,,,,,no_candidates,0
ASI-00026,Fort of Shivneri Junnar Pune,,,,,no_candidates,0
ASI-00027,HabshiGumbaz Junnar Pune,,,,,no_candidates,0
ASI-00028,Cave Temples and inscriptions Karla Pune,,,,,no_candidates,0
ASI-00029,Ancient dam with lock and sluice gates Khed Pune,,,,,no_candidates,0
ASI-00030,Dilawar Khan’s Masjid Khed Pune,,,,,no_candidates,0
ASI-00031,Dilawar Khan’s Tomb Khed Pune,,,,,no_candidates,0
ASI-00032,Fort Lohogad Pune,,,,,no_candidates,0
ASI-00033,Bhuleshwar Mahadeo Temple Malsiras Pune,,,,,no_candidates,0
ASI-00034,Aga Khan Palace Building Pune Pune,,,,,no_candidates,0
ASI-00035,The Cave Temple of Bhamburda Pune Pune (pataleshwar),,,,,no_candidates,0
ASI-00036,Old citadel known as Shanwar Wada Pune Pune,,,,,no_candidates,0
ASI-00037,Old European Tombs Pune Pune,,,,,no_candidates,0
ASI-00038,Fort Rajmachi Pune,,,,,low_confidence,31.25
ASI-00039,Excavations & Inscriptions Shelarwadi Pune,,,,,no_candidates,0
ASI-00040,Fort Visapur Pune,,,,,low_confidence,34.48275862
ASI-00041,Songad Achloli Raigad,,,,,no_candidates,0
ASI-00042,Cathedral Agarkot Raigad,,,,,low_confidence,37.83783784
ASI-00043,Chouburji-the castle or factory of Cheul Agarkot Raigad,,,,,no_candidates,0
ASI-00044,Church & Convent of the Augustinians Agarkot Raigad,,,,,no_candidates,0
ASI-00045,The Dominican Church & Convent Agarkot Raigad,,,,,no_candidates,0
ASI-00046,The Jesuit Monastery Agarkot Raigad,,,,,no_candidates,0
ASI-00047,Kothi Agarkot Raigad,,,,,no_candidates,0
ASI-00048,1 Buruj Agarkot Raigad,,,,,no_candidates,0
ASI-00049,St. Francis Xavier's Chapel Agarkot Raigad,,,,,no_candidates,0
ASI-00050,Satkhani Buruj-St. Barbara's Tower Agarkot Raigad,,,,,no_candidates,0
ASI-00051,Two Gates-Porta do Mar & Porta da Terra Agarkot Raigad,,,,,no_candidates,0
ASI-00052,Hirakote old Fort Agarkot Raigad,,,,,no_candidates,0
ASI-00053,Kolaba Fort Containing Agarkot Raigad i) Sarja Kot,,,,,no_candidates,0
ASI-00054,Caves Ambivli Raigad,,,,,no_candidates,0
ASI-00055,Birwadi Fort on a broken range of varying Birwadi Raigad 1700 to 900 feet in height,,,,,no_candidates,0
ASI-00056,Barber's Mahal Cheul Raigad,,,,,no_candidates,0
ASI-00057,Dadar (Stair Case) Cheul Raigad,,,,,no_candidates,0
ASI-00058,Kaman (Arch) Cheul Raigad,,,,,no_candidates,0
ASI-00059,Mosque Cheul Raigad,,,,,no_candidates,0
ASI-00060,Rajkot Cheul Raigad,,,,,no_candidates,0
ASI-00061,Tomb of Angre Cheul Raigad,,,,,no_candidates,0
ASI-00062,Vada of Dancing Girls Cheul Raigad,,,,,no_candidates,0
ASI-00063,Chandragad Dhavala Raigad,,,,,no_candidates,0
ASI-00064,Elephanta Caves Gharapuri Raigad,,,,,no_candidates,0
ASI-00065,Ancient Brick stupa at Elephanta Island Gharapuri Raigad,,,,,no_candidates,0
ASI-00066,Gheragad or Surgad GheraSurgad Raigad,,,,,no_candidates,0
ASI-00067,Ghosalgad Fort Ghosale Raigad,,,,,no_candidates,0
ASI-00068,Buddhist Caves Gomashi Raigad,,,,,no_candidates,0
ASI-00069,An old Fort crow in a dilapidated condition,,,,,no_candidates,0
ASI-00070,A precipitious hill near Raigad Fort Contains Kadasari Lingana Raigad one rock-cut cistern of water. Was formerly used as a jail for prisoners,,,,,no_candidates,0
ASI-00071,Caves Kol Raigad,,,,,no_candidates,0
ASI-00072,Caves situated in Survey No.86 & No. 49 of Kol Raigad the Village of Kol,,,,,no_candidates,0
ASI-00073,Caves Kondhane Raigad,,,,,no_candidates,0
ASI-00074,Old Fort Korlai Raigad,,,,,no_candidates,0
ASI-00075,Caves Kuda Raigad,,,,,no_candidates,0
ASI-00076,Awchitgad Medhe Raigad,,,,,no_candidates,0
ASI-00077,Kasa (Kamsa) Fort Murud Raigad,,,,,no_candidates,0
ASI-00078,Thanala Caves Nadsur Raigad,,,,,no_candidates,0
ASI-00079,Nagothana Bridge Nagothana Raigad,,,,,no_candidates,0
ASI-00080,Khadsamla Caves Nenawali Raigad,,,,,no_candidates,0
ASI-00081,Jijamata's Samadhi consisting of 4 towers. Pachad Raigad,,,,,no_candidates,0
ASI-00082,Jijamata's Wada comprising four dilapidated Pachad Raigad houses & three wells surrounded by a stone wall,,,,,no_candidates,0
ASI-00083,Caves Pala Raigad,,,,,no_candidates,0
ASI-00084,Caves near the Kotali Fort Peth Raigad 62 Sl.No. Name of the Monument / Site Locality District,,,,,low_confidence,12.96296296
ASI-00085,Kotali Fort with two iron guns and one bronze Peth Raigad gun,,,,,no_candidates,0
ASI-00086,Fort of Raygad Raigad Raigad,,,,,no_candidates,0
ASI-00087,Janjira Fort Rajpuri Raigad,,,,,no_candidates,0
ASI-00088,Tombs at Khokari Najik Ghumaj (Khokari Rajpuri Raigad Ghumaj),,,,,no_candidates,0
ASI-00089,Tala Fort Tala Raigad,,,,,no_candidates,0
ASI-00090,Mosque Dabhol Ratnagiri,,,,,no_candidates,0
ASI-00091,Rock cut Caves (Ganesh lena group) Dapoli Ratnagiri,,,,,no_candidates,0
ASI-00092,SuvarnadurgFort Harnai Ratnagiri,,,,,no_candidates,0
ASI-00093,Jaygad fort Jaygad Ratnagiri,,,,,no_candidates,0
ASI-00094,Vijaydurg fort Vijaydurg Ratnagiri,,,,,no_candidates,0
ASI-00095,Muhammad Tughlak's Mosque Khanapur Sangli,,,,,no_candidates,0
ASI-00096,Buddhist caves Jakhinwadi Satara,,,,,no_candidates,0
ASI-00097,Panta'sKot or Got open space Karad Satara,,,,,no_candidates,0
ASI-00098,Old Temple of the River Krishna facing the Old Satara Wai Valley Mahabaleshwar,,,,,no_candidates,0
ASI-00099,Jhabareshwar Mahadeo temple Phaltan Satara,,,,,no_candidates,0
ASI-00100,Tomb of Begami Ghodeshwar Sholapur,,,,,no_candidates,0
ASI-00101,Aurangzeb's Fort Machnur Sholapur,,,,,no_candidates,0
ASI-00102,Old Temple of Sri Sidheshwar (enclosed in a Machnur Sholapur paved court),,,,,no_candidates,0
ASI-00103,Covered colonnade ( to the south of the well) Mahalung Sholapur,,,,,low_confidence,37.43315508
ASI-00104,Hemadpanti temple of Mahadeo Mahalung Sholapur,,,,,no_candidates,0
ASI-00105,Hemadpanti temple of Vithoba Mahalung Sholapur,,,,,no_candidates,0
ASI-00106,Hemadpanti Well Mahalung Sholapur,,,,,low_confidence,35.16483516
ASI-00107,Mahadeo stones Mahalung Sholapur,,,,,no_candidates,0
ASI-00108,Temple of Devi (Yamai) Mahalung Sholapur,,,,,no_candidates,0
ASI-00109,Old Fort Sholapur Sholapur,,,,,no_candidates,0
ASI-00110,The gateway and old Maruti temple with Velapur Sholapur Viragal stones on either side,,,,,no_candidates,0
ASI-00111,Old doubled shrined temple,,,,,no_candidates,0
ASI-00112,Old Temple and Viragals or sculptured Velapur Sholapur memorial stones by the road side just outside the village,,,,,no_candidates,0
ASI-00113,Old Temple of Sarkarvada locally known as Velapur Sholapur Parasnath temple,,,,,no_candidates,0
ASI-00114,Temple of Haranareshwar & Velapur Sholapur Ardhanarinateshwar,,,,,no_candidates,0
ASI-00115,Sindhudurg Fort Malvan Sindhudurg,,,,,no_candidates,0
ASI-00116,Temple of Ambarnath Ambarnath Thane,,,,,no_candidates,0
ASI-00001,The Dahihanda gate of outer city wall. Akola Akola,,,,,no_candidates,0
ASI-00002,The Khirki gate in the outer city wall Akola Akola,,,,,no_candidates,0
ASI-00003,The S.E. angle bastion of the outer city wall Akola Akola together with 10 years of the adjacent wall on each side. The bastion is situated some 100 yards to the east of No. (3) above,,,,,no_candidates,0
ASI-00004,Fort at Narnala: Akot Akola i.Shahanur Gateway,,,,,no_candidates,0
ASI-00005,Balapur fort Balapur Akola,,,,,no_candidates,0
ASI-00006,Chhatri near the Dak Bungalow Balapur Akola,,,,,no_candidates,0
ASI-00007,Black stone temple of Bhawani Barsi Takli Akola,,,,,no_candidates,0
ASI-00008,Two caves Patur Akola,,,,,no_candidates,0
ASI-00009,Tank in front of top tomb of Lalkhan Amner Amravati,,,,,no_candidates,0
ASI-00010,Tomb of Lalkhan Amner Amravati,,,,,no_candidates,0
ASI-00011,Gawilgarh Fort ( The walls & the whole area Chikalda Amravati contained by them),,,,,no_candidates,0
ASI-00012,City wall of Nawab Ismail Khan Ellichpur (Achalpur) Amravati,,,,,no_candidates,0
ASI-00013,Dula Gate Ellichpur (Achalpur) Amravati,,,,,no_candidates,0
ASI-00014,Haripura Gate Ellichpur (Achalpur) Amravati,,,,,no_candidates,0
ASI-00015,Hauz Katora Ellichpur (Achalpur) Amravati,,,,,no_candidates,0
ASI-00016,Jiwanpura Gate Ellichpur (Achalpur) Amravati,,,,,no_candidates,0
ASI-00017,Temple of Anandeswar Lasur Amravati,,,,,no_candidates,0
ASI-00018,All the remains of the circumambulation wall Pauni Bhandara of Pauni Fort,,,,,no_candidates,0
ASI-00019,Ancient mounds situated to the south-east of Pauni Bhandara the fort immediately beyond the moat outside on which a modern temple of Jagannath stands,,,,,no_candidates,0
ASI-00020,Mound known as Hardulala-ki-Tekri Pauni Bhandara,,,,,no_candidates,0
ASI-00021,Cromlech locally known as 'Tillota' (Frying Pimpalgaon Bhandara Pan),,,,,no_candidates,0
ASI-00022,Moti Samadhi Deulgaon Raja Buldhana,,,,,no_candidates,0
ASI-00023,Three old Temple Dhotra Buldhana,,,,,no_candidates,0
ASI-00024,Mosque Fathekheda Buldhana (Sakharkheda),,,,,no_candidates,0
ASI-00025,Two old Temple Kothali Buldhana 64 Sl.No. Name of the Monument / Site Locality District,,,,,no_candidates,0
ASI-00026,Dharmasala on the west of the town which is Lonar Buldhana partially ruined and locally called Chhatra,,,,,no_candidates,0
ASI-00027,Fifteen Temples on the way down to the lake Lonar Buldhana and situated around it,,,,,no_candidates,0
ASI-00028,Gaimukha Temple & Tank Lonar Buldhana,,,,,no_candidates,0
ASI-00029,Gaimukha Temple No 1 of Daityasudana Lonar Buldhana,,,,,no_candidates,0
ASI-00030,Square Kunda on the East of the Town Lonar Buldhana,,,,,no_candidates,0
ASI-00031,Old temple of Daityasudana Lonar Buldhana,,,,,no_candidates,0
ASI-00032,Old Dharmasala at North-West corner of the Mehkar Buldhana town,,,,,no_candidates,0
ASI-00033,Mosque Rohinkhed Buldhana,,,,,no_candidates,0
ASI-00034,Old Temple of Mahadev Sakegaon Buldhana,,,,,no_candidates,0
ASI-00035,Old Temple of Vishnu,,,,,no_candidates,0
ASI-00036,Lakhuji Jadhavrao's Chhatri Sindhkhed Raja Buldhana,,,,,no_candidates,0
ASI-00037,Tank Sindhkhed Raja Buldhana,,,,,no_candidates,0
ASI-00038,Temple of Mahadeva Sindhkhed Raja Buldhana,,,,,low_confidence,28.57142857
ASI-00039,Fort Wall Ballarpur Chandrapur,,,,,no_candidates,0
ASI-00040,Fort at Bhandak Bhandak Chandrapur,,,,,low_confidence,27.5862069
ASI-00041,A large high knoll immediately to the east of Bhandak Chandrapur Bhadranath temple with remains of a temple,,,,,no_candidates,0
ASI-00042,Pandavas caves containing three images Bhandak Chandrapur,,,,,low_confidence,22.85714286
ASI-00043,Walled enclosure outside the Anchaleshver Chandrapur Chandrapur temple and another small temple within the enclosure,,,,,no_candidates,0
ASI-00044,The enclosure & buldings of the Gond Raja's Chandrapur Chandrapur Tomb just outside the Anchaleshwar gate the city.,,,,,no_candidates,0
ASI-00045,Fort Wall Chandrapur Chandrapur,,,,,no_candidates,0
ASI-00046,Lalpeth monoliths consisting of the sixteen Chandrapur Chandrapur colosal stone images. i. Anna Purna,,,,,no_candidates,0
ASI-00047,Mahadeo Temple close to the Municipal Chandrapur Chandrapur office,,,,,no_candidates,0
ASI-00048,Temple of the Mahakali Chandrapur Chandrapur,,,,,no_candidates,0
ASI-00049,A temple of Keshavanath built in the Churul Chandrapur hemadpanti style,,,,,no_candidates,0
ASI-00050,Ancient Temple Deotek Chandrapur,,,,,no_candidates,0
ASI-00051,Hemadpanti Temple containing images of Dhanora Chandrapur Dattatraya,,,,,no_candidates,0
ASI-00052,Old Bridge at Ghutakala Ghutakala-Raiyatwari Chandrapur (Bhandak),,,,,no_candidates,0
ASI-00053,Old Temple of Chandikadevi Ghutakala-Raiyatwari Chandrapur (Bhandak),,,,,no_candidates,0
ASI-00054,Remains of an old Fort Khatora Chandrapur,,,,,no_candidates,0
ASI-00055,Mahadeo’s Temple (Hemadpanti) Mahadwari Chandrapur,,,,,no_candidates,0
ASI-00056,Temple of Mahadeo Neri Chandrapur,,,,,no_candidates,0
ASI-00057,Ramdigi temple & Ramdigi pool Nimdhela Forest Chandrapur,,,,,no_candidates,0
ASI-00058,Old Hemadpanthi Temple Palebaras Chandrapur,,,,,no_candidates,0
ASI-00059,An Old Temple of Mahadeo of the style of Rajgarh Chandrapur Markanda Temple,,,,,no_candidates,0
ASI-00060,Temple Armori Gadchiroli,,,,,no_candidates,0
ASI-00061,Stone Circle Arsoda Gadchiroli,,,,,no_candidates,0
ASI-00062,A group of twenty cromlechs or Kistvaens Chamurshi Gadchiroli,,,,,no_candidates,0
ASI-00063,Rock Caves Jharapara Gadchiroli,,,,,no_candidates,0
ASI-00064,Group of Temples Markanda Gadchiroli,,,,,no_candidates,0
ASI-00065,Fortress of Tipagarh situated on the summit Muramgaon Gadchiroli of mountain region Zamindari,,,,,no_candidates,0
ASI-00066,Two temples (one small and one large) Thanegaon Gadchiroli which are closely situated,,,,,no_candidates,0
ASI-00067,Fort wall Wairagarh Gadchiroli,,,,,no_candidates,0
ASI-00068,Temple of Bhandareshwar Wairagarh Gadchiroli,,,,,no_candidates,0
ASI-00069,Area containing the old remains of two Padampur Gondia temples consisting of a collection of Massive stones in two separate heaps,,,,,no_candidates,0
ASI-00070,Remains of the temple to the North of the Padampur Gondia Village,,,,,no_candidates,0
ASI-00071,Remains of the temple to the North-west of Padampur Gondia the village,,,,,no_candidates,0
ASI-00072,Remains of the temple close to the south of Padampur Gondia the village Ganeshpur,,,,,no_candidates,0
ASI-00073,Remains of the temple locally known as Padampur Gondia Nath Bawa,,,,,no_candidates,0
ASI-00074,Fort at Pratapgad Pratapgarh Gondia,,,,,no_candidates,0
ASI-00075,Fort on the banck of the river,,,,,no_candidates,0
ASI-00076,Fort at the bottom of the hill Donagartal Nagpur,,,,,no_candidates,0
ASI-00077,Temple Ghogra Nagpur,,,,,no_candidates,0
ASI-00078,Stone Circle Ghorar Nagpur,,,,,no_candidates,0
ASI-00079,Stone Circle Junapani Nagpur,,,,,no_candidates,0
ASI-00080,Ancient Buddhist remains comprising Mansar & Kahari Nagpur monastery,,,,,no_candidates,0
ASI-00081,Old High Court Building Nagpur Nagpur,,,,,no_candidates,0
ASI-00082,Stone circle Nildho Nagpur 66 Sl.No. Name of the Monument / Site Locality District,,,,,no_candidates,0
ASI-00083,Kalimata's Temple Ramtek Nagpur,,,,,no_candidates,0
ASI-00084,The remains of a very old shrines upon the Ramtek Nagpur western ridge at the end of the Ramtek hill overlooking the town between the group of temples and the bungalow. The shrine consists simply of a portion of porch of a temple and the mutilated image of the Trivikram Avatara of Vishnu,,,,,low_confidence,6.622516556
ASI-00085,The tank and Mandapa opposite to the Ramtek Nagpur Dattatraya's Temple,,,,,no_candidates,0
ASI-00086,Stone Circle Takalghat Nagpur,,,,,no_candidates,0
ASI-00087,Fort Paunar Wardha,,,,,no_candidates,0
ASI-00088,Hemadpanti Temple of Mahadeo known by Neir Yeotmal name Someshwar,,,,,no_candidates,0
ASI-00089,Temple of Goddess Pandhardevi Pandhardevi Yeotmal,,,,,no_candidates,0
ASI-00090,Temple of Kamaleshwar Pathrot Yeotmal,,,,,no_candidates,0
ASI-00091,Mahadeo’s Temple Rant Swangi Yeotmal,,,,,no_candidates,0
ASI-00092,Mahadeo’s Temple Rui-Wai Yeotmal,,,,,no_candidates,0
ASI-00093,Hemadpanthi Temple of Shree Mahadev Tapona Yeotmal,,,,,no_candidates,0
ASI-00094,Mahadeo’s Temple Yelabara Yeotmal List of Centrally Protected Monuments / Sites under the jurisdiction of Manipur Sl.No. Name of the Monument / Site Locality District,,,,,no_candidates,0
ASI-00001,Temple of Vishnu Bishnupur Bishnupur 67 List of Centrally Protected Monuments / Sites under the jurisdiction of Meghalaya Sl.No. Name of the Monument / Site Locality District,,,,,no_candidates,0
ASI-00001,U-Mawthoh-dur Bhoi Country East Khasi Hills,,,,,no_candidates,0
ASI-00002,Scott’s Monument Sohra (Cherrapunji) East Khasi Hills,,,,,no_candidates,0
ASI-00003,Manipur Memorial Shillong East Khasi Hills,,,,,no_candidates,0
ASI-00004,Megalithic bridge Amlarem West Jaintia Hills 68,,,,,no_candidates,0
ASI-00005,Megalithic bridge known as Thulu-um-wi Maput West Jaintia Hills,,,,,no_candidates,0
ASI-00006,U-Mawthoh-dur-briew Nartiang West Jaintia Hills,,,,,no_candidates,0
ASI-00007,Megalithic bridge Syndai West Jaintia Hills,,,,,no_candidates,0
ASI-00008,A Tank Syndai West Jaintia Hills List of Centrally Protected Monuments / Sites under the jurisdiction of Mizoram Sl.No. Name of the Monuments/Sites Locality District,,,,,no_candidates,0
ASI-00001,Menhirs and Caves at Vangchhia Vangchhia Champhai 69 List of Centrally Protected Monuments / Sites under the jurisdiction of Nagaland Sl.No. Name of the Monument / Site Locality District,,,,,no_candidates,0
ASI-00001,Remains of Fort Dimapur Dimapur,,,,,no_candidates,0
ASI-00002,Memorial of Mr. G.H. Damant,,,,,no_candidates,0
ASI-00003,Stone Cairn to memory of Mr. Damant Kohima Kohima,,,,,no_candidates,0
ASI-00004,Lt. H. Forbe’s Grave Suchima Kohima 70,,,,,no_candidates,0
ASI-00017,List of Centrally Protected Monuments / Sites under the jurisdiction of N.C.T. of Delhi (Delhi Circle) Sl.No. Name of the Monument / Site Locality District,,,,,no_candidates,0
ASI-00001,Tomb of Ghaziuddin Khan Ajmeri Gate,,,,,no_candidates,0
ASI-00002,Ajmeri Gate Bazar Ajmeri Gate Central Delhi,,,,,no_candidates,0
ASI-00003,Delhi Gate Daryaganj Central Delhi,,,,,no_candidates,0
ASI-00004,Kotla Firoz Shah Firozabad with the Delhi Gate Central Delhi remaining walls,,,,,no_candidates,0
ASI-00005,Portion of the City Wall of Shahjahanabad,,,,,no_candidates,0
ASI-00006,Ashoka’s Pillar on Bridge at Firozabad Firozabad Kotla near Central Delhi Delhi Gate,,,,,no_candidates,0
ASI-00007,Bara Khamba Cemetery Imperial City Central Delhi,,,,,no_candidates,0
ASI-00008,Mazar of Shaikh Nabi Karim Muhammad Paharganj Central Delhi Ibrahim Zauq,,,,,no_candidates,0
ASI-00009,Fortification Wall Asad Burj,,,,,no_candidates,0
ASI-00010,Salimgarh Fort,,,,,no_candidates,0
ASI-00011,Tomb of Razya Begum in Mohalla Bulbuli Shahjahanabad Central Delhi Khana,,,,,no_candidates,0
ASI-00012,Lal Darwaza,,,,,no_candidates,0
ASI-00013,Khair-ul-Manazil Babarpur Bazidpur New Delhi (Kaka Nagar),,,,,no_candidates,0
ASI-00014,Moti Gate of Sher Shah’s Delhi Babarpur Opposite New Delhi Zoo,,,,,no_candidates,0
ASI-00015,Kos Minar or Mughal Mile Stone Between Purana Qila New Delhi and Azim Ganj (Zoo),,,,,no_candidates,0
ASI-00016,Jantar Mantar Connaught Place New Delhi,,,,,no_candidates,0
ASI-00017,Uggar Sain’s Baoli Connaught Place near New Delhi the Jantar Mantar,,,,,no_candidates,0
ASI-00018,The Tomb of Mohammed Shah Known as Lodi Garden New Delhi Mubarak Khan-Ka-Gumbaz,,,,,no_candidates,0
ASI-00019,Tomb of Sikandar Lodi with its enclosure wall Lodi Garden New Delhi and bastions,,,,,no_candidates,0
ASI-00020,Old Lodi Bridge with approaches Lodi Garden New Delhi,,,,,no_candidates,0
ASI-00021,Mosque with its dalans and courtyard and the Lodi Garden New Delhi Bara Gumbaz Mosque,,,,,no_candidates,0
ASI-00022,Unknown Tomb with blue tiles decoration Lodi Garden New Delhi known as Shish Gumbad,,,,,no_candidates,0
ASI-00023,Tomb of Safdarjang (Mirza Muqim Mansur Near Jor Bagh Metro New Delhi Ali Khan) with all enclosure walls,,,,,no_candidates,0
ASI-00024,Sher Shah’s gate with the adjoining curtain Opposite Purana New Delhi walls and Bastions and the remains of the Qila,,,,,no_candidates,0
ASI-00025,Shikargah Kusak Teen Murti Bhawan New Delhi,,,,,no_candidates,0
ASI-00026,Purana Qila (Inderpat) or Delhi with all its Two miles of South of New Delhi walls arcades,,,,,no_candidates,0
ASI-00027,Site of Siege battery Known as the Sammy 300 yards East of North Delhi House Battery Mutiny Memorial,,,,,no_candidates,0
ASI-00028,Flag Staff Tower 400 Yards north of North Delhi Chauburji Mosque near Hindu Rao Hospital,,,,,no_candidates,0
ASI-00029,Phoolchadar aqueduct near Najafgarh Jhil Chaukri Mubarakabad North Delhi aqueduct,,,,,no_candidates,0
ASI-00030,Site of Siege Battery Compound of Curzon North Delhi House,,,,,no_candidates,0
ASI-00031,Alipur Cemetery Delhi Alipur Camping North Delhi ground,,,,,no_candidates,0
ASI-00032,Site of Siege Battery East of Hospital in North Delhi Police Line,,,,,no_candidates,0
ASI-00033,The remaining gateways of old Magazine GPO,,,,,no_candidates,0
ASI-00034,Site of Siege Battery In the garden near North Delhi south west entrance to Delhi Club ground,,,,,no_candidates,0
ASI-00035,Tripolia Gateways Kashmeri Gate North Delhi,,,,,no_candidates,0
ASI-00036,Lothian Road Cemetery Kashmeri Gate North Delhi,,,,,no_candidates,0
ASI-00037,Kashmeri Gate and Portion of City Wall on Kashmeri Gate (ISBT) North Delhi either side of the Kashmeri Gate i.e. from Mori Gate to Kashmeri Gate on one side and on the other upto and including the Water Bastions at the Northern corner of the wall and also including the ditch outside the City Wall where this is exposed,,,,,no_candidates,0
ASI-00038,Nicholson (or Kashmeri Gate) Cemetery Kashmeri Gate near North Delhi Metro Station,,,,,low_confidence,20.83333333
ASI-00039,D’Eremao Cemetery Kishanganj Railway North Delhi Station,,,,,no_candidates,0
ASI-00040,Tomb of Capt. Mac. Barnatt & others who fall Kishanganj Railway North Delhi in an attack on Kishanganj. Station,,,,,low_confidence,17.77777778
ASI-00041,Portion of City Wall near which Brigadier Near Kashmeri Gate North Delhi General John Nicholson was mortally wounded on 14th Sept.,,,,,no_candidates,0
ASI-00042,Enclosure containing the grave of Lt. Northern ridge near North Delhi Edwards and other,,,,,low_confidence,16.16161616
ASI-00043,Rajpur (Mutiny Cemetery) Old Rajpur North Delhi Cantonment (Maurice Nagar),,,,,no_candidates,0
ASI-00044,The Pirgaib. To the north of and near Hindu On the ridge Delhi North Delhi Rao’s House on the ridge,,,,,no_candidates,0
ASI-00045,Old Baoli immediately to the west of Hindu On the ridge Delhi North Delhi Rao’s House (Hindu Rao Hospital),,,,,no_candidates,0
ASI-00046,Ashokan Pillar South of Hindu Rao Hospital On the Ridge near North Delhi Hindu Rao Hospital,,,,,no_candidates,0
ASI-00047,The Punjabi gate in the Roshanara Bagh Opposite Municipal North Delhi Board School,,,,,no_candidates,0
ASI-00048,The Old entrance Gateway of the Garden Qudsia Delhi Opposite North Delhi ISBT,,,,,no_candidates,0
ASI-00049,The Mosque Qudsia Garden North Delhi opposite ISBT,,,,,no_candidates,0
ASI-00050,Tomb of Raushanara & Baradari Raushanara Garden,,,,,no_candidates,0
ASI-00051,Delhi fort or Lal Qila,,,,,no_candidates,0
ASI-00052,Sunehri Masjid Red fort North Delhi,,,,,no_candidates,0
ASI-00053,Chauburji,,,,,no_candidates,0
ASI-00054,Military Telegraph Memorial Telegraph Building,,,,,no_candidates,0
ASI-00055,The Tomb at Wazirabad Wazirabad North Delhi,,,,,no_candidates,0
ASI-00056,The Mosque at Waziazbad Wazirabad North Delhi,,,,,no_candidates,0
ASI-00057,Neighbouring Bridge Wazirabad Wazirabad North Delhi,,,,,no_candidates,0
ASI-00058,Gateways of Badli-Ki-Sarai Near Azadpur Subzi North West Mandi (Pipalthala) Delhi,,,,,no_candidates,0
ASI-00059,Sheesh Mahal Shalimar Garden,,,,,no_candidates,0
ASI-00060,Bastion,,,,,no_candidates,0
ASI-00061,Ramp and gateways of Rai Pithora's Fort Adchini South Delhi,,,,,no_candidates,0
ASI-00062,Marble Tomb reputed to be that of Nawab Aliganj South Delhi Bahadur Jawid Khan in Village of Aliganj,,,,,no_candidates,0
ASI-00063,Begumpuri Masjid Begumpur South Delhi,,,,,no_candidates,0
ASI-00064,Moth-ki-Masjid Behind South South Delhi Extension-II,,,,,no_candidates,0
ASI-00065,Tomb of Bahlol Lodi Chirag Delhi South Delhi,,,,,no_candidates,0
ASI-00066,Lal Gumbad,,,,,no_candidates,0
ASI-00067,Hauz Khas:- Group of Building at Hauz Khas Hauz Khas South Delhi consisting of the following (i) The tomb of Ferozshah (ii) Domed Building to the west of No.1,,,,,no_candidates,0
ASI-00068,Bandi or Potika Gumbad III-280 Hauz Khas South Delhi,,,,,no_candidates,0
ASI-00069,Chor Minar No. 289 Vol III Hauz Khas South Delhi,,,,,no_candidates,0
ASI-00070,Kali Gumti Hauz Khas South Delhi,,,,,no_candidates,0
ASI-00071,Bara Khamba-285 Hauz Khas South Delhi,,,,,no_candidates,0
ASI-00072,Biran-Ka-Gumbad-282 Hauz Khas South Delhi,,,,,no_candidates,0
ASI-00073,Biwi or Dadi-ka-Gumbad-281 Hauz Khas South Delhi 74 Sl.No. Name of the Monument / Site Locality District,,,,,no_candidates,0
ASI-00074,Choti Gumti Hauz Khas South Delhi,,,,,no_candidates,0
ASI-00075,Sakri Gumti-284 Hauz Khas Enclave South Delhi near Green Park,,,,,no_candidates,0
ASI-00076,Nili Mosque Hauz Khas Enclave South Delhi,,,,,no_candidates,0
ASI-00077,Idgah of Kharehra Hauz Khas Enclave South Delhi,,,,,no_candidates,0
ASI-00078,Wall of Rai Pithora's Fort and Jahanpanah at Hauz Rani Village South Delhi the point where they meet together,,,,,no_candidates,0
ASI-00079,Bagh-I-Alam Gumbad with a Mosque Humayunpur Village South Delhi (Hauz Khas),,,,,no_candidates,0
ASI-00080,Tohfewala Gumbad Humayunpur Village South Delhi (Hauz Khas),,,,,no_candidates,0
ASI-00081,Khirkee Masjid Khirki Village near South Delhi Malviya Nagar,,,,,no_candidates,0
ASI-00082,Tomb of Usuf-Quttal situated at Khirki Khirki Village near South Delhi Malviya Nagar,,,,,no_candidates,0
ASI-00083,Satpula-III –216 Khirki Village near South Delhi Malviya Nagar,,,,,no_candidates,0
ASI-00084,Tomb of Darya Khan Kidwai Nagar East South Delhi,,,,,low_confidence,19.35483871
ASI-00085,Gate and walls of Mubarakpur,,,,,no_candidates,0
ASI-00086,Inchla Wali Gumti Kotla Mubrakpur South Delhi Village,,,,,no_candidates,0
ASI-00087,Tombs of Laddo Khan (Bade-Khan),,,,,no_candidates,0
ASI-00088,Tombs of Choto Khan,,,,,no_candidates,0
ASI-00089,Tomb of Mubarik Shah in Mubarikpur,,,,,no_candidates,0
ASI-00090,Tomb of Bhure Khan Kotla Mubrakpur South Delhi Village,,,,,no_candidates,0
ASI-00091,Mosque attached to Mubarik Shah’s Tomb Kotla Mubrakpur South Delhi Village,,,,,no_candidates,0
ASI-00092,Kala Gumbad Kotla Mubrakpur South Delhi Village,,,,,no_candidates,0
ASI-00093,Area between Jamali Kamali and Balban’s Lado Sarai South Delhi Tomb,,,,,no_candidates,0
ASI-00094,Gateway of Rai Pithoria's Fort Lado Sarai Village South Delhi,,,,,no_candidates,0
ASI-00095,Badaun Gate Lado Sarai Village South Delhi,,,,,no_candidates,0
ASI-00096,A Gateway of Lalkot Lado Sarai Village South Delhi,,,,,no_candidates,0
ASI-00097,Marri (Mandi) Mosque Lado Sarai Village South Delhi,,,,,no_candidates,0
ASI-00098,Rajon-ki-Bain with Mosque and Chatri Lado Sarai Village South Delhi,,,,,no_candidates,0
ASI-00099,Unknown tomb said to be of Azim Khan Lado Sarai Village South Delhi,,,,,no_candidates,0
ASI-00100,Tomb of Sultan Ghari Malikpur Kothi South Delhi opposite Vasant Kunj,,,,,no_candidates,0
ASI-00101,Bijai Mandal,,,,,no_candidates,0
ASI-00102,Tomb of Sheikh Kabiru’d-Din also known as Malviya Nagar South Delhi Rakabwala Gumbad in field no.84 min. situated at sarai Shah 31 property of Thoks Shahpur and Adhehini,,,,,no_candidates,0
ASI-00103,Group of monuments at Sarai Shahji Malviya Nagar South Delhi,,,,,low_confidence,34.14634146
ASI-00104,Tomb of Adham Khan (Rest House) Mehrauli South Delhi,,,,,no_candidates,0
ASI-00105,Tomb and Mosque of Maulana Jamali Kamali Mehrauli South Delhi,,,,,no_candidates,0
ASI-00106,Walls of Lal Kot and Rai Pithora's fort from Mehrauli South Delhi Sohan Gate to Adham Khan's tomb including the ditch where there is an outer wall 75 Sl.No. Name of the Monument / Site Locality District,,,,,low_confidence,28.46153846
ASI-00107,Walls of Lal Kot and Rai Pithora's fort at the Mehrauli South Delhi point where they meet together,,,,,no_candidates,0
ASI-00108,Wall of Rai Pithora's fort including gateways Mehrauli South Delhi and bastions,,,,,no_candidates,0
ASI-00109,Old Baoli known as Diving Wall in Mauza Mehrauli South Delhi locally known as (Gandhak-ki-baoli),,,,,no_candidates,0
ASI-00110,Hauz Shamsi,,,,,no_candidates,0
ASI-00111,Wall mosque at Mehrauli Mehrauli South Delhi,,,,,no_candidates,0
ASI-00112,Enclosure containing the tomb of Shah Alam Mehrauli South Delhi Bahadur Shah,,,,,no_candidates,0
ASI-00113,Iron Pillar,,,,,no_candidates,0
ASI-00114,Mosque known by the name of Shamsi Mehrauli Village South Delhi Tallab together with both platform entrance gates.,,,,,no_candidates,0
ASI-00115,Jahaz Mahal in Mehrauli Mehrauli Village South Delhi,,,,,no_candidates,0
ASI-00116,Old Palace of Bahadur Shah II alias Lal Mehrauli Village South Delhi Mahal in Mehrauli,,,,,no_candidates,0
ASI-00117,Moti Masjid Mehrauli Village South Delhi,,,,,no_candidates,0
ASI-00118,The Qutb Archaeological area as now fenced Mehrauli Village South Delhi in,,,,,no_candidates,0
ASI-00119,Unnamed tomb,,,,,no_candidates,0
ASI-00120,Tin Burji Wala Gumbad,,,,,no_candidates,0
ASI-00121,Baoli,,,,,no_candidates,0
ASI-00122,Munda Gumbad,,,,,no_candidates,0
ASI-00123,Unnamed Mosque,,,,,no_candidates,0
ASI-00124,Unnamed Tomb,,,,,no_candidates,0
ASI-00125,Unnamed Tomb,,,,,no_candidates,0
ASI-00126,Unnamed Tomb,,,,,low_confidence,6.25
ASI-00127,Unnamed Tomb,,,,,no_candidates,0
ASI-00128,(i) Unnamed Mosque,,,,,no_candidates,0
ASI-00129,Wazirpur-ka-gumbad,,,,,no_candidates,0
ASI-00130,Unknown Tomb in the Vicinity of Jawahar Lal Pragati Vihar,,,,,no_candidates,0
ASI-00131,Enclosure wall with enclosure of the Tomb of Safdarjang Flyover South Delhi Najaf Khan measuring 42 bighas,,,,,no_candidates,0
ASI-00132,Internal buildings of Siri Mohamdi wala- Shahpur Jat Village South Delhi 76 Sl.No. Name of the Monument / Site Locality District Kh. No. 14 Shahpur Jat Makhdumki Kh. No. 255 Shahpur Jat,,,,,no_candidates,0
ASI-00133,Ruined line of walls,,,,,no_candidates,0
ASI-00134,Lal Bangla,,,,,no_candidates,0
ASI-00135,Ashokan Rock Edict at Bahapur East of Kailash South East Delhi,,,,,no_candidates,0
ASI-00136,Mound known as Jogabai Jamia Nagar South East Delhi,,,,,no_candidates,0
ASI-00137,Sunderwala Burj Near Humayun’s South East Tomb Delhi,,,,,no_candidates,0
ASI-00138,The Gateway of the Arab Sarai facing North Near Humayun’s South East towards Purana Qila Tomb Delhi,,,,,no_candidates,0
ASI-00139,The Gateway of the Arab Sarai facing East Near Humayun’s South East towards the tomb of Humayun Tomb Delhi,,,,,no_candidates,0
ASI-00140,Remaining Gateways of Arab Sarai and of Near Humayun’s South East Abadi-Bagh-Buhalima Tomb Delhi,,,,,no_candidates,0
ASI-00141,Arab Sarai Near Humayun’s South East Tomb Delhi,,,,,no_candidates,0
ASI-00142,Lakkarwala Gumbad (Tomb) Near Humayun’s South East Tomb Delhi,,,,,no_candidates,0
ASI-00143,Sunderwala Mahal Near Humayun’s South East Tomb Delhi,,,,,no_candidates,0
ASI-00144,The Afsah-wala-ki-Masjid situated outside the Nizamuddin South East west gate of Humayun's tomb with its dalans Delhi and paved court.,,,,,no_candidates,0
ASI-00145,Humayun's tomb,,,,,no_candidates,0
ASI-00146,Nila Gumbaz outside the south corner of the Nizamuddin South East enclosure of Humayun's tomb. Delhi,,,,,no_candidates,0
ASI-00147,The tomb of Isa Khan with its surrounding Nizamuddin South East enclosure walls and turrets,,,,,no_candidates,0
ASI-00148,The Tomb of Afsah-wala immediately near Nizamuddin South East and to the south of Afsah-wala-ki-Masjid Delhi,,,,,no_candidates,0
ASI-00149,Tomb of Khan-i-Khana Nizamuddin South East Delhi,,,,,no_candidates,0
ASI-00150,Bara Pulah bridge near Nizammudin Nizamuddin South East Delhi,,,,,no_candidates,0
ASI-00151,The Nili Chhatri or Sabz Burj,,,,,no_candidates,0
ASI-00152,The Chausath Khamba and tomb of Mirza Nizamuddin South East Aziz Kokaltash Delhi,,,,,no_candidates,0
ASI-00153,The Grave of Jahanara Begum Nizamuddin South East Delhi,,,,,no_candidates,0
ASI-00154,The Grave of Muhammad Shah Nizamuddin South East Delhi,,,,,no_candidates,0
ASI-00155,The Grave of Mirza Jahangir Nizamuddin South East Delhi 77 Sl.No. Name of the Monument / Site Locality District,,,,,no_candidates,0
ASI-00156,Bara Khamba outside north entrance to Nizamuddin South East shrine Delhi,,,,,no_candidates,0
ASI-00157,Tomb of Mirza Muzaffar called Chota Nizamuddin South East Batasha Delhi,,,,,no_candidates,0
ASI-00158,Unknown tomb Ghiaspur 153,,,,,no_candidates,0
ASI-00159,Tomb with three domes near Rly. Station Nizamuddin South East Delhi,,,,,no_candidates,0
ASI-00160,Tomb of Mirza Muzaffar called Bara Batasha Nizamuddin South East Delhi,,,,,no_candidates,0
ASI-00161,Tomb of Amir Khusro Nizamuddin South East Delhi,,,,,no_candidates,0
ASI-00162,Baoli Nizamuddin South East Delhi,,,,,no_candidates,0
ASI-00163,Tomb of Nizamuddin Olia Nizamuddin South East Delhi,,,,,low_confidence,42.10526316
ASI-00164,Tomb of Atgah Khan Nizamuddin South East Delhi,,,,,no_candidates,0
ASI-00165,Mazar of MirzaGhalib Nizamuddin South East Delhi,,,,,no_candidates,0
ASI-00166,Walls,,,,,no_candidates,0
ASI-00167,Walls,,,,,no_candidates,0
ASI-00168,Nai ka kot in Tughlaqabad Tughlaqabad South East Delhi,,,,,no_candidates,0
ASI-00169,Tomb of Ghiyasu’d-Din Tughlaqabad walls Tughlaqabad South East and bastions,,,,,no_candidates,0
ASI-00170,Tomb of Mohammad Tughlaq Shah at Tughlaqabad South East Tughlaqabad Delhi,,,,,no_candidates,0
ASI-00171,Walls of old City of Tughlaqabad. Tughlaqabad South East Delhi,,,,,no_candidates,0
ASI-00172,Ancient Mosque (Babur’s Period) together Palam Village South West with adjacent area comprised in part of Delhi Survey plot No. 177 78,,,,,no_candidates,0
ASI-00018,List of Centrally Protected Monuments / Sites under the jurisdiction of Odisha (Bhubaneswar Circle) Sl.No. Name of the Monument / Site Locality District,,,,,no_candidates,0
ASI-00001,Chausatti Jogini temple together with three Jharial Bolangir minor shrines and adjacent land,,,,,no_candidates,0
ASI-00002,Group of Temples Ranipur-Jharial Bolangir,,,,,no_candidates,0
ASI-00003,Tempes of Nilamadhava and Siddheswara Gandharadhi Boudh,,,,,no_candidates,0
ASI-00004,Paschima-Somanatha,,,,,no_candidates,0
ASI-00005,Ancient site of Asurgarh fort Asurgarh Kalahandi,,,,,no_candidates,0
ASI-00006,Daksha Prajapati temple together with Banpur Khurda adjacent land,,,,,no_candidates,0
ASI-00007,Bhaskareswar temple Bargarh (In Khurda Bhubaneswar now),,,,,no_candidates,0
ASI-00008,Brahmeswar temple with its minor shrines in Bargarh (In Khurda the compound Bhubaneswar now),,,,,no_candidates,0
ASI-00009,Nabakeswar Temple Bargarh (In Khurda Bhubaneswar now),,,,,no_candidates,0
ASI-00010,Rameswar Temple Bargarh (In Khurda Bhubaneswar now),,,,,no_candidates,0
ASI-00011,Magheswar temple with its minar shrine Besuaghai (In Khurda Bhubaneswar now),,,,,no_candidates,0
ASI-00012,Anantha Basudeva temple Bhubaneswar Khurda,,,,,no_candidates,0
ASI-00013,Bakeswar temple Bhubaneswar Khurda,,,,,no_candidates,0
ASI-00014,Boital Temple Bhubaneswar Khurda,,,,,no_candidates,0
ASI-00015,Chitrakarni temple Bhubaneswar Khurda,,,,,no_candidates,0
ASI-00016,Jameswar temple with its minor shrines Bhubaneswar Khurda,,,,,no_candidates,0
ASI-00017,Lord Lingraj Temple with all the minor Bhubaneswar Khurda temples in the compound as given below- (i) Amania well,,,,,no_candidates,0
ASI-00018,Maitreswar temple with all the minor temples Bhubaneswar Khurda in the compound,,,,,no_candidates,0
ASI-00019,Makareswar temple with its minor shrines Bhubaneswar Khurda,,,,,no_candidates,0
ASI-00020,Markundeswar temple Bhubaneswar Khurda,,,,,no_candidates,0
ASI-00021,Papnasini Tank together with adjacent area Bhubaneswar Khurda 79 Sl.No. Name of the Monument / Site Locality District,,,,,no_candidates,0
ASI-00022,Paramguru temple together with adjacent Bhubaneswar Khurda area,,,,,no_candidates,0
ASI-00023,Parsurameswar temple Bhubaneswar Khurda,,,,,no_candidates,0
ASI-00024,Raja Rani temple Bhubaneswar Khurda,,,,,no_candidates,0
ASI-00025,Sari Deul No. 1 Bhubaneswar Khurda,,,,,no_candidates,0
ASI-00026,Sidheswar temple Bhubaneswar Khurda,,,,,no_candidates,0
ASI-00027,Sisiresvara temple together with adjacent Bhubaneswar Khurda area,,,,,no_candidates,0
ASI-00028,Sahasralinga Tank Bhubaneswar Khurda,,,,,no_candidates,0
ASI-00029,Mukteswar temple with its minor shrines but Bhubaneswar Khurda excluding the Murich Kunda.,,,,,no_candidates,0
ASI-00030,Rock inscription of the edicts of Asoka Dhauli Khurda together with the stone built shelter in front and the elephant sculpture immediately above it,,,,,no_candidates,0
ASI-00031,Small rock cut cell with a niche and an Dhauli Khurda inscription of Santikara,,,,,no_candidates,0
ASI-00032,Chausath Jogini temple locally known as Hirapur Khurda Mahamaya temple,,,,,no_candidates,0
ASI-00033,All ancient caves,,,,,no_candidates,0
ASI-00034,Ancient remains inside and outside the Sisupalgarh Khurda rampart,,,,,no_candidates,0
ASI-00035,Kapileswar Temple Kapileswar Khurda,,,,,no_candidates,0
ASI-00036,Monuments of Gangadara Swami Kottakolla Ganjam,,,,,no_candidates,0
ASI-00037,Jagadeswara Swami Kottakolla Ganjam,,,,,no_candidates,0
ASI-00038,Bhima temple Mahendragiri Ganjam,,,,,low_confidence,26.08695652
ASI-00039,Kunti temple Mahendragiri Ganjam,,,,,no_candidates,0
ASI-00040,Yudhistra temple Mahendragiri Ganjam,,,,,low_confidence,33.33333333
ASI-00041,Asoka Rock Inscriptions Pandya Ganjam (Puri Circle) Sl.No. Name of the Monument / Site Locality District,,,,,no_candidates,0
ASI-00001,Bhingesvara Mahadeva temple Bajrakot Angul,,,,,no_candidates,0
ASI-00002,Rock-cut Vishnu Rasol Angul,,,,,no_candidates,0
ASI-00003,Ruined fortress Agrahat,,,,,no_candidates,0
ASI-00004,Ruins of the Buddhist temples and images Bandareswar Cuttack,,,,,no_candidates,0
ASI-00005,Bhubaneswar Mahadev temple Balia Jagatsinghapur 80 Sl.No. Name of the Monument / Site Locality District,,,,,no_candidates,0
ASI-00006,The Ancient monuments of Barabati Fortress Cuttack Cuttack and the ruins and remains of all ancient edifices,,,,,no_candidates,0
ASI-00007,Churangarh Fort locally known as Sarangarh Dadhapatna Cuttack,,,,,no_candidates,0
ASI-00008,Ananateshwar Mahadev Temple Lendura Bhagwanpur Cuttack,,,,,no_candidates,0
ASI-00009,Pancha Pandava temple together with Magura Dhanmandal Cuttack adjacent land,,,,,no_candidates,0
ASI-00010,Ruins of Buddhist temples and images Nalitgiri (Lalitgiri) Jajpur,,,,,no_candidates,0
ASI-00011,Ancient sites at Baneswaranasi Padamal Pattana Cuttack,,,,,no_candidates,0
ASI-00012,Sri Sri Mahimamani Dev Ragadi Cuttack,,,,,no_candidates,0
ASI-00013,Durga temple Rameswar Cuttack,,,,,no_candidates,0
ASI-00014,Simhanatha Mahadeva temple Simhanatha Pitha,,,,,no_candidates,0
ASI-00015,The Monolith (a massive stone pillar) also Siriapur Jajpur called Chandeswar Pillar (In Jajpur town now),,,,,no_candidates,0
ASI-00016,Temple of Kapileswar Mahadev Hatuari Dhenkanal,,,,,no_candidates,0
ASI-00017,Chandrasekhar Temple (Group of Kapilas Dhenkanal Monuments and Ancient Steps),,,,,no_candidates,0
ASI-00018,Kanakesvara Mahadev Temple and Group of Kualo Dhenkanal Temples,,,,,no_candidates,0
ASI-00019,Arnakotiswar alias Unnnakotiswar Mahadev Latadeipur Dhenkanal Temple,,,,,no_candidates,0
ASI-00020,Ananta Sayi Vishnu Sarang Dhenkanal,,,,,no_candidates,0
ASI-00021,Varahanatha Jew Temple Bidhan Jajpur (In Jajpur town now),,,,,no_candidates,0
ASI-00022,Udayagiri Hill. Chandia jajpur Old hill containing many valuable sculptures,,,,,no_candidates,0
ASI-00023,Jagannath Temple including Mukteswar Jajpur Town Jajpur Temple,,,,,no_candidates,0
ASI-00024,Ancient Buddhist Site,,,,,no_candidates,0
ASI-00025,Old Hill containing many valuable sculptures Ratnagiri Jajpur and images,,,,,no_candidates,0
ASI-00026,Dharma Mahakal Temple Ratnagiri Jajpur,,,,,no_candidates,0
ASI-00027,The Mahratta bridge lacally known as the Siriapur Jajpur Atharanulla (eighteen arches bridge) and (In Jajpur town now) also as Tentulimal bridge,,,,,no_candidates,0
ASI-00028,Four colossal images named: Sub-Collector’s Jajpur (i) Varahi,,,,,no_candidates,0
ASI-00029,Trilochaneswar Mahadev Temple Trilochanpur Jajpur (In Jajpur town now),,,,,no_candidates,0
ASI-00030,Vikramkhol rock inscriptions Vikramkhol Jharsuguda,,,,,no_candidates,0
ASI-00031,Ancient site of Asurgarh fort Asurgarh Kalahandi,,,,,no_candidates,0
ASI-00032,Paintings on the rock locally known as Sitabhanji,,,,,no_candidates,0
ASI-00033,Prehistoric sites Baidyapur Mayurbhanj,,,,,no_candidates,0
ASI-00034,Ruins of ancient fort Haripur Mayurbhanj,,,,,no_candidates,0
ASI-00035,Prehistoric sites Kuchai Mayurbhanj,,,,,no_candidates,0
ASI-00036,Prehistoric sites Kuliana Mayurbhanj,,,,,no_candidates,0
ASI-00037,The Ancient Monument of the Black pagoda Konark Puri and the ruins and remains of all ancient edifices,,,,,no_candidates,0
ASI-00038,Varahi temple Puri Puri,,,,,low_confidence,27.02702703
ASI-00039,Bridge of eighteen openings over the Puri Puri Madhupur (alias Hul hulia) stream known as Athara Nala Bridge,,,,,no_candidates,0
ASI-00040,Shri Jagannath Temple and subsidiary Puri Puri shrines together with adjacent area 82,,,,,low_confidence,23.85321101
ASI-00019,List of Centrally Protected Monuments under the jurisdiction of Puducherry (U.T.) (Chennai Circle) Sl.No. Name of the Monument / Site Locality District,,,,,no_candidates,0
ASI-00001,Archaeological site and remains. Arikkamedu Puducherry (Ariankuppam),,,,,no_candidates,0
ASI-00002,Siva temple dedicated to Sri Mulanathar Bahur Puducherry,,,,,no_candidates,0
ASI-00003,Siva temple dedicated to Thirukkundangudi Madagadipattu Puducherry Mahesvarar called also dear kovil,,,,,no_candidates,0
ASI-00004,Siva temple dedicated to Swayambhunatha Nedungadu Puducherry Swami or Tantondriyivar,,,,,no_candidates,0
ASI-00005,Siva Temple Settur Puducherry,,,,,no_candidates,0
ASI-00006,Vishnu temple dedicated to Tingalai Sri Tirubuvanai Puducherry Varadarajaperumal,,,,,no_candidates,0
ASI-00007,Siva temple dedicated to Sri Tiruvandar Koil Puducherry Panchanathaeswarar or Sri Vadukiswarar 83,,,,,no_candidates,0
ASI-00020,List of Centrally Protected Monuments / Sites under the jurisdiction of Punjab (Chandigarh Circle) Sl.No. Name of the Monument / Site Locality District,,,,,no_candidates,0
ASI-00001,Ram Bagh Gate Amritsar Amritsar,,,,,no_candidates,0
ASI-00002,Summer Palace of Maharaja Ranjit Singh Amritsar Amritsar,,,,,no_candidates,0
ASI-00003,Bhatinda Fort Bhatinda Bhatinda,,,,,no_candidates,0
ASI-00004,Ancient site & Buddhist Stupa Sanghol (Uncha Pind) Fatehgarh Sahib,,,,,no_candidates,0
ASI-00005,Ancient Buddhist Stupa Site (SGL-11) Sanghol Fatehgarh Sahib,,,,,no_candidates,0
ASI-00006,The mound about 60 feet high known as Abohar Fazilka Mud Fort situated in field No. 1787/1/1,,,,,no_candidates,0
ASI-00007,Baradari generally known as Anarkali Batala Gurdaspur,,,,,no_candidates,0
ASI-00008,Shamsher Khan's Tomb Batala Gurdaspur,,,,,no_candidates,0
ASI-00009,Takht-i-Akbar Kalanaur Gurdaspur,,,,,no_candidates,0
ASI-00010,Seven Kos Minars on old Badshahi highway Birpind Jalandhar form Delhi to Lahore,,,,,no_candidates,0
ASI-00011,Seven Kos Minars on old Badshahi highway Chima Kalan Jalandhar from Delhi to Lahore,,,,,no_candidates,0
ASI-00012,Mughal Bridge Dakhni Jalandhar,,,,,no_candidates,0
ASI-00013,Sarai including Gateway Dakhni Jalandhar,,,,,no_candidates,0
ASI-00014,Seven Kos Minars on old Badshahi highway Dakhni Jahangir Jalandhar from Delhi to Lahore,,,,,no_candidates,0
ASI-00015,Mughal Kos Minar,,,,,no_candidates,0
ASI-00016,Ancient Mound comprised in Survey Plot Katpalon Jalandhar No. 58,,,,,no_candidates,0
ASI-00017,Theh Gatti (Mound) Nagar Jalandhar,,,,,no_candidates,0
ASI-00018,Seven Kos Minars on old Badshahi highway Nakodar Jalandhar from Delhi to Lahore,,,,,no_candidates,0
ASI-00019,Two tombs,,,,,no_candidates,0
ASI-00020,Sarai including gateway Nurmahal Jalandhar,,,,,no_candidates,0
ASI-00021,Maharaja Ranjit Singh Fort Phillaur Jalandhar 84 Sl.No. Name of the Monument / Site Locality District,,,,,no_candidates,0
ASI-00022,Seven Kos Minars on old Badshahi highway Shampur Jalandhar from Delhi to Lahore,,,,,no_candidates,0
ASI-00023,Seven Kos Minars on old Badshahi highway Tut Kalan Jalandhar from Delhi to Lahore,,,,,no_candidates,0
ASI-00024,Seven Kos Minars on old Badshahi highway Upal Jalandhar from Delhi to Lahore,,,,,no_candidates,0
ASI-00025,Kos Minar about three miles east of Dhandari Kalan Ludhiana Ludhiana (missing),,,,,no_candidates,0
ASI-00026,Kos Minar near the village of Ghungrali Ghungrali Rajputan Ludhiana Rajputan,,,,,no_candidates,0
ASI-00027,Kos Minar near the Sarai of Lashkari Khan Laskari Khan Ludhiana,,,,,no_candidates,0
ASI-00028,Kos Minar about one mile east of Ludhiana Sherpur Kalan Ludhiana,,,,,no_candidates,0
ASI-00029,Ancient Site of Sunet Sunet Ludhiana,,,,,no_candidates,0
ASI-00030,Kos Minar near the village of Sunnahwal Sunnahwal Ludhiana,,,,,no_candidates,0
ASI-00031,Mound near college compound Ropar Ropar,,,,,no_candidates,0
ASI-00032,Gateway of the old Sarai Akbar or Jahangir Amanat Khan Taran Taran,,,,,no_candidates,0
ASI-00033,Gateway of the old Sarai Akbar or Jahangir Fatehabad Taran Taran 85,,,,,no_candidates,0
ASI-00021,List of Centrally Protected Monuments / Sites under the jurisdiction of Rajasthan (Jaipur Circle and Jodhpur Circle) Jaipur Circle Sl.No. Name of the Monument / Site Locality District,,,,,no_candidates,0
ASI-00001,Ancient site Bhangarh Alwar,,,,,no_candidates,0
ASI-00002,Siva temple Neelkanth Alwar,,,,,no_candidates,0
ASI-00003,Baori and Adjacent Archaeological remains Neemrana Alwar,,,,,no_candidates,0
ASI-00004,Ancient Remains Pandrupol Alwar,,,,,no_candidates,0
ASI-00005,Lal Masjid Tijara Alwar,,,,,no_candidates,0
ASI-00006,Ruins of Temples Atru or Ganesh Ganj Baran,,,,,no_candidates,0
ASI-00007,Yupa Pillars Badva Baran,,,,,no_candidates,0
ASI-00008,Temple (12 century) Baran Baran,,,,,no_candidates,0
ASI-00009,Ancient Ruins and Structural Remains Krishnavilas Baran,,,,,no_candidates,0
ASI-00010,Old Temples,,,,,no_candidates,0
ASI-00011,Akbar's Chhatri Bayana Bharatpur,,,,,no_candidates,0
ASI-00012,Ancient Fort with its Monuments Bayana Bharatpur,,,,,no_candidates,0
ASI-00013,Brahmabad Idgah Bayana Bharatpur,,,,,no_candidates,0
ASI-00014,Islam Shah's Gate Bayana Bharatpur,,,,,no_candidates,0
ASI-00015,Jahangir's Gateway Bayana Bharatpur,,,,,no_candidates,0
ASI-00016,Jhajri Bayana Bharatpur,,,,,no_candidates,0
ASI-00017,Saraj Sad-ul-lah Bayana Bharatpur,,,,,no_candidates,0
ASI-00018,Usha Mandir Bayana Bharatpur,,,,,no_candidates,0
ASI-00019,Lodhi's Minar Bayana Bharatpur,,,,,no_candidates,0
ASI-00020,Fateh Burj near Anah Gate Bharatpur Bharatpur,,,,,no_candidates,0
ASI-00021,Moat surrounding the Fort wall Bharatpur Bharatpur,,,,,no_candidates,0
ASI-00022,Fort walls including Chowburja gate and Bharatpur Bharatpur approach bridges at the chowburja and ashtadhatu gates.,,,,,no_candidates,0
ASI-00023,Jawahar Burj and Ashtadhatu Gateway Bharatpur Fort (inside) Bharatpur,,,,,no_candidates,0
ASI-00024,Delhi Gate Bharatpur Fort Bharatpur (outside),,,,,no_candidates,0
ASI-00025,Deeg Bhawans (Palace) Deeg Bharatpur,,,,,no_candidates,0
ASI-00026,Looted gun Deeg Bharatpur,,,,,no_candidates,0
ASI-00027,Marble Jhoola Deeg Bharatpur 86 Sl.No. Name of the Monument / Site Locality District,,,,,no_candidates,0
ASI-00028,Chaurasi Khamba temple Kaman Bharatpur,,,,,no_candidates,0
ASI-00029,Ancient Mound Malah Bharatpur,,,,,no_candidates,0
ASI-00030,Ancient Mound Noh Bharatpur,,,,,no_candidates,0
ASI-00031,Colossal image of Yaksha Noh Bharatpur,,,,,no_candidates,0
ASI-00032,Lal Mahal Rupvas Bharatpur,,,,,no_candidates,0
ASI-00033,Mahakal and two other temples Bijolia Bhilwara,,,,,no_candidates,0
ASI-00034,Rock Inscriptions (12 century) Bijolia Bhilwara,,,,,no_candidates,0
ASI-00035,Rock Inscriptions within the Parsvanath Bijolia Bhilwara Temple compound (12 century),,,,,no_candidates,0
ASI-00036,Ancient temple known as Kaneri-ki-Putli Khadipur village Bhilwara,,,,,no_candidates,0
ASI-00037,Wall Paintings of Hardoti School in the Bundi Bundi palace,,,,,no_candidates,0
ASI-00038,Ancient Mound Keshwarai Patan Bundi,,,,,low_confidence,26.66666667
ASI-00039,Ancient Mound Nainwa Bundi,,,,,no_candidates,0
ASI-00040,Ancient Mound Abaneri Dausa,,,,,low_confidence,39.21568627
ASI-00041,Baori Abaneri Dausa,,,,,no_candidates,0
ASI-00042,Harsat Mata-ka-Mandir Abaneri Dausa,,,,,low_confidence,25.53191489
ASI-00043,Banjaron ki Chhatri containing two pillars Lalsote Dausa similar to railing pillars of Bharhut Stupa,,,,,no_candidates,0
ASI-00044,Ancient Mound Maheshra Dausa,,,,,no_candidates,0
ASI-00045,Ancient Mound Raniwas Dausa,,,,,no_candidates,0
ASI-00046,Ancient Mound Sikrai Dausa,,,,,no_candidates,0
ASI-00047,Jogni-Jogna Temple Dholpur Dholpur,,,,,no_candidates,0
ASI-00048,Sher Garh Fort Dholpur Dholpur,,,,,no_candidates,0
ASI-00049,Babur's Garden along with Ancient Jhor Dholpur Structures,,,,,no_candidates,0
ASI-00050,Sun Temple Amber Jaipur,,,,,no_candidates,0
ASI-00051,Jama Masjid Amber Jaipur,,,,,no_candidates,0
ASI-00052,Laxmi Narainji's Temple Amber Jaipur,,,,,no_candidates,0
ASI-00053,Sri Jagat Siromaniji temple Amber Jaipur,,,,,no_candidates,0
ASI-00054,Excavated Site Bairat Jaipur,,,,,no_candidates,0
ASI-00055,Pundrik-ji-ki Haveli- Paintings in a room Brahmpuri Jaipur,,,,,no_candidates,0
ASI-00056,Temple containing Fresco paintings Gultaji Jaipur,,,,,no_candidates,0
ASI-00057,Fortress known as Medhaji-ka-Mahal,,,,,no_candidates,0
ASI-00058,Excavated Site Sambhar Jaipur,,,,,no_candidates,0
ASI-00059,Buddhist Caves and Pillars Binnayaga (Dag) Jhalawar,,,,,no_candidates,0
ASI-00060,Caves of Naranjani etc. Binnayaga (Dag) Jhalawar,,,,,no_candidates,0
ASI-00061,Ancient Ruins Dalsagar (Ganga Dhar) Jhalawar,,,,,no_candidates,0
ASI-00062,Ancient Ruins Dudhaliya (Dag) Jhalawar,,,,,no_candidates,0
ASI-00063,Buddhist Caves Hathiagor Jhalawar,,,,,no_candidates,0
ASI-00064,Old Temples near the Chandrabhaga Jhalrapatan Jhalawar,,,,,no_candidates,0
ASI-00065,Buddhist Caves,,,,,no_candidates,0
ASI-00066,Wall Paintings in the palaces of Maharaja Karauli Karauli Gopal Lal,,,,,no_candidates,0
ASI-00067,Siva Temple and two unpublished Gupta Charchoma Kota 87 Sl.No. Name of the Monument / Site Locality District Inscriptions,,,,,no_candidates,0
ASI-00068,Temple,,,,,no_candidates,0
ASI-00069,Temple with Inscriptions Kanswa Kota,,,,,no_candidates,0
ASI-00070,Ranthambhore Fort Ranthambore Sawai Madhopur,,,,,no_candidates,0
ASI-00071,Persian Inscriptions in a Baori Sawai Madhopur Sawai Alanpur Madhopur,,,,,no_candidates,0
ASI-00072,Jain Temple Sawai Madhopur Sawai Alanpur Madhopur,,,,,no_candidates,0
ASI-00073,Harshnath Temple Harsh Sikar,,,,,no_candidates,0
ASI-00074,Bisal Deoji's Temple Bisalpur Tonk,,,,,no_candidates,0
ASI-00075,Ancient Mound Bundwali Doongri Tonk,,,,,no_candidates,0
ASI-00076,Ancient Mound Gariagarh (Newai) Tonk,,,,,no_candidates,0
ASI-00077,Devapura Barodia Mounds Jhalai Tonk,,,,,no_candidates,0
ASI-00078,Hathi Bhata Kakor Tonk,,,,,no_candidates,0
ASI-00079,Ancient Mound Nagar Tonk,,,,,no_candidates,0
ASI-00080,Excavated Site Nagar Tonk,,,,,no_candidates,0
ASI-00081,Inscription in Fort Nagar Tonk,,,,,no_candidates,0
ASI-00082,Mand Kila Tal Inscription Nagar Tonk,,,,,no_candidates,0
ASI-00083,Yupa Pillars in Bichpuria Temple Nagar Tonk,,,,,no_candidates,0
ASI-00084,Inscription Panwar Tonk,,,,,low_confidence,16.21621622
ASI-00085,Excavated Site Rairh (Newai) Tonk,,,,,no_candidates,0
ASI-00086,Kala Pahar Temple Todaraisingh Tonk,,,,,no_candidates,0
ASI-00087,Kalyanraiji's Temple Todaraisingh Tonk,,,,,no_candidates,0
ASI-00088,Laxmi Narainji's Temple Todaraisingh Tonk,,,,,no_candidates,0
ASI-00089,Baories old locally known as Hadi Rani ka Todaraisingh Tonk Kund,,,,,no_candidates,0
ASI-00090,Pipaji's Temple (near dispensary) Todaraisingh Tonk Jodhpur Circle Sl.No. Name of the Monument / Site Locality District,,,,,no_candidates,0
ASI-00001,Delhi Gate consisting of one archway Ajmer Ajmer,,,,,no_candidates,0
ASI-00002,Magazine Buildings in the Ajmer Fort Ajmer Ajmer,,,,,no_candidates,0
ASI-00003,One Baori on the Ajmer-Jaipur Road Ajmer Ajmer,,,,,no_candidates,0
ASI-00004,Saheli Bazar Buildings in Daulat Bagh Ajmer Ajmer,,,,,no_candidates,0
ASI-00005,The Adhai Din-ka-Jhonpra Ajmer Ajmer,,,,,no_candidates,0
ASI-00006,The Badshahi Haveli in the Naya Bazar Ajmer Ajmer,,,,,no_candidates,0
ASI-00007,The Marble Pavilions and Balustrade on the Ajmer Ajmer Ana Sagar Bundand the Ruins of the Marble Hammam behind the Ana Sagar Bund,,,,,no_candidates,0
ASI-00008,"Tomb of Allauddin Khan known as ""Sola Ajmer Ajmer Thumba""",,,,,no_candidates,0
ASI-00009,Tombs of Abdulla Khan and his wife Ajmer Ajmer,,,,,no_candidates,0
ASI-00010,Tripolia Gate Ajmer Ajmer 88 Sl.No. Name of the Monument / Site Locality District,,,,,no_candidates,0
ASI-00011,Gateway of Taragarh Hill Ajmer (Taragarh) Ajmer,,,,,no_candidates,0
ASI-00012,Kos Minar erected by Emperor Akbar Ajmer-Jaipur Road Ajmer,,,,,no_candidates,0
ASI-00013,Kos Minar erected by Emperor Akbar Ajmer-Jaipur Road Ajmer,,,,,no_candidates,0
ASI-00014,Kos Minar erected by Emperor Akbar. Chatri Ajmer,,,,,no_candidates,0
ASI-00015,One Sarai Chatri Village Ajmer,,,,,no_candidates,0
ASI-00016,Kos Minar erected by Emperor Akbar. Ghugra Ajmer,,,,,no_candidates,0
ASI-00017,Kos Minar erected by Emperor Akbar Hushiara Ajmer,,,,,no_candidates,0
ASI-00018,Kos Minar erected by Emperor Akbar Hushiara Ajmer,,,,,no_candidates,0
ASI-00019,Kos Minar erected by Emperor Akbar Kair Ajmer,,,,,no_candidates,0
ASI-00020,Kos Minar erected by Emperor Akbar Khanpura/Kayampura Ajmer,,,,,no_candidates,0
ASI-00021,Mahal Badshahi at Pushkar Pushkar Ajmer,,,,,no_candidates,0
ASI-00022,Brahmaji Temple Pushkar Ajmer,,,,,no_candidates,0
ASI-00023,Siva temple and ruins Arthuna Banswara,,,,,no_candidates,0
ASI-00024,Ancient Remains Vithal Deva Banswara,,,,,no_candidates,0
ASI-00025,Bhandasar Jain Temple Bikaner Bikaner,,,,,no_candidates,0
ASI-00026,Jain Temple of Susani Goddess Morkhana Village Bikaner,,,,,no_candidates,0
ASI-00027,Ghateshwar Temple Badoli Chittaurgarh,,,,,no_candidates,0
ASI-00028,Kund Badoli Chittaurgarh,,,,,no_candidates,0
ASI-00029,Shrinagar Chawri Badoli Chittaurgarh,,,,,no_candidates,0
ASI-00030,Temple of Ashtamata Badoli Chittaurgarh,,,,,no_candidates,0
ASI-00031,Temple of Ganesh Badoli Chittaurgarh,,,,,no_candidates,0
ASI-00032,Temple of Sheshashayan Badoli Chittaurgarh,,,,,no_candidates,0
ASI-00033,Temple of Shiv and Kund Badoli Chittaurgarh,,,,,no_candidates,0
ASI-00034,Temple of Trimurti Badoli Chittaurgarh,,,,,no_candidates,0
ASI-00035,Temple of Vamanavatar known as Narad Badoli Chittaurgarh Temple,,,,,no_candidates,0
ASI-00036,Fort of Chittaur as a whole Chittaur Chittaurgarh,,,,,no_candidates,0
ASI-00037,Menal (Mahanal) Temples and Math Menal Chittaurgarh,,,,,no_candidates,0
ASI-00038,Hathiwada enclosure with inscription Nagari Chittaurgarh together with adjacent land in Survey Plot No. 301,,,,,low_confidence,16.52892562
ASI-00039,Ancient ruins in whole of survey Nagari Chittaurgarh no:991,,,,,no_candidates,0
ASI-00040,Archaeological site & remains at Jeora Nilodh / Jeora Chittaurgarh comprised in Survey plot No. 416,,,,,low_confidence,21.13821138
ASI-00041,Jain Temple Inscription Baroda Dungarpur,,,,,no_candidates,0
ASI-00042,Somnath Temple Dev Somnath Dungarpur,,,,,low_confidence,37.5
ASI-00043,Ancient Mound Baror Ganganagar,,,,,no_candidates,0
ASI-00044,Ancient Mounds Bhannar Theri Ganganagar,,,,,no_candidates,0
ASI-00045,Ancient Mounds (2) Binjor Ganganagar,,,,,no_candidates,0
ASI-00046,Ancient Mound Chak-86 Ganganagar,,,,,no_candidates,0
ASI-00047,Ancient Mounds (2) Mathula Ganganagar,,,,,no_candidates,0
ASI-00048,Ancient Mounds Rang Mahal Ganganagar,,,,,no_candidates,0
ASI-00049,Ancient Mound Tarkhanewala Dera Ganganagar 89 Sl.No. Name of the Monument / Site Locality District,,,,,no_candidates,0
ASI-00050,Ancient Mounds Badopal Hanumangarh,,,,,no_candidates,0
ASI-00051,Ancient Mounds Bhadrakali Hanumangarh,,,,,no_candidates,0
ASI-00052,Ancient Mounds Dhokal Hanumangarh,,,,,no_candidates,0
ASI-00053,Fort Bhatner Hanumangarh Hanumangarh,,,,,no_candidates,0
ASI-00054,Ancient Mounds (3) Kalibanga Hanumangarh,,,,,no_candidates,0
ASI-00055,Ancient Mounds Manak Hanumangarh,,,,,no_candidates,0
ASI-00056,Ancient Mounds Munda Hanumangarh,,,,,no_candidates,0
ASI-00057,Ancient Mounds Peer Sultan Hanumangarh,,,,,no_candidates,0
ASI-00058,Ancient Mound Pilibanga Hanumangarh,,,,,no_candidates,0
ASI-00059,Fort including Ancient Temples Jaisalmer Jaisalmer,,,,,no_candidates,0
ASI-00060,Ancient Site Lodruva Patan Jaisalmer,,,,,no_candidates,0
ASI-00061,Fort Mandore Jodhpur,,,,,no_candidates,0
ASI-00062,Chetak Samadhi Chetak Samadhi Rajsamand,,,,,no_candidates,0
ASI-00063,Archaeological Siteand Remains comprised Gilund (Bhagwan Pura) Rajasamand in Survey plot No. 938,,,,,no_candidates,0
ASI-00064,Haldighati Haldi Ghati Dara Rajsamand,,,,,no_candidates,0
ASI-00065,Fort of Kumbhalgarh as a whole Kumbhalgarh Rajasamand,,,,,no_candidates,0
ASI-00066,Ghat with inscriptions pavilions and Toranas Nav Chowki Rajasamand (together with adjacent area comprised in Rajsamand Survey Plot No. 344).,,,,,no_candidates,0
ASI-00067,RaktaTalai RaktaTalai Rajsamand,,,,,no_candidates,0
ASI-00068,Badhshahi Bagh Shahi Bagh Rajsamand,,,,,no_candidates,0
ASI-00069,Pratap Smarak Chavand Udaipur,,,,,no_candidates,0
ASI-00070,Ancient Ruins Kalyanpur Udaipur,,,,,no_candidates,0
ASI-00071,Sas Bahu Temples Nagada Udaipur,,,,,no_candidates,0
ASI-00072,Mahal known as Hawa Mahal Veerpura (Jaisamand) Udaipur,,,,,no_candidates,0
ASI-00073,Hawa Mahal known as Roothi Rani Ka Veerpura (Jaisamand) Udaipur Mahal 90 List of Centrally Protected Monuments / Sites under the jurisdiction of Sikkim Sl.No. Name of the Monument / Site Locality District,,,,,no_candidates,0
ASI-00001,Coronation Throne of Norbugang near Kheochod Phalvi West Sikkim Yuksam,,,,,no_candidates,0
ASI-00002,Dubdi Monastery,,,,,no_candidates,0
ASI-00003,Radbentse site of ancient capital of Sikkim,,,,,no_candidates,0
ASI-00022,List of Centrally Protected Monuments / Sites under the jurisdiction of Telangana (Hyderabad Circle) Sl.No. Name of the Monument / Site Locality District,,,,,no_candidates,0
ASI-00001,Pre- historic site Janampet Bhadradri Kothagudem,,,,,no_candidates,0
ASI-00002,Charminar Hyderabad Hyderabad,,,,,no_candidates,0
ASI-00003,Golkonda Fort,,,,,no_candidates,0
ASI-00004,Alampur Temples Alampur Jagulamba Gadwal,,,,,no_candidates,0
ASI-00005,Ramappa temple Palampet Mulugu,,,,,no_candidates,0
ASI-00006,Ancient Mound Kondapur Sangareddy,,,,,no_candidates,0
ASI-00007,Thousand Pillared temple Hanamkonda Warangal- Urban,,,,,no_candidates,0
ASI-00008,Warangal Fort,,,,,no_candidates,0
ASI-00023,List of Centrally Protected Monuments/Sites under the jurisdiction of Tamilnadu (Chennai Circle and Tiruchirapalli Circle) Chennai Circle Sl.No. Name of the Monument / Site Locality District,,,,,no_candidates,0
ASI-00001,“Arsenal” between Wellesley house and Chennai Chennai Clive’s House with shells and cannons piled together near the Gateway Block IV/1 to12 and 14 to18.,,,,,no_candidates,0
ASI-00002,Big Warehouse,,,,,no_candidates,0
ASI-00003,Chaplain’s house including portion which is the Chennai Chennai northern side of the Old Wall II/1.,,,,,no_candidates,0
ASI-00004,Clive’s House built in 1753. Chennai Chennai,,,,,no_candidates,0
ASI-00005,Garrisons Engineer’s Depot,,,,,no_candidates,0
ASI-00006,Guard Room Block No.V. Chennai Chennai,,,,,no_candidates,0
ASI-00007,It’s Ramparts,,,,,no_candidates,0
ASI-00008,King’s Barracks Block No.XXV. Chennai Chennai,,,,,no_candidates,0
ASI-00009,Last house on the left of ‘Snobs Allay’ (oldest Chennai Chennai house in the Fort with carved staircase) – Block No. I/I.,,,,,no_candidates,0
ASI-00010,Nursing Sister’s House Chennai Chennai (Block I/3).,,,,,no_candidates,0
ASI-00011,Old British Infantry Officers Mess (Now Chennai Chennai Archaeological Dept. Office & Fort Museum) Block XXXVI-2.,,,,,no_candidates,0
ASI-00012,St. Mary’s Church with tablets laid on the Chennai Chennai ground and enclosed by a compound and a buried wall.,,,,,no_candidates,0
ASI-00013,Tomb of Elihu Yale and Joseph Hymmners in Chennai Chennai the compound of Law College,,,,,no_candidates,0
ASI-00014,Wellesley House (Built in 1798),,,,,no_candidates,0
ASI-00015,Old Town Wall Tondiarpet Chennai,,,,,no_candidates,0
ASI-00016,Nitiswaraswami Temple. Srimushnam Cuddalore,,,,,no_candidates,0
ASI-00017,Chennaraya Perumal Temple together with Adiyamankottai Dharmapuri Adjacent land .,,,,,no_candidates,0
ASI-00018,Jain Temple Mettupudur Erode,,,,,no_candidates,0
ASI-00019,Megalithic Cists and Cairns. Agaram Kanchipuram,,,,,no_candidates,0
ASI-00020,Megalithic Cists and Cairns. Agaram Kanchipuram,,,,,no_candidates,0
ASI-00021,Megalithic cists and cairns. Alattur Kanchipuram,,,,,no_candidates,0
ASI-00022,Megalithic cists and cairns. Amur Kanchipuram,,,,,no_candidates,0
ASI-00023,Megalithic Cists and Cairns. Anur Kanchipuram,,,,,no_candidates,0
ASI-00024,Megalithic cists and cairns in groups. Araiyapakkam Kanchipuram 93 Sl.No. Name of the Monument / Site Locality District,,,,,no_candidates,0
ASI-00025,Megalithic Cists and Cairns. Atcharavakkam Kanchipuram,,,,,no_candidates,0
ASI-00026,Megalithic cairns and cists with stone circles. Ayyanjeri Kanchipuram,,,,,no_candidates,0
ASI-00027,Iravatanesvara Temple. Big Kanchipuram Kanchipuram,,,,,no_candidates,0
ASI-00028,Jvarahareswara Swamiar Temple. Big Kanchipuram Kanchipuram,,,,,no_candidates,0
ASI-00029,Megalithic Cists and Cairns with bounding Echchur Kanchipuram stone-circles.,,,,,no_candidates,0
ASI-00030,Megalithic Cairns and Cists. Edakunram Kanchipuram,,,,,no_candidates,0
ASI-00031,Megalithic cists and cairns. Eluchur Kanchipuram,,,,,no_candidates,0
ASI-00032,Megalithic Cairns and Cists Erumaiyur Kanchipuram,,,,,no_candidates,0
ASI-00033,Megalithic cists and cairns. Gudalur Kanchipuram,,,,,no_candidates,0
ASI-00034,Megalithic Cists and Cairns with bounding Guduperum Kanchipuram stone-circles Bedu,,,,,no_candidates,0
ASI-00035,Megalithic cists and cairns with stone circles. Guduvancheri Kanchipuram,,,,,no_candidates,0
ASI-00036,Group of Cairns. Kadapperi Kanchipuram,,,,,no_candidates,0
ASI-00037,Cairns in the forest reserve at the foot of the Kadmalaiputhur Kanchipuram Perumbair hills.,,,,,no_candidates,0
ASI-00038,Cromlechs. Kadmalaiputhur Kanchipuram,,,,,low_confidence,27.45098039
ASI-00039,Megalithic Cists and Cairns. Kalanipakkam Kanchipuram,,,,,no_candidates,0
ASI-00040,Megalithic Cists and Cairns. Kalathur Kanchipuram,,,,,low_confidence,27.39726027
ASI-00041,Megalithic Cists and Cairns. Kalvay Kanchipuram,,,,,no_candidates,0
ASI-00042,Cists and cairns Kanakapattu Kanchipuram,,,,,low_confidence,23.07692308
ASI-00043,Piravatanesvara Temple together with the whole Kanchipuram Kanchipuram of the land in town survey No. M 128I Ward No. IV,,,,,no_candidates,0
ASI-00044,Sri Mathangeswarar Swamiar Temple. Kanchipuram Kanchipuram,,,,,no_candidates,0
ASI-00045,Sri Muktesvara Swami Temple. Kanchipuram Kanchipuram,,,,,no_candidates,0
ASI-00046,Vaikuntaperumal koil temple. Kanchipuram Kanchipuram,,,,,no_candidates,0
ASI-00047,Megalithic cists and cairns with Bounding stone Kandalur Kanchipuram circles.,,,,,no_candidates,0
ASI-00048,Megalithic Cairns and Cists. Karanaithangal Kanchipuram Porinjam Bakkam,,,,,no_candidates,0
ASI-00049,Megalithic cists and cairns with stone circles. Kattamputtur Kanchipuram,,,,,no_candidates,0
ASI-00050,Megalithic cairns and cists with stone circles. Kilampakkam Kanchipuram,,,,,no_candidates,0
ASI-00051,Megalithic Cairns and Cists. Kottamedu Kanchipuram,,,,,no_candidates,0
ASI-00052,Megalithic Cairns and Cists. Kumili Kanchipuram,,,,,no_candidates,0
ASI-00053,Megalithic cists and cairns with stone circles on Kunnattur Kanchipuram the hill.,,,,,no_candidates,0
ASI-00054,Megalithic cairns and cist with bounding circles. Kunnavakkam Kanchipuram,,,,,no_candidates,0
ASI-00055,Megalithic cairns and cists with stone circles. Kuravanmedu Kanchipuram,,,,,no_candidates,0
ASI-00056,1. Sri DhenupuriswaraTemple. Madambakkam Kanchipuram,,,,,no_candidates,0
ASI-00002,Graden attached to above temple,,,,,no_candidates,0
ASI-00057,The large Siva Temple of Tenneri. Madavilagam Kanchipuram,,,,,no_candidates,0
ASI-00058,Megalithic Cists and Cairns. Madayathur Kanchipuram,,,,,no_candidates,0
ASI-00059,Megalithic cists and cairns with bounding Stone Maganiyam Kanchipuram circles. 94 Sl.No. Name of the Monument / Site Locality District,,,,,no_candidates,0
ASI-00060,Megalithic Cists and Cairns. Mailai Kanchipuram,,,,,no_candidates,0
ASI-00061,Megalithic Cists and Cairns with bounding Malaipattu Kanchipuram stone-circles.,,,,,no_candidates,0
ASI-00062,Megalithic Cists and Cairns. Malaivaiyavur Kanchipuram,,,,,no_candidates,0
ASI-00063,Aleva shore Temple Mamallapuram Kanchipuram,,,,,no_candidates,0
ASI-00064,Arjuna’s Penance. Mamallapuram Kanchipuram,,,,,no_candidates,0
ASI-00065,Arjuna’s Ratha (One of the Five Rathas situated Mamallapuram Kanchipuram in a group).,,,,,no_candidates,0
ASI-00066,Bhima’s Ratha (One of the Five Rathas situated Mamallapuram Kanchipuram in a group).,,,,,no_candidates,0
ASI-00067,Dharmaraja’s Ratha (One of the Five Rathas Mamallapuram Kanchipuram situated in a group).,,,,,no_candidates,0
ASI-00068,Dharmaraja’s Rock cut throne Mamallapuram Kanchipuram,,,,,no_candidates,0
ASI-00069,Dolotsava mandapa. Mamallapuram Kanchipuram,,,,,no_candidates,0
ASI-00070,Droupadi’s Bath Mamallapuram Kanchipuram,,,,,no_candidates,0
ASI-00071,Droupadi’s Ratha (One of the Five Rathas Mamallapuram Kanchipuram situated in a group).,,,,,no_candidates,0
ASI-00072,Eight stone images on a masonry platform Mamallapuram Kanchipuram known as the Seven pidaris.,,,,,no_candidates,0
ASI-00073,Huge stone figures of a lion,,,,,no_candidates,0
ASI-00074,Iswara Temple (built on the rock above the Mamallapuram Kanchipuram Mahishamardhani Rock Cut Mandapa).,,,,,no_candidates,0
ASI-00075,Kotikal Mandapa. Mamallapuram Kanchipuram,,,,,no_candidates,0
ASI-00076,Krishna Mandapa. Mamallapuram Kanchipuram,,,,,no_candidates,0
ASI-00077,Krishna’s butterball. Mamallapuram Kanchipuram,,,,,no_candidates,0
ASI-00078,Large unfinished rock sculpture similar to Mamallapuram Kanchipuram Arjuna’s Penance near the light-house.,,,,,no_candidates,0
ASI-00079,Mahishamardhani rock cut Mandapa. Mamallapuram Kanchipuram,,,,,no_candidates,0
ASI-00080,Mahishasura rock standing in the sea to the Mamallapuram Kanchipuram north of Shore Temple.,,,,,no_candidates,0
ASI-00081,Mukundunayanar Temple Mamallapuram Kanchipuram,,,,,no_candidates,0
ASI-00082,Rock sculptures representing a group of Mamallapuram Kanchipuram elephants,,,,,no_candidates,0
ASI-00083,Rock-cut Ganesa Temple. Mamallapuram Kanchipuram,,,,,no_candidates,0
ASI-00084,Rock-cut Varaha temple containing Varaha and Mamallapuram Kanchipuram Vamana Incarnations of Vishnu.,,,,,low_confidence,19.29824561
ASI-00085,Royagopuram (unfinished). Mamallapuram Kanchipuram,,,,,no_candidates,0
ASI-00086,Sahadeva’s Ratha (One of the Five Rathas Mamallapuram Kanchipuram situated in a group),,,,,no_candidates,0
ASI-00087,Small Monolithic Temple known as Valiankuttai Mamallapuram Kanchipuram Ratha (unfinished),,,,,no_candidates,0
ASI-00088,Stone Sculpture representing a group of Mamallapuram Kanchipuram monkeys,,,,,no_candidates,0
ASI-00089,Triple celled rock-cut shrine with Gopi’s churn in Mamallapuram Kanchipuram front of it.,,,,,no_candidates,0
ASI-00090,Two rock-cut cave Temples at the north-east Mamallapuram Kanchipuram corner of the Koneri Pallam tank.,,,,,no_candidates,0
ASI-00091,Two small carved rocks to the south of the Mamallapuram Kanchipuram shore temple. 95 Sl.No. Name of the Monument / Site Locality District,,,,,no_candidates,0
ASI-00092,Two small monolithic Temples known as the Mamallapuram Kanchipuram Pidari Amman Ratha (unfinished).,,,,,no_candidates,0
ASI-00093,Two unfinished Excavations near the large Mamallapuram Kanchipuram unfinished rock and sculpture similar to the Arjuna’s penance near the Light house.,,,,,no_candidates,0
ASI-00094,Unfinished Excavation close to the Triple Celled Mamallapuram Kanchipuram Rock -cut Shrine with Gopi’s churn in front of it.,,,,,no_candidates,0
ASI-00095,Unfinished excavations to the south of Mamallapuram Kanchipuram Droupadi’s bath.,,,,,no_candidates,0
ASI-00096,Unfinished Ratha and stone couch (to the east Mamallapuram Kanchipuram of the Iswara Temple),,,,,no_candidates,0
ASI-00097,Unfinished rock-cut cave temple north of Mamallapuram Kanchipuram Krishna Mandapa.,,,,,no_candidates,0
ASI-00098,Megalithic Cists and Cairns. Mampattu Kanchipuram,,,,,no_candidates,0
ASI-00099,Megalithic Cists and Cairns. Manamai Kanchipuram,,,,,no_candidates,0
ASI-00100,The Old Temple with apsidal Gopuram. Manimagalam Kanchipuram,,,,,no_candidates,0
ASI-00101,Large group of Megalithic cists and cairns. Melkottaiyur Kanchipuram,,,,,no_candidates,0
ASI-00102,Megalithic Cists and Cairns. Musaivakkam Kanchipuram,,,,,no_candidates,0
ASI-00103,Megalithic cists and cairns with stone circles. Naduvakkarai Kanchipuram,,,,,low_confidence,37.75510204
ASI-00104,Megalithic Cists and Cairns. Nallikuppam Kanchipuram,,,,,no_candidates,0
ASI-00105,Megalithic cists and cairns Nandambakkam Kanchipuram,,,,,no_candidates,0
ASI-00106,Megalithic cists and cairns with stone circles. Nandivaram Kanchipuram,,,,,low_confidence,40.625
ASI-00107,A Group of cairns. Nanmangalam Kanchipuram,,,,,no_candidates,0
ASI-00108,Megalithic cists and cairns with bounding stone Nattam Kanchipuram circles.,,,,,no_candidates,0
ASI-00109,Megalithic Cairns and Cists. Nedungunram Kanchipuram,,,,,no_candidates,0
ASI-00110,Megalithic cists and cairns with stone circles. Olalur Kanchipuram,,,,,no_candidates,0
ASI-00111,Megalithic Cairns and Cists. Ottivakkam Kanchipuram,,,,,no_candidates,0
ASI-00112,Megalithic Cists and Cairns. Ottiyambakkam Kanchipuram,,,,,no_candidates,0
ASI-00113,Munkudine Eswaran Temple. P.V.Kalathur Kanchipuram,,,,,no_candidates,0
ASI-00114,Megalithic Cairns and Cists. Padur Kanchipuram,,,,,no_candidates,0
ASI-00115,Megalithic Cairns and Cists. Palayasivaram Kanchipuram,,,,,no_candidates,0
ASI-00116,Megalithic cairns and cists in showing clear Pallavaram Kanchipuram structural Postures.,,,,,no_candidates,0
ASI-00117,Megalithic cists and cairns with stone circles. Palliyagaram Kanchipuram,,,,,no_candidates,0
ASI-00118,Megalithic Cists and Cairns. Paranur Kanchipuram,,,,,no_candidates,0
ASI-00119,Megalithic Cists and Cairns. Perumbakkam Kanchipuram,,,,,no_candidates,0
ASI-00120,Megalithic Cists and Cairns with stone circles. Perunagar Kanchipuram,,,,,no_candidates,0
ASI-00121,Megalithic cists with stone circles Perungalathur Kanchipuram circumscribing.,,,,,no_candidates,0
ASI-00122,Megalithic Cists and Cairns with stone circles. Ponmar Kanchipuram,,,,,no_candidates,0
ASI-00123,Megalithic Cists and Cairns. Porundavakkam Kanchipuram,,,,,no_candidates,0
ASI-00124,Megalithic Cists and Cairns. Pudupakkam Kanchipuram,,,,,no_candidates,0
ASI-00125,Megalithic cists and cairns bounded with stone Pulippakkam Kanchipuram circles,,,,,no_candidates,0
ASI-00126,Megalithic Cists and Cairns. Pundi Kanchipuram 96 Sl.No. Name of the Monument / Site Locality District,,,,,low_confidence,33.52601156
ASI-00127,Megalithic cists circumscribed by stone circles. Rajakulipettai Kanchipuram,,,,,no_candidates,0
ASI-00128,Megalithic Cists and Cairns with stone circles Rayalpattu Kanchipuram,,,,,no_candidates,0
ASI-00129,Ruined Dutch Fort and cemetery. Sadras Kanchipuram,,,,,no_candidates,0
ASI-00130,Kailasnatahaswami temple at salabogam Salabogam Kanchipuram temple.,,,,,no_candidates,0
ASI-00131,Rock-cut Siva temples with three lingas. Salavankuppam Kanchipuram,,,,,no_candidates,0
ASI-00132,The tiger headed rock-cut temple. Salavankuppam Kanchipuram,,,,,no_candidates,0
ASI-00133,Two inscribed rocks,,,,,no_candidates,0
ASI-00134,Megalithic cairns and cists. Sanur Kanchipuram,,,,,no_candidates,0
ASI-00135,Megalithic cists and cairns in Virgin state. Sastirampakkam Kanchipuram,,,,,no_candidates,0
ASI-00136,A group of cairns Sembakkam Kanchipuram,,,,,no_candidates,0
ASI-00137,Megalithic Cairns and Cists Sembakkam Kanchipuram,,,,,no_candidates,0
ASI-00138,Megalithic Cists and Cairns Sengunram Kanchipuram,,,,,no_candidates,0
ASI-00139,Megalithic cists and cairns intact with stone Settipuniyam Kanchipuram circles,,,,,no_candidates,0
ASI-00140,Megalithic Cists and Cairns. Settupattu Kanchipuram,,,,,no_candidates,0
ASI-00141,Megalithic cairns with stone circles and Sikkarayapuram Kanchipuram sarcophagi.,,,,,no_candidates,0
ASI-00142,Megalithic Cists and Cairns. Sirudavur Kanchipuram,,,,,no_candidates,0
ASI-00143,Megalithic cists and cairns with stone circles. Sirukalattur Kanchipuram,,,,,no_candidates,0
ASI-00144,Megalithic Cists and Cairns. Sirukunram Kanchipuram,,,,,no_candidates,0
ASI-00145,Megalithic Cists and Cairns. Sittalapakkam Kanchipuram,,,,,no_candidates,0
ASI-00146,Urn burial and megalithic site. St. Thomas Mount Kanchipuram,,,,,no_candidates,0
ASI-00147,Megalithic Cists and Cairns. Tandalam Kanchipuram,,,,,no_candidates,0
ASI-00148,Megalithic Cairns and Cists. Tattanur Kanchipuram,,,,,no_candidates,0
ASI-00149,The Lesser Siva temple at Tenneri. Tenneri Kanchipuram,,,,,no_candidates,0
ASI-00150,Orikkal Mandapam. Tirukallikunram Kanchipuram,,,,,no_candidates,0
ASI-00151,Venkatesaperumal temple. Tirumukkudal Kanchipuram,,,,,no_candidates,0
ASI-00152,A group of cairns. Tiruneermalai Kanchipuram,,,,,no_candidates,0
ASI-00153,Megalithic cist Tiruneermalai Kanchipuram,,,,,no_candidates,0
ASI-00154,Vast area of megalithic cists and cairns covering Tirupporur Kanchipuram the entire hill with the temple of Kailasanatha.,,,,,no_candidates,0
ASI-00155,Sarcophagi and urns spread over a wide area; Tirusulam Kanchipuram traces of Megalithic cists and circles.,,,,,no_candidates,0
ASI-00156,Nithya Kalyana Swami temple. Tiruvidanthai Kanchipuram,,,,,no_candidates,0
ASI-00157,Megalithic grave yard. Tiryvadisulam Kanchipuram,,,,,no_candidates,0
ASI-00158,Megalithic Cists and Cairns. Unamanjeri Kanchipuram,,,,,no_candidates,0
ASI-00159,Vaikunta Perumal temple together with adjacent Uttiramerur Kanchipuram land,,,,,no_candidates,0
ASI-00160,A dolmen intact. Uttiramerur Kanchipuram,,,,,no_candidates,0
ASI-00161,Megalithic Cairns and Cists. Vadakkuppattu Kanchipuram,,,,,no_candidates,0
ASI-00162,Megalithic Cists and Cairns with bounding Vadamangalam Kanchipuram stone-circles. 97 Sl.No. Name of the Monument / Site Locality District,,,,,no_candidates,0
ASI-00163,Megalithic Cists and Cairns. Vaiyavur Kanchipuram,,,,,low_confidence,32.25806452
ASI-00164,Megalithic cairns and cists with stone circles. Vallanjeri Kanchipuram,,,,,no_candidates,0
ASI-00165,Megalithic cist Vandalur Kanchipuram,,,,,no_candidates,0
ASI-00166,Tirupuleswarar temple. Vayalur Kanchipuram,,,,,no_candidates,0
ASI-00167,Megalithic cists and cairns with stone circles. Vedanarayana Kanchipuram Puram,,,,,no_candidates,0
ASI-00168,Megalithic Cists and Cairns. Vembedu Kanchipuram,,,,,no_candidates,0
ASI-00169,Megalithic Cists and Cairns. Vengur Kanchipuram,,,,,no_candidates,0
ASI-00170,Megalithic cists and cairns with stone circles. Venkitapuram Kanchipuram,,,,,no_candidates,0
ASI-00171,Megalithic cists and cairns with stone circles. Venpakkam Kanchipuram Village No.69,,,,,no_candidates,0
ASI-00172,Megalithic cists and cairns with stone circles. Venpakkam Kanchipuram Village No.273,,,,,no_candidates,0
ASI-00173,Megalithic Cairns and Cists. Venpakkam Kanchipuram Village No.186,,,,,no_candidates,0
ASI-00174,Megalithic Cists and Cairns. Virapuram Kanchipuram,,,,,no_candidates,0
ASI-00175,Hill Fort Krishnagiri Krishnagiri,,,,,no_candidates,0
ASI-00176,Hill Fort Rayakkottai Krishnagiri,,,,,no_candidates,0
ASI-00177,Hill at Namakkal excluding the fort at its top and Namakkal Namakkal the temples of Sri Narasimhaswami and Sri Ranganathaswami on either side of the hill.,,,,,no_candidates,0
ASI-00178,The temples of Sri Narasimhaswami and Sri Namakkal Namakkal Ranganathaswami on either side of the hill.,,,,,no_candidates,0
ASI-00179,Megalithic cists and cairns. Karai Perambalur,,,,,no_candidates,0
ASI-00180,Ranjangudi fort. Ranjankudi Perambalur,,,,,no_candidates,0
ASI-00181,Siva temple. Valikantapuram Perambalur,,,,,no_candidates,0
ASI-00182,Shamaskhan Mosque. Vallapuram Perambalur,,,,,no_candidates,0
ASI-00183,Remains of the Fort with the Buildings thereon. Attur Salem,,,,,no_candidates,0
ASI-00184,Fort and Temple on hill. Chinna Kavandanur Salem,,,,,no_candidates,0
ASI-00185,Urn burials. Amirtha Tiruvallur Mangalam,,,,,no_candidates,0
ASI-00186,A virgin ground containing many barrows. Attanthangal Tiruvallur,,,,,no_candidates,0
ASI-00187,Megalithic cist. Chedalpakkam Tiruvallur,,,,,no_candidates,0
ASI-00188,Megalithic cairns and Barrows. Neyveli Tiruvallur,,,,,no_candidates,0
ASI-00189,Urn Burials. Palavakkam Tiruvallur,,,,,no_candidates,0
ASI-00190,Megalithic cists and cairns. Pammadukulam Tiruvallur,,,,,no_candidates,0
ASI-00191,Megalithic cists and cairns with bounding stone Panchali Tiruvallur circles.,,,,,no_candidates,0
ASI-00192,Megalithic cist and cairns. Pondavakkam Tiruvallur,,,,,no_candidates,0
ASI-00193,Megalithic cists and cairns. Pottur Tiruvallur,,,,,no_candidates,0
ASI-00194,The Prehistoric settlement site coeval with the Pulal Tiruvallur Megalithic period.,,,,,no_candidates,0
ASI-00195,Dutch Cemetery. Pulicat Tiruvallur,,,,,no_candidates,0
ASI-00196,Cairns site. Sengarai Tiruvallur,,,,,no_candidates,0
ASI-00197,Megalithic cairns with bounding stone circles. Siruvadu Tiruvallur 98 Sl.No. Name of the Monument / Site Locality District,,,,,no_candidates,0
ASI-00198,Megalithic cairns with bounding stone circles. Tadipadi Tiruvallur,,,,,no_candidates,0
ASI-00199,Megalithic cairns with bounding stone circles. Vanmalli Tiruvallur,,,,,no_candidates,0
ASI-00200,Svayambunatha temple. Kilputhur Tiruvannamalai,,,,,no_candidates,0
ASI-00201,Rock-cut shrine. Kuranganilmuttam Tiruvannamalai,,,,,no_candidates,0
ASI-00202,Rock-cut caves,,,,,low_confidence,37.5
ASI-00203,Site containing megalithic burials including the Mottur Tiruvannamalai monolithic anthromorphic figure erected at the site.,,,,,no_candidates,0
ASI-00204,Rock-cut caves. Narasamangalam Tiruvannamalai,,,,,no_candidates,0
ASI-00205,Chandramoulisvarar temple together with Nattery Tiruvannamalai adjacent land.,,,,,no_candidates,0
ASI-00206,Megalithic Cists and Cairns. Nedungal Tiruvannamalai,,,,,no_candidates,0
ASI-00207,Rock cut temple and sculpture. Siyamangalam Tiruvannamalai,,,,,no_candidates,0
ASI-00208,Megalithic Cists. Tellur Tiruvannamalai,,,,,no_candidates,0
ASI-00209,Megalithic Cists and Cairns. Tetturai Tiruvannamalai,,,,,no_candidates,0
ASI-00210,The Jain Temple Tirumalai Tiruvannamalai,,,,,no_candidates,0
ASI-00211,Two natural caverns known as Skandasramam Tiruvannamalai Tiruvannamalai and Virupakshi Guhai with the passage leading to Skandasramam from Ramanasramam. Tiruvannamalai/Tiruvannamalai,,,,,no_candidates,0
ASI-00212,Megalithic Cists and Cairns Venkunam Tiruvannamalai,,,,,no_candidates,0
ASI-00213,Delhi gate. Arcot Vellore,,,,,no_candidates,0
ASI-00214,Masjid and 2 ponds in the west of the citadel. Arcot Vellore,,,,,no_candidates,0
ASI-00215,The adjoining building. Arcot Vellore,,,,,no_candidates,0
ASI-00216,The Cannon. Arcot Vellore,,,,,no_candidates,0
ASI-00217,Ranganatha Temple along with adjoining area Erukkampattu Vellore comprised in a portion.,,,,,no_candidates,0
ASI-00218,Monolithic rock cut temple. Mahendravadi Vellore,,,,,no_candidates,0
ASI-00219,Choleswara temple. Melpadi Vellore,,,,,no_candidates,0
ASI-00220,Somanatha temple. Melpadi Vellore,,,,,no_candidates,0
ASI-00221,North Eastern corner of the outer rampart of the Muppaduvetti Vellore old Fort at Arcot.,,,,,no_candidates,0
ASI-00222,Rock inscriptions in the right flank. Sholinghur Vellore,,,,,no_candidates,0
ASI-00223,Konar Temple. Tirumalpur Vellore,,,,,no_candidates,0
ASI-00224,Jain sculptures and inscriptions on the hill. Vallimalai Vellore,,,,,no_candidates,0
ASI-00225,Subramania Temple. Vallimalai Vellore,,,,,no_candidates,0
ASI-00226,Fort. Vellore Vellore,,,,,no_candidates,0
ASI-00227,Jalakanteswara Temple. Vellore Vellore,,,,,no_candidates,0
ASI-00228,Old mosque in the fort. Vellore Vellore,,,,,no_candidates,0
ASI-00229,Rock and sculptures and caves. Vilapakkam Vellore,,,,,no_candidates,0
ASI-00230,Brahmapuriswara Temple. Brahmadesam Villupuram,,,,,no_candidates,0
ASI-00231,Sri Pathaleswara Temple. Brahmadesam Villupuram,,,,,no_candidates,0
ASI-00232,Rock -cut Pallava temple. Dalavanur Villupuram 99 Sl.No. Name of the Monument / Site Locality District,,,,,no_candidates,0
ASI-00233,Sri Azagiya Narasimha perumal Temple. Ennayiram Villupuram,,,,,no_candidates,0
ASI-00234,Fortress comprising hill fort on the Rajagiri,,,,,no_candidates,0
ASI-00235,In the minor and lower forts- Gingee Villupuram (a) (i) Inner fort,,,,,no_candidates,0
ASI-00236,Old Jail near the Pondicherry gate and two Gingee Villupuram Persian inscriptions on the outer face of the last two bastions in the south of the eastern wall of the inner fort.,,,,,no_candidates,0
ASI-00237,On the Krishnagiri-Two granaries,,,,,no_candidates,0
ASI-00238,On the Rajagiri - Two granaries,,,,,no_candidates,0
ASI-00239,Saad-at-alla Khan’s mosque with Persian Gingee Villupuram inscriptions,,,,,no_candidates,0
ASI-00240,Venkataramana Temple with inscriptions in Gingee Villupuram Tamil-Prisoner’s well,,,,,no_candidates,0
ASI-00241,Urn burial site. Kadagambattu Villupuram,,,,,no_candidates,0
ASI-00242,Pallava rock-cut shrine. Kilmavilangai Villupuram,,,,,no_candidates,0
ASI-00243,Rock-cut Pallava Temple. Mandagapattu Villupuram,,,,,no_candidates,0
ASI-00244,Outside the fort;- Narasingarayanan Villupuram (i) Pattabirama temple pettai (ii) Twelve-pillared mandapa.,,,,,no_candidates,0
ASI-00245,Talagirisvara temple and a cave containing an Panamalai Villupuram image of Durga and Pallava inscription together with adjacent land,,,,,no_candidates,0
ASI-00246,Apathsahayeswra Temple and gateway with Sendamangalam Villupuram Horses.,,,,,no_candidates,0
ASI-00247,Megalithic cairns with stone circles. Sengamedu Villupuram,,,,,no_candidates,0
ASI-00248,Twenty four Jain figures in two rows,,,,,no_candidates,0
ASI-00249,Vinnamparai rock containing Pallava Thondur Villupuram inscriptions.,,,,,no_candidates,0
ASI-00001,Brihadisvara Temple. Gangaikonda Ariyalur cholapuram,,,,,no_candidates,0
ASI-00002,Jain statue built of granite. Jayankonda Ariyalur cholapuram,,,,,no_candidates,0
ASI-00003,Jain statue called Paluppar. Jayankonda Ariyalur cholapuram,,,,,no_candidates,0
ASI-00004,Mandapakadu Chettipalayam Coimbatore,,,,,no_candidates,0
ASI-00005,Fort on Rock Dindigul Dindigul,,,,,no_candidates,0
ASI-00006,Dolmens near Palamalai. Adukkam Dindigul,,,,,no_candidates,0
ASI-00007,Cave in Sitharmalai Mettupatti Dindigul,,,,,no_candidates,0
ASI-00008,Dolmens in Machur Panaikkadu Dindigul,,,,,no_candidates,0
ASI-00009,Dolmens near Machur Panaikkadu Dindigul,,,,,no_candidates,0
ASI-00010,Dolmens near Talayar River Panaikkadu Dindigul,,,,,no_candidates,0
ASI-00011,Dolmens Vilpatti Dindigul,,,,,no_candidates,0
ASI-00012,Rock-amidst Sea where Swami Vivekananda Kanyakumari Beach Kanyakumari meditated,,,,,no_candidates,0
ASI-00013,Rock-cut cave temple together with adjacent Thirunanthikarai Kanyakumari land in survey plot nos. 2632/8,,,,,no_candidates,0
ASI-00014,Bhagvathi Temple Chitral together with adjacent Chitral Kanyakumari land comprised in part of survey plot no. 4752,,,,,no_candidates,0
ASI-00015,Vattakottai Forttogether with adjacent area Vattakottai Kanyakumari comprised in survey plot nos. 1342,,,,,no_candidates,0
ASI-00016,Parthasarathiand Krishna Temples Complex Parthivapuram Kanyakumari together with adjacent area comprised in survey plot nos.535/1,,,,,no_candidates,0
ASI-00017,Rock. Vaigainallur Karur,,,,,no_candidates,0
ASI-00018,Jain statues,,,,,no_candidates,0
ASI-00019,Rock-cut Jain Bas-relief and beds and a Karadipatti Madurai mutilated Jain stone image.,,,,,no_candidates,0
ASI-00020,Rock cut Bas-relief of Jain images with Keelakuilkudy Madurai inscriptions in Vattalethu in Ammanamalai or Samanarmalai.,,,,,no_candidates,0
ASI-00021,Panchapandavarbed,,,,,no_candidates,0
ASI-00022,Rock-cut beds under natural rock shelter in Melakuilkudy Madurai Ammanamalai or Samanarmalai.,,,,,no_candidates,0
ASI-00023,Alagarmalai cavern with Panchapandava beds Melur Madurai midway between Alagarmalai and Kidanpatti.,,,,,no_candidates,0
ASI-00024,Cavern with Panchapandava beds on western Tiruparankunram Madurai slope of the hills and similar beds behind the Sikkandar mosque on the top. 101 Sl.No. Name of the Monument / Site Locality District,,,,,no_candidates,0
ASI-00025,Rock-cut cave and inscriptions on the southern Tiruparankunram Madurai side of the Tiruparankunram Rock.,,,,,no_candidates,0
ASI-00026,Ramapadam Mantapam. Kodiakkadu Nagapattinam,,,,,no_candidates,0
ASI-00027,Inscribed stone. Kodiyakarai Nagapattinam,,,,,no_candidates,0
ASI-00028,Excavated Remains of Buddhist Vihara and Melaiyur Nagapattinam Temple at Pallanareswaram.,,,,,no_candidates,0
ASI-00029,Kambarmedu. Melaiyur Nagapattinam,,,,,no_candidates,0
ASI-00030,Town Gateway. Tranquebar Nagapattinam (Tarangambadi),,,,,no_candidates,0
ASI-00031,Group of sculpted dolmens at Banagudisholai Banagudisholai Nilgiri,,,,,no_candidates,0
ASI-00032,Jain Theerthankara images Alangudipatti Pudukkottai,,,,,no_candidates,0
ASI-00033,Jain image. Alathur Pudukkottai,,,,,no_candidates,0
ASI-00034,The dolmens and cairns Amburapatti Pudukkottai,,,,,no_candidates,0
ASI-00035,The site locally known as “Kurangupattarai” Ammachatram Pudukkottai (Prehistoric burial site).,,,,,no_candidates,0
ASI-00036,Whole cave with the two Jain figures carved on Ammachatram Pudukkottai the rock over it on the eastern side of Aluruttimalai in Ammachatram village and damaged inscription on the northen side of the sloping sheet of the rock below the same cave.,,,,,no_candidates,0
ASI-00037,The whole of the Siva Temple and the inscribed Ammankurichi Pudukkottai stone in the front mantapam.,,,,,no_candidates,0
ASI-00038,The Pre-historic burials,,,,,low_confidence,31.57894737
ASI-00039,Two Jain Tirthankara image Annavasal Pudukkottai,,,,,no_candidates,0
ASI-00040,Siva temple. Ariyur Pudukkottai,,,,,low_confidence,29.09090909
ASI-00041,Jain Theerthankara Image and the granite stone Chettipatty Pudukkottai bearing an inscription.,,,,,no_candidates,0
ASI-00042,Ruined Jain temple. Chettipatty Pudukkottai,,,,,low_confidence,25
ASI-00043,Sarangatheeswara temple known as Chittur Pudukkottai Thiruvagneeswarar temple.,,,,,no_candidates,0
ASI-00044,The dolmens in the right flank of Chokkanatham Chokkanatha Pudukkottai kanmoi. Patti,,,,,no_candidates,0
ASI-00045,The rock-cut Siva shrine. Devarmalai Pudukkottai,,,,,no_candidates,0
ASI-00046,Kalabham Udaiyar Temple. Irumbanadu Pudukkottai,,,,,no_candidates,0
ASI-00047,Siva Temple and the lion pillar. Irumbanadu Pudukkottai,,,,,no_candidates,0
ASI-00048,Soundararaja Perumal Temple. Irumbanadu Pudukkottai,,,,,no_candidates,0
ASI-00049,Stone idols of Ganesa and Anjaneya Irumbanadu Pudukkottai,,,,,no_candidates,0
ASI-00050,Jain Thirthankara Idol Kannangarakudi Pudukkottai,,,,,no_candidates,0
ASI-00051,Jain image,,,,,no_candidates,0
ASI-00052,Balasubramanya Temple. Kannanur Pudukkottai,,,,,no_candidates,0
ASI-00053,The dolmens. Kilaiyur Pudukkottai,,,,,no_candidates,0
ASI-00054,Uttamadaniswara temple. Kilattaniyam Pudukkottai,,,,,no_candidates,0
ASI-00055,Ruined Siva Temple. Kilayur(Kaliyapatti) Pudukkottai,,,,,no_candidates,0
ASI-00056,Uttamanathasvami Siva Temple. Kiranur Pudukkottai 102 Sl.No. Name of the Monument / Site Locality District,,,,,no_candidates,0
ASI-00057,Mucucundeswara temple and the tank in front of Kodumbalur Pudukkottai it.,,,,,no_candidates,0
ASI-00058,Muvarkoil with surrounding sub-Shrines,,,,,no_candidates,0
ASI-00059,Remains of Aivar kovil Kodumbalur Pudukkottai,,,,,no_candidates,0
ASI-00060,Remains of the structural temple and antiquities Kodumbalur Pudukkottai,,,,,no_candidates,0
ASI-00061,Cavern on the western side of the Kudumiyanmalai Pudukkottai Kudumiamalai temple hill.,,,,,no_candidates,0
ASI-00062,The Amman shrine. Kudumiyanmalai Pudukkottai,,,,,no_candidates,0
ASI-00063,The Musical Inscription. Kudumiyanmalai Pudukkottai,,,,,no_candidates,0
ASI-00064,The rock-cut shrine called Melakkovil with Kudumiyanmalai Pudukkottai mantapam in front.,,,,,no_candidates,0
ASI-00065,The Sikhanathaswami temple. Kudumiyanmalai Pudukkottai,,,,,no_candidates,0
ASI-00066,Eight Natural caverns,,,,,no_candidates,0
ASI-00067,The Iswaran Kovil. Kulathur Pudukkottai,,,,,no_candidates,0
ASI-00068,The Rock-cut Siva temple and car mantapam Kunnandarkoil Pudukkottai with wheels in the front part of the plinth.,,,,,no_candidates,0
ASI-00069,Jain idol and the remains of the Jain temple. Letchumanpatti Pudukkottai,,,,,no_candidates,0
ASI-00070,The idols situated in the southern bund of Madarapatti Pudukkottai Teppakulam urani.,,,,,no_candidates,0
ASI-00071,(i) The Jain Theerthankara image in Sighasana Mailapatti Pudukkottai posture lying in bas-relief on a slab (ii) The Remains of the temple (iii) The Ganesa image (iv) The Nandi,,,,,no_candidates,0
ASI-00072,The two Rock-cut Siva shrines on the eastern Malakkoil Pudukkottai and southern slopes of the hill.,,,,,no_candidates,0
ASI-00073,Rock-cut Siva Temple (Pallava 8th century Malayadipatti Pudukkottai A.D.).,,,,,no_candidates,0
ASI-00074,Rock-cut Vishnu cave Temple (Pallava 8-9th Malayadipatti Pudukkottai century A.D.).,,,,,no_candidates,0
ASI-00075,Jain Temple site. Mangathevanpatti Pudukkottai,,,,,no_candidates,0
ASI-00076,Ruins of the Jain shrine. Mangathevanpatti Pudukkottai,,,,,no_candidates,0
ASI-00077,Siva and Pillayar temples. Mangudi Pudukkottai,,,,,no_candidates,0
ASI-00078,Jain Thirthankara Idol (Aiyanar) and Devi idols. Marudur Pudukkottai,,,,,no_candidates,0
ASI-00079,Melanilaipatti,,,,,no_candidates,0
ASI-00080,The Pre-historic burial sites. Melur Pudukkottai,,,,,no_candidates,0
ASI-00081,The Stone circles,,,,,no_candidates,0
ASI-00082,Vishnu idol. Melur Pudukkottai,,,,,no_candidates,0
ASI-00083,The dolmens. Muttampatti Pudukkottai,,,,,no_candidates,0
ASI-00084,The Tirupperumanadar temple called Nangupatti Pudukkottai Madattukovil. (Madattukkoil),,,,,low_confidence,18
ASI-00085,Jain idol,,,,,no_candidates,0
ASI-00086,The old burial sites in the three groups Narangiyan Pudukkottai Pettai,,,,,no_candidates,0
ASI-00087,Ammankovil. Narthamalai Pudukkottai,,,,,no_candidates,0
ASI-00088,Rock-cut Siva Temple called Paliyili Iswaran Narthamalai Pudukkottai with structural moulded plinth in front.,,,,,no_candidates,0
ASI-00089,Rock-cut Vishnu shrine called Samanar Kudagu Narttamalai Pudukkottai with structural moulded plinth in front.,,,,,no_candidates,0
ASI-00090,Vijayala Choliswaram and the group of Sub- Narttamalai Pudukkottai Shrines around it.,,,,,no_candidates,0
ASI-00091,Jain image and the inscription to the south of it Nathampannai Pudukkottai found on the summit of the sadayapparai.,,,,,no_candidates,0
ASI-00092,Siva Temple. Nirpalani Pudukkottai,,,,,no_candidates,0
ASI-00093,Siva Temple. Panangudi Pudukkottai,,,,,no_candidates,0
ASI-00094,Vishnu Temple Panangudi Pudukkottai,,,,,no_candidates,0
ASI-00095,The dolmens. Perungulur Pudukkottai,,,,,no_candidates,0
ASI-00096,Prehistoric dolmens. Peyal Pudukkottai,,,,,no_candidates,0
ASI-00097,Rajendracolisvaram Temple (Siva Temple). Ponamaravati Pudukkottai,,,,,no_candidates,0
ASI-00098,The dolmens and the Ayyanar Image. Poyyamanai And Pudukkottai Virudupatti,,,,,no_candidates,0
ASI-00099,Jain Theerthankara images now lying in the dry Puliyur Pudukkottai lands to the north-east of Alangudipatti hamlet.,,,,,no_candidates,0
ASI-00100,Jain image and the surrounding Temple site Puttambur Pudukkottai locally called ‘Mottai Pillaiyarkovil’.,,,,,no_candidates,0
ASI-00101,The prehistoric burials. Puttambur Pudukkottai,,,,,no_candidates,0
ASI-00102,The Rock-cut shrine called Pushpavaneswara. Puvalakkudi Pudukkottai,,,,,no_candidates,0
ASI-00103,A Stone sluice with Nandippottan’s inscription. Rajalipatti Pudukkottai,,,,,low_confidence,32.82051282
ASI-00104,Stone idols of Devi and Vishnu and the Siva Rasipuram Pudukkottai Temple.,,,,,no_candidates,0
ASI-00105,The prehistoric burial sites. Satyamangalam Pudukkottai,,,,,no_candidates,0
ASI-00106,Jain mound,,,,,low_confidence,26.47058824
ASI-00107,Natural cavern called Andarmatam. Sembuthi Pudukkottai,,,,,no_candidates,0
ASI-00108,Cairns and urns. Sendakudy Pudukkottai,,,,,no_candidates,0
ASI-00109,Dolmens and urns. Sengalur Pudukkottai,,,,,no_candidates,0
ASI-00110,Vishnu,,,,,no_candidates,0
ASI-00111,The Bumisvaraswami temple. Sevalur Pudukkottai,,,,,no_candidates,0
ASI-00112,Rock-cut Jain Temple (Ariver Koil). Sittannavasal Pudukkottai,,,,,no_candidates,0
ASI-00113,The dolmens. Sittannavasal Pudukkottai,,,,,no_candidates,0
ASI-00114,The Natural cavern with stone beds and Brahmi Sittannavasal Pudukkottai and old Tamil inscriptions called Enadipattam.,,,,,no_candidates,0
ASI-00115,Tiruvilangudi Siva Temple Suriyur Pudukkottai,,,,,no_candidates,0
ASI-00116,The Dolmens known as Kurangupattarai. Tayinipatti Pudukkottai,,,,,no_candidates,0
ASI-00117,The Jain Theerthankara image seated on a Tekkatur Pudukkottai pedestal to the east of the bund of Periakanmoi and to the west of Siva temple.,,,,,no_candidates,0
ASI-00118,Siva Temple. Tennangudi Pudukkottai,,,,,no_candidates,0
ASI-00119,The prehistoric burials. Thekkattur Pudukkottai 104 Sl.No. Name of the Monument / Site Locality District,,,,,no_candidates,0
ASI-00120,The Todaiyur Siva Temple by side of the bund Thodaiyur Pudukkottai of Todaikulam.,,,,,no_candidates,0
ASI-00121,The Sanctum of the old Siva Temple. Tirukalambur Pudukkottai,,,,,no_candidates,0
ASI-00122,Sundareswara Temple with 7 sub-shrines. Tirukkattalai Pudukkottai,,,,,no_candidates,0
ASI-00123,The Kalasakadu Burial sites Tirukkattalai Pudukkottai,,,,,no_candidates,0
ASI-00124,The Rock-cut Siva Temple,,,,,no_candidates,0
ASI-00125,The Rock-cut Vishnu Temple,,,,,no_candidates,0
ASI-00126,The Stone and brick fort. Tirumayam Pudukkottai,,,,,low_confidence,19.24398625
ASI-00127,Jain image in the water spread of Pudukulam. Tiruppur Pudukkottai,,,,,no_candidates,0
ASI-00128,The Choliswara Udayar temple. Tiruppur Pudukkottai,,,,,no_candidates,0
ASI-00129,The group of dolmens. Tiruppur Pudukkottai,,,,,no_candidates,0
ASI-00130,The Prehistoric Burial sites. Vadugapatti Pudukkottai,,,,,no_candidates,0
ASI-00131,Jain Theerthankara image and the inscribed Valavambatti Pudukkottai stone slab. (valavanpatti),,,,,no_candidates,0
ASI-00132,The Siva Temple. Varappur Pudukkottai,,,,,no_candidates,0
ASI-00133,The Sivan Koil and its premises on the western Varpet Pudukkottai of Enadi kanmoi.,,,,,no_candidates,0
ASI-00134,The old burial sites. Vathanna Pudukkottai Kurichi,,,,,no_candidates,0
ASI-00135,The Jain Tirthankara image. Veerakkudy Pudukkottai,,,,,no_candidates,0
ASI-00136,The Agastisvara Temple. Vellanur Pudukkottai,,,,,no_candidates,0
ASI-00137,The Kailasanatha Temple. Vellanur Pudukkottai,,,,,no_candidates,0
ASI-00138,The Prehistoric burial sites. Vilapatti Pudukkottai,,,,,no_candidates,0
ASI-00139,The Two lion pillars in the Vahanamantapam Viralimalai Pudukkottai attached to the sri Subramanyaswami temple.,,,,,no_candidates,0
ASI-00140,The Siva Temple. Visalur Pudukkottai,,,,,no_candidates,0
ASI-00141,Boulder stone bed and Brahmi inscriptions on Kunnakudi Sivaganga the hill and rock cut temples with inscriptions at the foot of the hill.,,,,,no_candidates,0
ASI-00142,Airavatesvarar temple Chatram Darasuram Thanjavur,,,,,no_candidates,0
ASI-00143,A Big gun known as ‘Rajagopal’ in the east Thanjavur Thanjavur Rampart and the bastion.,,,,,no_candidates,0
ASI-00144,Schwartz’s (Christ) Church in the north-east Thanjavur Thanjavur portion of the little Fort.,,,,,no_candidates,0
ASI-00145,Sivaganga little fort enclosing the Great Temple. Thanjavur Thanjavur,,,,,no_candidates,0
ASI-00146,Karuppannaswami rock and Jain sculptures. Uttamapalayam Theni,,,,,no_candidates,0
ASI-00147,Bhaktavatsala temple Sermadevi Thirunelveli,,,,,no_candidates,0
ASI-00148,Rock cut temples with inscriptions in Tirumalapuram Thirunelveli Varanchimalai,,,,,no_candidates,0
ASI-00149,Valliswara temple Tiruvaliswaram Thirunelveli,,,,,no_candidates,0
ASI-00150,Ancient Site Kunnattur Thirunelveli,,,,,no_candidates,0
ASI-00151,Prehistoric remains. Adichanallur Thoothukudi,,,,,no_candidates,0
ASI-00152,Prehistoric remains. Kalvoi Thoothukudi,,,,,no_candidates,0
ASI-00153,Prehistoric remains. Karungulam Thoothukudi 105 Sl.No. Name of the Monument / Site Locality District,,,,,no_candidates,0
ASI-00154,Head Sluice Periavoikal alias Nattu vaikal Musiri Tiruchirappalli,,,,,no_candidates,0
ASI-00155,(i) Path leading to the site in front of the lower Rock Fort,,,,,no_candidates,0
ASI-00156,Kovil. Srinivasanallur Tiruchirappalli,,,,,no_candidates,0
ASI-00157,Fort Gateway. Tiruchchirappalli Tiruchirappalli,,,,,no_candidates,0
ASI-00158,Sri Erumbeswaraswami Temple. Tiruverumbur Tiruchirappalli,,,,,no_candidates,0
ASI-00159,Pre-historic sites popularly known as “pandava Kanyampundi Tiruppur graves”,,,,,no_candidates,0
ASI-00160,Sugrivesvara Temple and Tank Sircar Periyapalayam Tiruppur,,,,,no_candidates,0
ASI-00161,Muruganatha Temple Tirumurugan- Tiruppur poondi,,,,,no_candidates,0
ASI-00162,Tirumal Nayak’s Palace. Srivilliputtur Virudhunagar 24. 106 List of Centrally Protected Monuments / Sites under the jurisdiction of Tripura Sl.No. Name of the Monument / Site Locality District,,,,,no_candidates,0
ASI-00001,Gunavati Group of Temples Radhakishorepur Gomati,,,,,no_candidates,0
ASI-00002,Temple of Chaturdasha Devata Radhakishorepur Gomati,,,,,no_candidates,0
ASI-00003,Bhubaneswari Temple Rajnagar Gomati,,,,,no_candidates,0
ASI-00004,Ancient mound called Shyam Sundar Ashram Jolaibari S. Tripura Tilla,,,,,no_candidates,0
ASI-00005,Ancient mound called Pujakhola,,,,,no_candidates,0
ASI-00006,Ancient mound called Thakurani Tilla Paschim Pilak S.Tripura,,,,,no_candidates,0
ASI-00007,Ancient Remains at Boxanagar locally known Boxanagar Shipahijala as Nath Badi,,,,,no_candidates,0
ASI-00008,Sculptures and rock –cut reliefs of the Unakoti Range Unakoti Unakotitirtha,,,,,no_candidates,0
ASI-00025,List of Centrally Protected Monuments / sites under the jurisdiction of Uttar Pradesh (Agra Circle,,,,,no_candidates,0
ASI-00001,Agra Fort Agra Agra Including Akbari Mahal Anguri Bagh Baoli of the Diwan-i-Am Quadrangle. Carved stone inscription dated A.D. 1605 inside the Delhi gate entrance. Chitor Gates. Diwan-i-Am or Hall of Public Audience Diwan-i-Khas or Private Hall of Audience Galleries beneath the Khas Mahal Hon'ble John Russell Colvin's Tomb. Inner Amar Singh Gate. Inner Delhi Gate. Jahangiri Mahal Jahangir's Bath Khas Mahal or the Aramgah or private hall including the golden pavilions on each side. Ladies Bazaar attached to the Nagina Masjid. Machchi Bhawan or Fish House. Maharatta Building impinging on the Nagina Masjid Mina Masjid Moti Masjid or Pearl Mosque Royal Baths Nagina Masjid Salimgarh Saman Burj with Pachisi Court and surrounding chambers. Shahjahan's apartment Shish Mahal Somnath Gates Well (Baoli) in the Akbari Mahal.,,,,,no_candidates,0
ASI-00002,Barah Khamba together with adjoining area Agra,,,,,no_candidates,0
ASI-00003,Chattries on the Yamuna bank to the north of Agra Agra Ram Bagh,,,,,no_candidates,0
ASI-00004,Chauburji,,,,,no_candidates,0
ASI-00005,Chini-ka-Rauza including well,,,,,no_candidates,0
ASI-00006,City wall on the west side of Agra Gate. Agra Agra,,,,,no_candidates,0
ASI-00007,Dakhini darwaza in Mohalla Tajganj. Agra Agra,,,,,no_candidates,0
ASI-00008,Firoz Khan's Tomb. Agra Agra,,,,,no_candidates,0
ASI-00009,Gateway at Pul Changa Modi. Agra Agra,,,,,no_candidates,0
ASI-00010,Gateway in the interior of Tajganj. Agra Agra,,,,,no_candidates,0
ASI-00011,Great Idgah. Agra Agra,,,,,no_candidates,0
ASI-00012,Itimad-ud-Daula’s Tomb Agra Agra,,,,,no_candidates,0
ASI-00013,Inscribed tablet in a piece of the old city wall of Agra Agra Agra (Akbarabad) on the west side of the Mahatma Gandhi road,,,,,no_candidates,0
ASI-00014,Jami Masjid Agra Agra,,,,,no_candidates,0
ASI-00015,Jhun Jhun Katora Agra Agra,,,,,no_candidates,0
ASI-00016,Khans Gate Agra Agra,,,,,no_candidates,0
ASI-00017,Kiosk and buildings other than the river side Agra Agra kiosk at or near Zohra Bagh.,,,,,no_candidates,0
ASI-00018,Mehtab Bagh on the river bank,,,,,no_candidates,0
ASI-00019,Maqbara called Kala Gumbaz between Chini- Agra Agra ka-Rauza and Bagh Wazir Khan.,,,,,no_candidates,0
ASI-00020,Old Delhi Gate of city. Agra Agra,,,,,no_candidates,0
ASI-00021,Pahlwan's Tomb near Cantonment,,,,,no_candidates,0
ASI-00022,Ram Bagh Gateways Agra Agra,,,,,no_candidates,0
ASI-00023,Ram Bagh Houses,,,,,no_candidates,0
ASI-00024,Rauza Diwanji Begum and Mosque Agra Agra,,,,,no_candidates,0
ASI-00025,Sat Kuiya or Seven wells close by Ram Bagh on Agra Agra the Aligarh Road.,,,,,no_candidates,0
ASI-00026,Small Chattri on Agra-Mathura Road. Agra Agra,,,,,no_candidates,0
ASI-00027,Statue of Akbar's House on the Agra-Sikandara Agra Agra Road.,,,,,no_candidates,0
ASI-00028,Taj and grounds including the Masjid on the Agra Agra west side,,,,,no_candidates,0
ASI-00029,Tank Pahlwan near Cantonment,,,,,no_candidates,0
ASI-00030,Two Gateways of early Mughal date at the Agra Agra northeast and northwest corner of Rambagh.,,,,,no_candidates,0
ASI-00031,Well and flight of steps in the Charbagh. Agra Agra,,,,,no_candidates,0
ASI-00032,Zohra Bagh and River side Kiosk. Agra Agra,,,,,no_candidates,0
ASI-00033,Fatehpur Sikri Agra Agra Abul Faizi’s House Abul Faizi's House Agra Gate. Ajmer Gate. Ankh Michauli and vaults beneath. Archways partly supporting platform by the water work and in front of covered way leading from Jodhbai's Palace towards the Hiran Minar. Astrologer's Seat & vaults beneath Baha-ud-Din's Tomb. Buland Darwaza of the Jami Masjid Baoli on the north side of Agra road below Hakim's Bath. Baradari near Kush Mahal. Baradari near Naubat Khana Baradari near Tehra Darwaza Birbal's Gate Building commonly called Baiju-ka-Makan Chandanpol Gate Chor Darwaza City Walls Cloisters in front of the hammam by the gate leading into the Diwani-i-Am courtyard. Daftarkhana (Old Dak Bungalow) Dalan (attached to Mariam's House) Darogha's House Delhi Gate Diving well Diwan-i-Khas with cloisters Domed Baths Domed Gateway on the stone ridge by the Agra Gate Elephant Gate or Hathi Pol Girl's School Guard House attached to Jodh Bai's Palace Guard House (attached to Mariam's House) Guard House 110 Sl.No. Name of the Monument / Site Locality District Guard House at the foot of the ridge by Agra gate Gwalior Gate Hakim's Bath Hakim's (Doctor's ) house Hamamm,,,,,no_candidates,0
ASI-00034,Kos Minar Agra-Fatehpur Sikri Agra Road,,,,,no_candidates,0
ASI-00035,Kos Minar Agra-Fatehpur Sikri Agra Road,,,,,no_candidates,0
ASI-00036,Kos Minar Agra-Fatehpur Sikri Agra Road,,,,,no_candidates,0
ASI-00037,Kos Minar Agra-Fatehpur Sikri Agra Road,,,,,no_candidates,0
ASI-00038,Kos Minar Agra-Fatehpur Sikri Agra Road,,,,,low_confidence,22.64150943
ASI-00039,Kos Minar Agra-Mathura Road,,,,,no_candidates,0
ASI-00040,Kos Minar Agra-Mathura Road,,,,,low_confidence,35.29411765
ASI-00041,Kos Minar Agra-Mathura Road,,,,,no_candidates,0
ASI-00042,Tomb of Mahabat Khan's Daughter. Bagh Rajpur Agra,,,,,low_confidence,22.95081967
ASI-00043,Chattrie making the site of the Empress Bhogipura Agra Jodhbai's Tomb.,,,,,no_candidates,0
ASI-00044,Double storied Mughal pavilion called Hajeera. Burhia-ka-Tal Agra,,,,,no_candidates,0
ASI-00045,The village known as Burhia-ka-Tal. Burhia-ka-Tal Agra,,,,,no_candidates,0
ASI-00046,Tomb of Sadiq Khan Gelana Agra,,,,,no_candidates,0
ASI-00047,Tomb of Salabat Khan Gelana Agra,,,,,no_candidates,0
ASI-00048,Dhakri-ka-Mahal Gopalpura Agra,,,,,no_candidates,0
ASI-00049,Jami Masjid Itimadpur Agra,,,,,no_candidates,0
ASI-00050,Jagner Fort including the Gwal Baba Temple Jagner Agra with the Stairway leading there to and the baoli outside and below tha main gate on the hill of Jagner.,,,,,no_candidates,0
ASI-00051,Two gateways and the Mosque in the Jajau Jajau Agra 112 Sl.No. Name of the Monument / Site Locality District Sarai.,,,,,no_candidates,0
ASI-00052,Humayun Masjid Kachhpura Agra,,,,,no_candidates,0
ASI-00053,Bara Khamba Kagarol Agra,,,,,no_candidates,0
ASI-00054,Guru-ka-Tal Kakretha Agra,,,,,no_candidates,0
ASI-00055,Fifty-two bullock well Khawaspur Agra,,,,,no_candidates,0
ASI-00056,Kamal Khan's Dargah Khawaspur Agra,,,,,no_candidates,0
ASI-00057,Old Tila and Tasu Tila Khawaspur Agra,,,,,no_candidates,0
ASI-00058,Roman Catholic Cemetery with all its tombs,,,,,no_candidates,0
ASI-00059,Mass of rubble and concrete said to contain Mau Agra tombs of Ladli Begum and her two brothers Faizi and Abul Fazl,,,,,no_candidates,0
ASI-00060,Hathi Khana Mauza Basai Mustkil Agra (Taj Ganj),,,,,no_candidates,0
ASI-00061,Haveli of Agah Khan Mauza Basai Mustkil Agra (Taj Ganj),,,,,no_candidates,0
ASI-00062,Itibari Khan's Mosque Near Sikandara Agra,,,,,no_candidates,0
ASI-00063,Jaswant Singh-ki-Chattri Rajwara Agra,,,,,no_candidates,0
ASI-00064,Mosque adjoining the Mausoleum of Jaffar Rajwara Agra Khan,,,,,no_candidates,0
ASI-00065,Tomb of Sheikh Ibrahim Rasulpur Agra (Nephew of Salim Chishti),,,,,no_candidates,0
ASI-00066,Akbar's Tomb,,,,,no_candidates,0
ASI-00067,Dalans on the east and south sides of the great Sikandara Agra south gate and domed structure on the west side of the same gate.,,,,,no_candidates,0
ASI-00068,Kanch Mahal,,,,,no_candidates,0
ASI-00069,Mariam's Tomb Sikandara Agra,,,,,no_candidates,0
ASI-00070,Small mosque situated in the Church Missionary Sikandara Agra Society's compound,,,,,no_candidates,0
ASI-00071,Monuments in the memory of Captain Ronald Aligar Aligarh Cameron and other soldiers.,,,,,no_candidates,0
ASI-00072,Khera Mound Bajera Khera Aligarh,,,,,no_candidates,0
ASI-00073,Smaller Mound Bajera Khera Aligarh,,,,,no_candidates,0
ASI-00074,Monument in memory of the brave men who fell Gangiri Aligarh at the hour of victory.,,,,,no_candidates,0
ASI-00075,Three Mounds Gorai Dhana,,,,,no_candidates,0
ASI-00076,Masjid Pilkhana Aligarh,,,,,no_candidates,0
ASI-00077,Ancient site consisting of the remains of an Sankara Aligarh ancient fort and an extensive Khera,,,,,no_candidates,0
ASI-00078,High isolated conical shaped mound Sankara Aligarh,,,,,no_candidates,0
ASI-00079,Mound,,,,,no_candidates,0
ASI-00080,Nagaria Khera Shahgarh Khera,,,,,no_candidates,0
ASI-00081,Old Garhi or Mud Fort Shahgarh Khera,,,,,no_candidates,0
ASI-00082,Sahegarh Khera Shahgarh Khera,,,,,no_candidates,0
ASI-00083,Monument near Old Fort Tappal Aligarh,,,,,no_candidates,0
ASI-00084,Tomb of Thomson Simpson Tappal Aligarh,,,,,low_confidence,19.23076923
ASI-00085,Large Mound Atranjikhera Etah,,,,,no_candidates,0
ASI-00086,Khera Basundara Basundra Etah,,,,,no_candidates,0
ASI-00087,Large mound dividing the village into two Bilsar Etah distinct portions known as Bilsar Pachiya and Bilsar Purva.,,,,,no_candidates,0
ASI-00088,Mound containing ancient relics of the Gupta Bilsar Etah period.,,,,,no_candidates,0
ASI-00089,Tombs of Colonel Gardener and his Begum Chaoni Etah,,,,,no_candidates,0
ASI-00090,Remains of an old temple Malawan Etah,,,,,no_candidates,0
ASI-00091,Two Mounds together with a statue,,,,,no_candidates,0
ASI-00092,Fort Sakit Etah,,,,,no_candidates,0
ASI-00093,Ruined Mosque in the old Fort Sakit Etah,,,,,no_candidates,0
ASI-00094,Extensive Khera Sarai Aghat Etah,,,,,no_candidates,0
ASI-00095,Sita Ramji's temple Soron Etah,,,,,no_candidates,0
ASI-00096,Remains of an old Fort Asai Khera Etawah,,,,,no_candidates,0
ASI-00097,Ancient fortress and site Chakra Naga Etawah,,,,,no_candidates,0
ASI-00098,Gateway Ekdil Etawah,,,,,no_candidates,0
ASI-00099,Jami Masjid with its appurtenances Etawah Etawah,,,,,no_candidates,0
ASI-00100,Tomb of Nizammuddin Rapri,,,,,no_candidates,0
ASI-00101,Idgah Rapri,,,,,no_candidates,0
ASI-00102,Tomb of Fariduddin alias Main Fiddu Shekupur Garhi,,,,,no_candidates,0
ASI-00103,Tomb of Nasiruddin Shekupur Garhi,,,,,low_confidence,29.16666667
ASI-00104,Monument near Kilah railway station Hathras Hathras,,,,,no_candidates,0
ASI-00105,Remains of an old Hindu temple inside the Hathras Hathras Dayaram's fort,,,,,no_candidates,0
ASI-00106,Small circular mound Lakhnu Hathras,,,,,low_confidence,45.16129032
ASI-00107,Mound Lakhnu Hathras,,,,,no_candidates,0
ASI-00108,Monument of Major Robert Naim Pipalgaon Hathras,,,,,no_candidates,0
ASI-00109,Monument in the memory of Samuel Anderson Sasni Hathras Nichterlein,,,,,no_candidates,0
ASI-00110,Mound known as Gohana Khera Sasni Hathras,,,,,no_candidates,0
ASI-00111,Closed cemetery Mainpur Mainpuri,,,,,no_candidates,0
ASI-00112,Ancient Mound Adinga Mathura,,,,,no_candidates,0
ASI-00113,Ancient site Bajna Mathura,,,,,no_candidates,0
ASI-00114,Pillar with Sanskrit inscription dated samvat Barsana Mathura 1666 in the flanking tower at the Bhanakaur tank 114 Sl.No. Name of the Monument / Site Locality District,,,,,no_candidates,0
ASI-00115,Mound (Barse ka Tila) Bhadar Mathura,,,,,no_candidates,0
ASI-00116,Temple of Govind Deo Brindaban Mathura,,,,,no_candidates,0
ASI-00117,Temple of Jugal Kishore Brindaban Mathura,,,,,no_candidates,0
ASI-00118,Temple of Madan Mohan Brindaban Mathura,,,,,no_candidates,0
ASI-00119,Temple of Radha Ballabh Brindaban Mathura,,,,,no_candidates,0
ASI-00120,Akbari Sarai Chhatta Mathura,,,,,no_candidates,0
ASI-00121,Kos Minar,,,,,no_candidates,0
ASI-00122,Kos Minar,,,,,no_candidates,0
ASI-00123,Kos Minar,,,,,no_candidates,0
ASI-00124,Kos Minar,,,,,no_candidates,0
ASI-00125,Two mounds,,,,,no_candidates,0
ASI-00126,Kos Minar Gohari Mathura,,,,,low_confidence,13.43283582
ASI-00127,Mound Jaisinghpura Mathura,,,,,no_candidates,0
ASI-00128,Ancient Mound (Hathi Tila ) near Kishori Raman Kesopur Menoharpur Mathura college,,,,,no_candidates,0
ASI-00129,Fortified Sarai with all its walls and gateways Kosi Mathura,,,,,no_candidates,0
ASI-00130,Small mound locally known as Chavar Kosi Mathura,,,,,no_candidates,0
ASI-00131,Mound Kota Mathura,,,,,no_candidates,0
ASI-00132,Mound marking the Old Fort Mahaban Mathura,,,,,no_candidates,0
ASI-00133,Ancient Site containing fragments of images Mat Mathura,,,,,no_candidates,0
ASI-00134,Ancient sculptures,,,,,no_candidates,0
ASI-00135,Gayatri mound Mathura Mathura,,,,,no_candidates,0
ASI-00136,Girdharpur mound Mathura Mathura,,,,,no_candidates,0
ASI-00137,Gopal Khera Mathura Mathura,,,,,no_candidates,0
ASI-00138,Kankali tila,,,,,no_candidates,0
ASI-00139,Kos Minar on the circular road Mathura Mathura,,,,,no_candidates,0
ASI-00140,Palikhera Mound Mathura Mathura,,,,,no_candidates,0
ASI-00141,Portions of Katra Mound which are not in the Mathura Mathura possession of Nazul tenants on which formerly stood a temple of Kehsavadeva which was dismantled and the site utilised for the mosque of Aurangzeb,,,,,no_candidates,0
ASI-00142,Sati Burz,,,,,no_candidates,0
ASI-00143,Site of ancient Pokhar (Pushkarini) Mathura Mathura,,,,,no_candidates,0
ASI-00144,Queen Victoria Memorial Mathura Mathura,,,,,no_candidates,0
ASI-00145,Ahalyaganj Mound Mathura-Brindaban Mathura road,,,,,no_candidates,0
ASI-00146,Chamunda Tila Mathura-Brindaban Mathura road,,,,,no_candidates,0
ASI-00147,Kos Minar,,,,,no_candidates,0
ASI-00148,Kos Minar,,,,,no_candidates,0
ASI-00149,Kos Minar,,,,,no_candidates,0
ASI-00150,Kos Minar,,,,,no_candidates,0
ASI-00151,Kos Minar in the beginning of Dig road Mathura-Dig road Mathura,,,,,no_candidates,0
ASI-00152,Ancient Site Mora Mathura,,,,,no_candidates,0
ASI-00153,Extensive site containing a high mound Shahpur Ghosana Mathura apparently a fort with ramparts and corner turrets,,,,,no_candidates,0
ASI-00154,Mound Sonauth Janubi Mathura Jhansi Circle Sl.No. Name of the Monument / Site Locality District,,,,,no_candidates,0
ASI-00001,Closed cemetery,,,,,no_candidates,0
ASI-00002,Jami Masjid Banda Banda,,,,,no_candidates,0
ASI-00003,Monument in memory of General Whitelock's Banda Banda Force,,,,,no_candidates,0
ASI-00004,Baoli Bhawanipur Banda,,,,,no_candidates,0
ASI-00005,Fort of Kalinjar,,,,,no_candidates,0
ASI-00006,Approaches to Kalinjar Fort Kalinjar Banda,,,,,no_candidates,0
ASI-00007,Remains of the old fort with its seven gateways. Kalinjar Banda A temple of Mahadeo and an inscribed stone in Sanskrit lying on the foot and approaches to the same,,,,,no_candidates,0
ASI-00008,Two inscriptions,,,,,no_candidates,0
ASI-00009,Closed cemetery Bargarh Chitrakut,,,,,no_candidates,0
ASI-00010,Temple Bargarh Chitrakut,,,,,no_candidates,0
ASI-00011,Remains of a temple,,,,,no_candidates,0
ASI-00012,Small temple with a sanctum and a flat roof Barha-Kotra Chitrakut,,,,,no_candidates,0
ASI-00013,Two large caves known as Rikhian Barha-Kotra Chitrakut,,,,,no_candidates,0
ASI-00014,Remains of a small Chandella temple Birpur Chitrakut 116 Sl.No. Name of the Monument / Site Locality District,,,,,no_candidates,0
ASI-00015,Remains of an old Chandella temple Dadhwa,,,,,no_candidates,0
ASI-00016,Stone temple Ganesh Bagh one Chitrakut mile south-east of Karwi,,,,,no_candidates,0
ASI-00017,Two Chandella temples standing together on Gonda Chitrakut the same platform,,,,,no_candidates,0
ASI-00018,Balari Nath Gulrampur Chitrakut,,,,,no_candidates,0
ASI-00019,Two temples Gulrampur Chitrakut,,,,,no_candidates,0
ASI-00020,Temple In the Centre of a tank Chitrakut near the Jail,,,,,no_candidates,0
ASI-00021,City cemetery Karwi Chitrakut,,,,,no_candidates,0
ASI-00022,Ruins of an old Jain temple called Haihaiti Koh Chitrakut Mandir together with fragments of statues about the fort of the hill,,,,,no_candidates,0
ASI-00023,Ruins of some Jain Temples Lauri of Lokhari Chitrakut,,,,,no_candidates,0
ASI-00024,Manikpur cantonment cemetery Manikpur Chitrakut,,,,,no_candidates,0
ASI-00025,Fort with the fortification walls and the three Marpha Chitrakut ruined Jain temples and one ruined Hindu temple inside the fort,,,,,no_candidates,0
ASI-00026,Two ruined temples Mau Chitrakut,,,,,no_candidates,0
ASI-00027,Inscribed statue of Chandella period under a Pura Chitrakut pipal tree,,,,,no_candidates,0
ASI-00028,Ruins of a large linga temple of the Chandella Pura Chitrakut type,,,,,no_candidates,0
ASI-00029,Priest’s house Ramnagar Chitrakut,,,,,no_candidates,0
ASI-00030,Remains of a large temple Ramnagar Chitrakut,,,,,no_candidates,0
ASI-00031,Ruins of a large Chandella temple Ramnagar Chitrakut,,,,,no_candidates,0
ASI-00032,Group of ruins,,,,,no_candidates,0
ASI-00033,Remains of an old fort and a disused temple Rasin Chitrakut Devi Chandra Maheshwari,,,,,no_candidates,0
ASI-00034,Rock hewn tank,,,,,no_candidates,0
ASI-00035,Several Sati pillars with a large standing female Rasin Chitrakut figure holding a child in her left arm,,,,,no_candidates,0
ASI-00036,Temple of Chandi Maheshwari Rasin Chitrakut,,,,,no_candidates,0
ASI-00037,Two large caves in the middle of a hillock with Rauli Chitrakut broken sculptures scattered about,,,,,no_candidates,0
ASI-00038,Certain mounds covered with broken statues Kadhwa Hamirpur and sculptures,,,,,low_confidence,18.3908046
ASI-00039,Closed British Cemetery Kaitha Hamirpur,,,,,no_candidates,0
ASI-00040,Jain Temple mounds covered with broken bricks Sumerpur Hamirpur etc. and three kheras near them viz,,,,,low_confidence,24.3902439
ASI-00041,Sanskrit Inscription of Samvat 1672 on the Akbarpur or Ataura Jalaun Chauknanda of Rupan Guru,,,,,no_candidates,0
ASI-00042,Cemetery Jalaun Jalaun 117 Sl.No. Name of the Monument / Site Locality District,,,,,low_confidence,19.56521739
ASI-00043,Chaurasi Tomb of Lodhi Shah Badshah Kalpi Jalaun,,,,,no_candidates,0
ASI-00044,Closed Cemetery Kalpi Jalaun,,,,,no_candidates,0
ASI-00045,Piece of fort wall on the north-east scarp with its Kalpi Jalaun circular bastion,,,,,no_candidates,0
ASI-00046,Small domed building carried on six pillars Kalpi Jalaun immediately near to the P.W.D. Rest House,,,,,no_candidates,0
ASI-00047,Cemetery Kunch Jalaun,,,,,no_candidates,0
ASI-00048,Dome on twelve pillars called Bara Khamba Kunch Jalaun traditionally ascribed to the commander of Prithviraja,,,,,no_candidates,0
ASI-00049,Mosque Orai Jalaun,,,,,no_candidates,0
ASI-00050,Ruins of a large temple of the Chandella period Bangama Jhansi,,,,,no_candidates,0
ASI-00051,Chandel Temple Barua-sagar Jhansi,,,,,no_candidates,0
ASI-00052,Ghugua-ka-math Barua-sagar Jhansi,,,,,no_candidates,0
ASI-00053,Jarai-ka-math Barua-sagar Jhansi,,,,,no_candidates,0
ASI-00054,Jarao-ka-Marhia Barua-sagar Jhansi,,,,,no_candidates,0
ASI-00055,Tank Barua-sagar Jhansi,,,,,no_candidates,0
ASI-00056,Chhatari of Raja Gangaghar Rao alongwith tank Dariapur Jhansi,,,,,no_candidates,0
ASI-00057,Jama Masjid Erich Jhansi,,,,,no_candidates,0
ASI-00058,Gharao-ka-math Gharao Jhansi,,,,,no_candidates,0
ASI-00059,Memorial cemetery,,,,,no_candidates,0
ASI-00060,Monument of Major F.W. Pinkney,,,,,no_candidates,0
ASI-00061,Rani Lakshmi Bai Mahal Jhansi Jhansi,,,,,no_candidates,0
ASI-00062,Jhansi Fort Jhansi Jhansi,,,,,no_candidates,0
ASI-00063,Sikhara-roofed temple called Marhia and Khojra Jhansi dedicated to Gond baba,,,,,no_candidates,0
ASI-00064,Remains of a Chandella temple Kishni Khurd Jhansi,,,,,no_candidates,0
ASI-00065,Remains of an old Chandella temple Marha Jhansi,,,,,no_candidates,0
ASI-00066,Temple Marha Jhansi,,,,,no_candidates,0
ASI-00067,Chandela Temple Pachwara (Gahras) Jhansi,,,,,no_candidates,0
ASI-00068,Ruins of a large Chandella Temple containing a Patha-Sagauli Jhansi well preserved statue of Vishnu,,,,,no_candidates,0
ASI-00069,Gunner Burkill's Tomb Ragoon Jhansi,,,,,no_candidates,0
ASI-00070,Chandela Temple Sakrar Jhansi,,,,,no_candidates,0
ASI-00071,Ruined temple at the upper end of Rai Tal on Sirwabaran Jhansi the banks of which is a roundish boulder containing two inscriptions of Samvat 1604 and 1608,,,,,no_candidates,0
ASI-00072,Dilapidated Bundela temple with a colossal Banpur Lalitpur statue of Tirthankar called linga with two short inscriptions,,,,,no_candidates,0
ASI-00073,Ganesh Khera,,,,,no_candidates,0
ASI-00074,Jain Temple Banpur Lalitpur 118 Sl.No. Name of the Monument / Site Locality District,,,,,no_candidates,0
ASI-00075,Maniktila Banpur Lalitpur,,,,,no_candidates,0
ASI-00076,Pali Khera Banpur Lalitpur,,,,,no_candidates,0
ASI-00077,Three temples,,,,,no_candidates,0
ASI-00078,Temple of Sun God Budhni Lalitpur,,,,,no_candidates,0
ASI-00079,Bilmori Chandpur Lalitpur,,,,,no_candidates,0
ASI-00080,Inscription slab of 13th century Chandpur Lalitpur,,,,,no_candidates,0
ASI-00081,Inscribed slab dated samvat 1325 Chandpur Lalitpur,,,,,no_candidates,0
ASI-00082,Jain temple Chandpur Lalitpur,,,,,no_candidates,0
ASI-00083,Jhammer Chandpur Lalitpur,,,,,no_candidates,0
ASI-00084,Sahasra Linga Chandpur Lalitpur,,,,,low_confidence,26.66666667
ASI-00085,Small temple in the Jungle Chandpur Lalitpur,,,,,no_candidates,0
ASI-00086,Two monolithic pillars Chandpur Lalitpur,,,,,no_candidates,0
ASI-00087,Varaha,,,,,no_candidates,0
ASI-00088,Vishnu and Lakshmi Narayan shrines Chandpur Lalitpur,,,,,no_candidates,0
ASI-00089,Vishnu temple known as Bhandaria Chandpur Lalitpur,,,,,no_candidates,0
ASI-00090,Small flat-roofed fane sacred to Mahadeva Dasraran Lalitpur,,,,,no_candidates,0
ASI-00091,Half-fallen lane of Chandi having a shrine and a Daulatpur Lalitpur porch,,,,,no_candidates,0
ASI-00092,Large slab of the seven Mothers with Ganesha Daulatpur Lalitpur lying on the bed of the valley below the temple Chandi,,,,,no_candidates,0
ASI-00093,Ghats Deogarh Lalitpur,,,,,no_candidates,0
ASI-00094,Gupta Temple Deogarh Lalitpur,,,,,no_candidates,0
ASI-00095,Jain temples in Deogarh fort Deogarh Lalitpur,,,,,no_candidates,0
ASI-00096,Large temples Deogarh Lalitpur,,,,,no_candidates,0
ASI-00097,Varaha temple Deogarh Lalitpur,,,,,no_candidates,0
ASI-00098,Sikhara-roofed temple known as Kathoylan Deongoul Lalitpur Mithla,,,,,no_candidates,0
ASI-00099,Small temple with broken sikhara known as Deongoul Lalitpur Chaturbhuji,,,,,no_candidates,0
ASI-00100,Temple of Bhavani Deongoul Lalitpur,,,,,no_candidates,0
ASI-00101,Sati slab showing three-headed Mahadeva on Dhongra Lalitpur the top and fighting scenes below,,,,,no_candidates,0
ASI-00102,Small temple of Sankhanath or Santanatha Dhongra Lalitpur,,,,,no_candidates,0
ASI-00103,Akhara Dudhai Lalitpur,,,,,low_confidence,25.88235294
ASI-00104,Bajrang Dudhai Lalitpur,,,,,no_candidates,0
ASI-00105,Banbaba Dudhai Lalitpur,,,,,no_candidates,0
ASI-00106,Bania-ki-Barat Dudhai Lalitpur,,,,,low_confidence,27.27272727
ASI-00107,Chhatri with Varaha Dudhai Lalitpur,,,,,no_candidates,0
ASI-00108,Jain temples Dudhai Lalitpur,,,,,no_candidates,0
ASI-00109,Larger Surang Dudhai Lalitpur,,,,,no_candidates,0
ASI-00110,Lesser Surang Dudhai Lalitpur,,,,,no_candidates,0
ASI-00111,Linga or Mahadeva Dudhai Lalitpur,,,,,no_candidates,0
ASI-00112,Rock-cut Narasimha Dudhai Lalitpur,,,,,no_candidates,0
ASI-00113,Temples Dudhai Lalitpur 119 Sl.No. Name of the Monument / Site Locality District,,,,,no_candidates,0
ASI-00114,Two small temples of the Godwani type of which Dudhai Lalitpur one is sacred to Gond baba and the other to Mahadeva,,,,,no_candidates,0
ASI-00115,Varaha near tank Dudhai Lalitpur,,,,,no_candidates,0
ASI-00116,Northern temple consisting of a shrine and a Gurha Lalitpur porch sacred to Mahadeva or Linga,,,,,no_candidates,0
ASI-00117,Temples dedicated to Vishnu Gurha Lalitpur,,,,,no_candidates,0
ASI-00118,Two temples and several relics Gurha Khera Lalitpur,,,,,no_candidates,0
ASI-00119,Kuraiya Bir Temple Kuchdon Lalitpur,,,,,no_candidates,0
ASI-00120,Bansa Building of Firozshah's time Lalitpur Lalitpur,,,,,no_candidates,0
ASI-00121,Champa Marh Madanpur Lalitpur,,,,,no_candidates,0
ASI-00122,Jain Group of temples Madanpur Lalitpur,,,,,no_candidates,0
ASI-00123,Large temple in front of Panch Marhia Madanpur Lalitpur,,,,,no_candidates,0
ASI-00124,Modimor Madanpur Lalitpur,,,,,no_candidates,0
ASI-00125,Mudianior Madanpur Lalitpur,,,,,no_candidates,0
ASI-00126,Panch Marhia Madanpur Lalitpur,,,,,low_confidence,16.05839416
ASI-00127,Temple at Mahadeva Madanpur Lalitpur,,,,,no_candidates,0
ASI-00128,Temples (Bari & Chotti Kacheries) Madanpur Lalitpur,,,,,no_candidates,0
ASI-00129,Two small temples,,,,,no_candidates,0
ASI-00130,Ruined temple The sanctum site has a statue Markhera Lalitpur of Trimurti,,,,,no_candidates,0
ASI-00131,Tall Sati-slab called a Caza bearing an Markhera Lalitpur inscription of Samvat 1348,,,,,no_candidates,0
ASI-00132,Temple Markhera Lalitpur,,,,,no_candidates,0
ASI-00133,Temple site Markhera Lalitpur,,,,,no_candidates,0
ASI-00134,Temple of Neelkantha Pali Lalitpur,,,,,no_candidates,0
ASI-00135,Overhanging rock with some pre-historic Panduon Lalitpur sculptured bordering the Jamini Valley,,,,,no_candidates,0
ASI-00136,Remains of a large Vishnu temple Satgato Lalitpur,,,,,no_candidates,0
ASI-00137,Jain Temple and a Torana or Gateway Sironi Khurd Lalitpur,,,,,no_candidates,0
ASI-00138,Slab containing a Kutila inscription of 46 lines of Sironi Khurd Lalitpur the reign of Mahendrapaldeva in the compound of Santinatha's temple,,,,,no_candidates,0
ASI-00139,Torana or gateway situated outside the Sironi Khurd Lalitpur compound of modern Jain Temple,,,,,no_candidates,0
ASI-00140,Temple Sonrai Lalitpur,,,,,no_candidates,0
ASI-00141,Small temple with three figures of Vishnu in the Surabad Lalitpur niches outside,,,,,no_candidates,0
ASI-00142,Fort Talbehat Lalitpur,,,,,no_candidates,0
ASI-00143,Temple of Mahadeva Vijapur Lalitpur,,,,,no_candidates,0
ASI-00144,Four Chandella temples and small masonry Akona Mahoba tank,,,,,no_candidates,0
ASI-00145,Chakariya Dai carving of a women with a child Bagwa Mahoba in her arm,,,,,no_candidates,0
ASI-00146,Ruins of two granite temple Charna Mahoba 120 Sl.No. Name of the Monument / Site Locality District,,,,,no_candidates,0
ASI-00147,Small mound locally known as Bhainsasur with Chukta Mahoba a ruined temple on the summit and old statue inside it,,,,,no_candidates,0
ASI-00148,Brahm Tal,,,,,no_candidates,0
ASI-00149,Ruins of a palace on a hill Kulpahar Mahoba,,,,,no_candidates,0
ASI-00150,Two ruined granite temples Luhari Mahoba,,,,,no_candidates,0
ASI-00151,Foundation of Temple Madau Mahoba Mahoba,,,,,no_candidates,0
ASI-00152,Granite pillar Mahoba Mahoba,,,,,no_candidates,0
ASI-00153,Five life-sized elephant statues Mahoba Mahoba,,,,,no_candidates,0
ASI-00154,Jama Masjid Mahoba Mahoba,,,,,no_candidates,0
ASI-00155,Lake of Vijaya Sagar Mahoba Mahoba,,,,,no_candidates,0
ASI-00156,Palace of Raja Paramardi Deva or Parmal Mahoba Mahoba,,,,,no_candidates,0
ASI-00157,Small stone pillar called Alha-ki-Lat Mahoba Mahoba,,,,,no_candidates,0
ASI-00158,Temple of Khakra-Math in the middle of Madan Mahoba Mahoba Sagar,,,,,no_candidates,0
ASI-00159,Twenty-four rock-hewn images of the Mahoba Mahoba Tirthankara with Inscriptions dated Samavt 1206,,,,,no_candidates,0
ASI-00160,Lake of Kirat Sagar Mahoma Mahoba,,,,,no_candidates,0
ASI-00161,Lake of Madan Sagar Mahoma Mahoba,,,,,no_candidates,0
ASI-00162,Makarbai Temple Makarbai Mahoba,,,,,no_candidates,0
ASI-00163,Ruins of a large granite temple Makarbai Mahoba,,,,,low_confidence,37.36263736
ASI-00164,Old well with an inscription of Samvat 755 Paraobari Mahoba,,,,,no_candidates,0
ASI-00165,Large tank Patkari Mahoba,,,,,no_candidates,0
ASI-00166,Rahiliya temple Rahiliya Mahoba,,,,,no_candidates,0
ASI-00167,Large Chandella tank on the embankment on Rawatpur Mahoba which stands a large ruined temple of the earliest Chandella type,,,,,no_candidates,0
ASI-00168,Smaller temple of which the dome has fallen Rawatpur Mahoba,,,,,no_candidates,0
ASI-00169,Sijari Temple Sijari Mahoba,,,,,no_candidates,0
ASI-00170,Tank called Baratal with an Island bearing the Srinagar Mahoba ruins of a large Chandella temple,,,,,no_candidates,0
ASI-00171,Brahmanical temple Sukora Mahoba,,,,,no_candidates,0
ASI-00172,Jain temple Sukora Mahoba,,,,,no_candidates,0
ASI-00173,Temple,,,,,no_candidates,0
ASI-00001,Group of ruined brick temple of the 10th century Bhagupur Amethi locally called Teligarhi,,,,,no_candidates,0
ASI-00002,Extensive brick strewn mounds undoubtedly of Raipur,,,,,no_candidates,0
ASI-00003,Gateway Ajitma Auraiya,,,,,no_candidates,0
ASI-00004,Kos Minar in field no.127 Bhagautipur Auraiya 121 Sl.No. Name of Monument / Site Locality District,,,,,no_candidates,0
ASI-00005,Kos Minar in field no.194/1/(191/1) Jarhaulia Auraiya,,,,,no_candidates,0
ASI-00006,Kos Minar in field no. 215-1 Paighambarpur Auraiya,,,,,no_candidates,0
ASI-00007,Kos Minar in field no.684 and 685,,,,,no_candidates,0
ASI-00008,Tomb of Salar Saifuddin alias Surkhru Salar Bahraich Bahraich,,,,,no_candidates,0
ASI-00009,Large brick strewn khera being the ruins of an Chandra or Chardah Bahraich apparently Buddhist city,,,,,no_candidates,0
ASI-00010,Khera said to be the ruins of one of the principal Hathi Kund Bahraich cities of Raja Karna of the Mahabharata,,,,,no_candidates,0
ASI-00011,Tomb of Rajab Sajar alias Hatila Salar Shahpur Jote Yusuf Bahraich,,,,,no_candidates,0
ASI-00012,Domes and buildings inside the inner enclosure Singha Parasi Bahraich including ther ancient walls of the inner enclosure of Saiyid Salar Masud's celebrated dargah,,,,,no_candidates,0
ASI-00013,Mound locally known as Ora Jhar situated on Ghooghulpur Balrampur the road from Balrampur near the ancient remains of Sahet-Mahet (Sravasti),,,,,no_candidates,0
ASI-00014,Mound locally known as Penahia Jhar situated Ghooghulpur Balrampur on the road from Balrampur near the Ancient remains of Saheth-Maheth (Sravasti),,,,,no_candidates,0
ASI-00015,Mound locally known as Kharahua Jhar situated Ghooghulpur Balrampur on the road from Balrampur near the Ancient remains of Saheth-Maheth (Sravasti),,,,,no_candidates,0
ASI-00016,Tomb of Mohd. Khan Bangash Nawab Farrukhabad Farrukhabad,,,,,no_candidates,0
ASI-00017,Closed cemetery at all Souls Memorial Church Fatehgarh Farrukhabad,,,,,no_candidates,0
ASI-00018,Closed cemetery at Fort Fatehgarh Farrukhabad,,,,,no_candidates,0
ASI-00019,Closed cemetery at British Infantry lines Fatehgarh Farrukhabad,,,,,no_candidates,0
ASI-00020,Tomb of Surgeon Thomas Hamilton Fatehgarh Farrukhabad,,,,,no_candidates,0
ASI-00021,Queen Victoria Memorial Fatehgarh Farrukhabad,,,,,no_candidates,0
ASI-00022,Most easterly mound of the isolated tilas Kampil Farrukhabad,,,,,no_candidates,0
ASI-00023,Tomb of Major Robertson Karhar Farrukhabad,,,,,no_candidates,0
ASI-00024,Mosque and Saraia Khudaganj Farrukhabad,,,,,no_candidates,0
ASI-00025,Stone and its enclosure marking the place Khudaganj Farrukhabad where the late Field Marshall Earl Roberts,,,,,no_candidates,0
ASI-00026,Tomb of Nawab Rashid Khan Maurshida-bad Farrukhabad,,,,,no_candidates,0
ASI-00027,Site of an old Buddhist Vihara,,,,,no_candidates,0
ASI-00028,Extensive Mound Pilkhana Farrukhabad,,,,,no_candidates,0
ASI-00029,Ancient Site Sankissa Farrukhabad,,,,,no_candidates,0
ASI-00030,Tank of Naga called Karevar or Kandayat Tal Sankissa Farrukhabad,,,,,no_candidates,0
ASI-00031,Tomb of Lt. Col. John Guthrie in the mud fort Thatia Farrukhabad,,,,,no_candidates,0
ASI-00032,Mound called chauki Aphui Fatehpur,,,,,no_candidates,0
ASI-00033,Monument in the memory of A. Blakely Asafpur Fatehpur 122 Sl.No. Name of Monument / Site Locality District,,,,,no_candidates,0
ASI-00034,Large mound covered with broken bricks and Asni Fatehpur pottery,,,,,no_candidates,0
ASI-00035,Extensive brick-strewn mound Asothar Fatehpur,,,,,no_candidates,0
ASI-00036,Smaller mound bearing five large Digamber Jain Asothar Fatehpur figures which people call the five Pandavas,,,,,no_candidates,0
ASI-00037,Emperor Aurangzeb's Pavilion Bagh Badshahi Fatehpur (Khajuha),,,,,no_candidates,0
ASI-00038,Entire compound known as Bagh Badshahi Bagh Badshahi Fatehpur (Khajuha),,,,,low_confidence,16.47058824
ASI-00039,Temple Bahua Fatehpur,,,,,no_candidates,0
ASI-00040,Four massive masonry pillars containing stone Fatehpur Fatehpur tablets with inscriptions in Urdu and Hindi representing translations of the Ten Commandments and some verses from Saint John's Gospel,,,,,low_confidence,13.51351351
ASI-00041,Square sand-stone pillar bearing an inscription Fatehpur Fatehpur of Mahipaladeva dated Samvat 974 in the Municipal Garden attached to the Town Hall,,,,,no_candidates,0
ASI-00042,The collection of miscellaneous antiquities from Fatehpur Fatehpur different parts of the District grouped round the Asni Pillar of Mahipaladeva in the Municipal garden attached to the Town Hall,,,,,low_confidence,11.5942029
ASI-00043,Hathikhana mosque or Jaichandi mosque Hathgaon Fatehpur,,,,,no_candidates,0
ASI-00044,Circular mound,,,,,no_candidates,0
ASI-00045,Extensive mound called Garhi Khairai Fatehpur,,,,,no_candidates,0
ASI-00046,Monument in the memory of T.S.Powell,,,,,no_candidates,0
ASI-00047,Four temples Kurari Fatehpur,,,,,no_candidates,0
ASI-00048,Ruins of a fort built by Jaya Chandra Kutila Fatehpur,,,,,no_candidates,0
ASI-00049,Old Fort Nahar Khor Fatehpur,,,,,no_candidates,0
ASI-00050,Extensive ruins of an ancient fortified town said Paina Fatehpur to be a stronghold of the Chandella,,,,,no_candidates,0
ASI-00051,Old Fort Paina Kalan Fatehpur,,,,,no_candidates,0
ASI-00052,Mound with many pieces of stone sculptures Ren Fatehpur collected upon them,,,,,no_candidates,0
ASI-00053,Ruined temple Saton Fatehpur,,,,,no_candidates,0
ASI-00054,Two brick Temples Sirthar Amauli Fatehpur,,,,,no_candidates,0
ASI-00055,Two temples Thithaura Fatehpur,,,,,no_candidates,0
ASI-00056,Extensive mound and a group of Hindu Tiksariya Fatehpur Sculptures,,,,,no_candidates,0
ASI-00057,Temple Tindauli Fatehpur,,,,,no_candidates,0
ASI-00058,Major Robert's Tomb Baramau Hardoi,,,,,no_candidates,0
ASI-00059,Brick mound locally called Bhankargarh Gandwa Hardoi,,,,,no_candidates,0
ASI-00060,High irregular khera covered with broken bricks Hardoi Hardoi and sculptures,,,,,no_candidates,0
ASI-00061,Mound known as Kalhaur or Killo Kalhaur Hardoi 123 Sl.No. Name of Monument / Site Locality District,,,,,no_candidates,0
ASI-00062,Memorial tomb Khasaura Hardoi,,,,,no_candidates,0
ASI-00063,Large dih covered with broken bricks and Kherwa & Kajhgaon Hardoi pottery crowned with a small ruined temple of the 19th century AD,,,,,no_candidates,0
ASI-00064,Memorial cemetery Madhavganj Hardoi,,,,,no_candidates,0
ASI-00065,Well near the Dargah of Makhdum Shah Mallawan Hardoi,,,,,no_candidates,0
ASI-00066,Ancient mound Pahunchina Khera Hardoi (Lakhamapur),,,,,no_candidates,0
ASI-00067,Large ruined site called Sandi Khera Pali Hardoi,,,,,no_candidates,0
ASI-00068,Tomb of Nawab of Sadar Johan Pihani Hardoi,,,,,no_candidates,0
ASI-00069,Phulmati Sandi Hardoi,,,,,no_candidates,0
ASI-00070,Maqbara of Nawab Diler Khan Shahabad Hardoi,,,,,no_candidates,0
ASI-00071,Unknown Tomb Chaudhariapur Kannauj,,,,,no_candidates,0
ASI-00072,Tomb of Sergeant,,,,,no_candidates,0
ASI-00073,Bala Pir Tomb Kannauj Kannauj,,,,,no_candidates,0
ASI-00074,Big Mosque Kannauj Kannauj,,,,,no_candidates,0
ASI-00075,Kachhiriwala tomb Kannauj Kannauj,,,,,no_candidates,0
ASI-00076,Mosque and the tomb of Makhdum Jahanian Kannauj Kannauj,,,,,no_candidates,0
ASI-00077,Mound known as Old Fort Kannauj Kannauj,,,,,no_candidates,0
ASI-00078,Outer gateway Kannauj Kannauj,,,,,no_candidates,0
ASI-00079,Small mosque west of Bala Pir Kannauj Kannauj,,,,,no_candidates,0
ASI-00080,Small inner gateway Kannauj Kannauj,,,,,no_candidates,0
ASI-00081,Tomb of Sheikh Mohammad Mehdi Kannauj Kannauj,,,,,no_candidates,0
ASI-00082,Zanana Gumbad Kannauj Kannauj,,,,,no_candidates,0
ASI-00083,Mound Bithoor Kanpur,,,,,no_candidates,0
ASI-00084,Lona cross Garden Kanpur Kanpur,,,,,low_confidence,22.22222222
ASI-00085,Katcheri Cemetery Kanpur Kanpur,,,,,no_candidates,0
ASI-00086,Memorial well garden Kanpur Kanpur,,,,,no_candidates,0
ASI-00087,Sawada Kothi,,,,,no_candidates,0
ASI-00088,Subedar-ka-Talab Cemetery Kanpur Kanpur,,,,,no_candidates,0
ASI-00089,Wheeler's Entrechment Kanpur Kanpur,,,,,no_candidates,0
ASI-00090,Kos Minar Khalaspur Kanpur,,,,,no_candidates,0
ASI-00091,Three images of Lakshmana,,,,,no_candidates,0
ASI-00092,Brick temple at Nebia Khera Bhadwara Kanpur Dehat,,,,,no_candidates,0
ASI-00093,Ancient brick temple Bhitargaon Kanpur Dehat,,,,,no_candidates,0
ASI-00094,Mound of ruins covered with large bricks and Bhitargaon Kanpur Dehat broken figures,,,,,no_candidates,0
ASI-00095,Kos Minar Bhognipur Kanpur Dehat,,,,,no_candidates,0
ASI-00096,Kos Minar Bhognipur Kanpur Dehat,,,,,no_candidates,0
ASI-00097,Tank near the tomb of Sandal Shah Bichhiapur Kanpur Dehat 124 Sl.No. Name of Monument / Site Locality District,,,,,no_candidates,0
ASI-00098,Temple known as Phulmati Devi Bihupur Kanpur Dehat,,,,,no_candidates,0
ASI-00099,Kos Minar Chaparghata Kanpur Dehat,,,,,no_candidates,0
ASI-00100,Kos Minar Deosar Kanpur Dehat,,,,,no_candidates,0
ASI-00101,Fragment of a pillar Dumapur Kanpur Dehat,,,,,no_candidates,0
ASI-00102,Kos Minar Gour Kanpur Dehat,,,,,no_candidates,0
ASI-00103,Kos Minar Gour Kanpur Dehat,,,,,low_confidence,33.33333333
ASI-00104,Kos Minar Halia Kanpur Dehat,,,,,no_candidates,0
ASI-00105,Kos Minar Jallapur Sikandara Kanpur Dehat,,,,,no_candidates,0
ASI-00106,Ancient brick temple Kanchilipur Kanpur Dehat,,,,,low_confidence,38.83495146
ASI-00107,Two ancient brick temple Khurda Kanpur Dehat,,,,,no_candidates,0
ASI-00108,Mound and the ancient pillar in a modern domed Lala Bhagat Kanpur Dehat chamber together with the stone cock lying in the front of it,,,,,no_candidates,0
ASI-00109,Kos Minar Pailwaru Kanpur Dehat,,,,,no_candidates,0
ASI-00110,Temple known as 'Mahadeo Baba' Parauli Kanpur Dehat,,,,,no_candidates,0
ASI-00111,Kos Minar Pitampur Kanpur Dehat,,,,,no_candidates,0
ASI-00112,Kos Minar Raigawan Kanpur Dehat,,,,,no_candidates,0
ASI-00113,Kos Minar Rajpur Kanpur Dehat,,,,,no_candidates,0
ASI-00114,Kos Minar Sankhiln Buzurg Kanpur Dehat,,,,,no_candidates,0
ASI-00115,Kos Minar Sardarpur Kanpur Dehat,,,,,no_candidates,0
ASI-00116,Sanskrit inscription in the well of Gayadin Sukal Subhanpur Kanpur Dehat,,,,,no_candidates,0
ASI-00117,British Monuments Aurangabad Kheri,,,,,no_candidates,0
ASI-00118,Mounds covered with bricks Arjunpur and Rukhara Lucknow,,,,,no_candidates,0
ASI-00119,Cemetery Bargawan Lucknow,,,,,no_candidates,0
ASI-00120,Bibiapur House Cantonment Lucknow,,,,,no_candidates,0
ASI-00121,Buildings,,,,,no_candidates,0
ASI-00122,Amjad Ali Shah's Mausoleum Hazratganj Lucknow,,,,,no_candidates,0
ASI-00123,Cemeteries Jahraila Road Lucknow,,,,,no_candidates,0
ASI-00124,Cemetery at Alambagh Lucknow Lucknow,,,,,no_candidates,0
ASI-00125,Cemetery at Dilkusha Lucknow Lucknow,,,,,no_candidates,0
ASI-00126,Cemetery at Gaughat Lucknow Lucknow,,,,,low_confidence,17.92114695
ASI-00127,Cemetery near Kaisar Pasand Lucknow Lucknow,,,,,no_candidates,0
ASI-00128,Cemetery near Fort Machi Bhawan Lucknow Lucknow,,,,,no_candidates,0
ASI-00129,Cemetery in Raja Incha Singh's compound Lucknow Lucknow,,,,,no_candidates,0
ASI-00130,Cemetery on La-Martiniere Road Lucknow Lucknow,,,,,no_candidates,0
ASI-00131,Cemetery at Vilayat Bagh Lucknow Lucknow,,,,,no_candidates,0
ASI-00132,Dargah Hazrat Abbas Lucknow Lucknow,,,,,no_candidates,0
ASI-00133,Dianut-ud-daula's Karbala Lucknow Lucknow,,,,,no_candidates,0
ASI-00134,General wali Kothi Lucknow Lucknow,,,,,no_candidates,0
ASI-00135,Ibrahim Chisti's Tomb Lucknow Lucknow,,,,,no_candidates,0
ASI-00136,Imambara Amin-ud-daula Lucknow Lucknow,,,,,no_candidates,0
ASI-00137,Imambara of Asaf-ud-daula Lucknow Lucknow,,,,,no_candidates,0
ASI-00138,Jama Masjid near Hussainabad Lucknow Lucknow,,,,,no_candidates,0
ASI-00139,Kaiser Bagh Gates Lucknow Lucknow,,,,,no_candidates,0
ASI-00140,Kalan-ki-Lat at adjoining cemetery in Faquir Lucknow Lucknow 125 Sl.No. Name of Monument / Site Locality District Mohammad Khan ka Hata,,,,,no_candidates,0
ASI-00141,Karbala of Tal Katora Lucknow Lucknow,,,,,no_candidates,0
ASI-00142,Kaz-Main Buildings Lucknow Lucknow,,,,,no_candidates,0
ASI-00143,Malka Jahan's Karbala Lucknow Lucknow,,,,,no_candidates,0
ASI-00144,Masjid connected with Asaf-ud-daula Lucknow Lucknow,,,,,no_candidates,0
ASI-00145,Monuments of Ninety-third Highlanders Lucknow Lucknow,,,,,no_candidates,0
ASI-00146,Nadan Mahal Lucknow Lucknow,,,,,no_candidates,0
ASI-00147,Nasir-ud-din Haider's Karbala in Daliganj Lucknow Lucknow,,,,,no_candidates,0
ASI-00148,Neil's Gate Lucknow Lucknow,,,,,no_candidates,0
ASI-00149,Old Palace at Dilkusha Lucknow Lucknow,,,,,no_candidates,0
ASI-00150,Picture Gallery Hussainabad Baradari Lucknow Lucknow,,,,,no_candidates,0
ASI-00151,Residency Buildings Lucknow Lucknow,,,,,no_candidates,0
ASI-00152,Rumi Darwaza Lucknow Lucknow,,,,,no_candidates,0
ASI-00153,Sapper's Tomb Lucknow Lucknow,,,,,no_candidates,0
ASI-00154,Sikander Bagh Building Lucknow Lucknow,,,,,no_candidates,0
ASI-00155,Sikchawali Kothi Lucknow Lucknow,,,,,no_candidates,0
ASI-00156,Tahsin Ali's Mosque Lucknow Lucknow,,,,,no_candidates,0
ASI-00157,Tomb of Gazi-ud-din Haider Lucknow Lucknow,,,,,no_candidates,0
ASI-00158,Tomb of Janab Aliya Lucknow Lucknow,,,,,no_candidates,0
ASI-00159,Tomb known as Char Khamba Lucknow Lucknow,,,,,no_candidates,0
ASI-00160,Tomb at Lotan Bagh Lucknow Lucknow,,,,,no_candidates,0
ASI-00161,Tomb of Mohammad Ali Shah Lucknow Lucknow,,,,,no_candidates,0
ASI-00162,Tomb at Musabagh Lucknow Lucknow,,,,,no_candidates,0
ASI-00163,Tomb of Mushir Zadi,,,,,low_confidence,60.31746032
ASI-00164,Tomb of Saadat Ali Khan Lucknow Lucknow,,,,,no_candidates,0
ASI-00165,Two Cemeteries Lucknow Lucknow,,,,,no_candidates,0
ASI-00166,Victoria Memorial Lucknow Lucknow,,,,,no_candidates,0
ASI-00167,Cemetery Lucknow - Rae Barelli Lucknow Road at mile 6,,,,,no_candidates,0
ASI-00168,Two Cemeteries Lucknow Faizabad Lucknow Raod at mile 4,,,,,no_candidates,0
ASI-00169,Three Tombs Lucknow Faizabad Lucknow Road at miles 3 and 5,,,,,no_candidates,0
ASI-00170,Cemeteries Lucknow-Kanpur Lucknow Road at mile 13,,,,,no_candidates,0
ASI-00171,Memorial pillar marking the site of the pre- Mahibullapur Lucknow Mutiny Residency in the old Mariaon Cantonment,,,,,no_candidates,0
ASI-00172,Cemetery Marion Lucknow,,,,,no_candidates,0
ASI-00173,Western tower with an inscription at the Moti-Mahal Lucknow southern wall of the Moti Mahal Compound.,,,,,no_candidates,0
ASI-00174,Mound Nagarm Lucknow,,,,,no_candidates,0
ASI-00175,Mound PaharnagarTakuria Lucknow,,,,,no_candidates,0
ASI-00176,British Cemetery at Chiria jhil Sapru Marg Lucknow,,,,,no_candidates,0
ASI-00177,Bridge over the Beta river and temple attached Tikait Ganj Lucknow to it 126 Sl.No. Name of Monument / Site Locality District,,,,,no_candidates,0
ASI-00178,Jami Masjid Pilibhit Pilibhit,,,,,no_candidates,0
ASI-00179,Fort Gate Rae Bareli Rae Bareli,,,,,no_candidates,0
ASI-00180,Sai Bridge Rae Bareli – Rae Bareli Pratapgarh road,,,,,no_candidates,0
ASI-00181,Siva Temple Rajmau Rae Bareli,,,,,no_candidates,0
ASI-00182,Site and stupa and monastery of the Sakyas Piprahwa Siddharth Nagar,,,,,no_candidates,0
ASI-00183,Ancient Site Pipri Siddharth Nagar,,,,,no_candidates,0
ASI-00184,Ancient Site Tola Ganwaria in Siddharth Birdpur frontier road Nagar,,,,,no_candidates,0
ASI-00185,Ancient Site Tola Salrgarh south- Siddharth west of Siswa Tal near Nagar Nepal - India border,,,,,no_candidates,0
ASI-00186,Ancient Site VillageBirdpur Siddharth No.1,,,,,no_candidates,0
ASI-00187,Ancient site near the village of Bhitti Bhitti Sravasti,,,,,no_candidates,0
ASI-00188,The site of Sahet Mahet measuring 286.026 Sahet-Mahet Sravasti acres in the Bahraich district (now Sravasti Nagar district) and 123.93 acres in the Gonda district (now Balrampur district),,,,,no_candidates,0
ASI-00189,Mound of brick ruins Tandwa Sravasti,,,,,no_candidates,0
ASI-00190,Small round shaped mound Tandwa Sravasti,,,,,no_candidates,0
ASI-00191,Tomb of Qurban Mohammad Banger Mau Unnao Meerut Circle Sl.No. Name of the Monument / Site Locality District,,,,,no_candidates,0
ASI-00001,Mound known as Parasu Ram ka Khera Alamgirpur Baghpat,,,,,no_candidates,0
ASI-00002,Ancient mound at Kasuri Bamnauli Baghpat,,,,,no_candidates,0
ASI-00003,Mound known as Lakha Mandap Barnawa Baghpat,,,,,no_candidates,0
ASI-00004,Archaeological Site and Remains Sadikpur Sinauli Baghpat,,,,,no_candidates,0
ASI-00005,Begum's Masjid jor three lofty domes Aonla Bareilly,,,,,no_candidates,0
ASI-00006,Tomb of Hafiz-ul-Mulk Rahmet Khan,,,,,no_candidates,0
ASI-00007,Tomb of Hermit Shah Dana Bareilly,,,,,no_candidates,0
ASI-00008,Large obelisk of red sandstone Fateh Ganj Bareilly,,,,,no_candidates,0
ASI-00009,Several ancients ruined mounds in which Indo- Pachomi or Wahidpur Bareilly Scythian coins are found. Pachaumi,,,,,no_candidates,0
ASI-00010,Mound called Chikatia Khera Ramnagar Bareilly,,,,,no_candidates,0
ASI-00011,Mound to the south of the tans known as of the Ramnagar Bareilly Gandhan Sagar and Adisagar,,,,,no_candidates,0
ASI-00012,Small hillock called Katari Khera or Kottari Ramnagar Bareilly Khera 127 Sl.No. Name of the Monument / Site Locality District,,,,,no_candidates,0
ASI-00013,Stupa mound Ramnagar Bareilly,,,,,no_candidates,0
ASI-00014,Two Buddhist mounds close to the Konwaru Tal Ramnagar Bareilly,,,,,no_candidates,0
ASI-00015,Fort Ramnagar Bareilly,,,,,no_candidates,0
ASI-00016,Ancient Site Ramnagar,,,,,no_candidates,0
ASI-00017,Site near Aonla railway station Rehtoia Bareilly,,,,,no_candidates,0
ASI-00018,Mordhaj also known as Munawar Jar with lofty Chandanpura Bijnor mound,,,,,no_candidates,0
ASI-00019,Fort Chandpur Bijnor,,,,,no_candidates,0
ASI-00020,Mosque Chandpur Bijnor,,,,,no_candidates,0
ASI-00021,Old British Cemetery Daranagar Bijnor,,,,,no_candidates,0
ASI-00022,Ancient Site Daulatabad Bijnor,,,,,no_candidates,0
ASI-00023,Tomb or Nawab Shujat Khan Jahanabad Bijnor,,,,,no_candidates,0
ASI-00024,Jami Masjid Mandawar Bijnor,,,,,no_candidates,0
ASI-00025,Well Mandawar Bijnor,,,,,no_candidates,0
ASI-00026,Old Pathan Fort Nagina Bijnor,,,,,no_candidates,0
ASI-00027,Cemetery of Nawab Najib-ud-Daula Najibabad Bijnor,,,,,no_candidates,0
ASI-00028,Pathargarh Fort Najibabad Bijnor,,,,,no_candidates,0
ASI-00029,Portion of the old Palace Najibabad Bijnor,,,,,no_candidates,0
ASI-00030,Tomb of Nawab Najib-ud-Daula Najibabad Bijnor,,,,,no_candidates,0
ASI-00031,Mound (Kushan king Vasudeva) Tip Bijnor,,,,,no_candidates,0
ASI-00032,Dargah of Imadul Mulk alias Pisan Hari-ka- Budaun Budaun Gumbaz dated A.H. 896,,,,,no_candidates,0
ASI-00033,Jami Masjid Budaun Budaun,,,,,no_candidates,0
ASI-00034,Tomb,,,,,no_candidates,0
ASI-00035,Tomb of Makhduman Jahan,,,,,no_candidates,0
ASI-00036,Several large tumuli (Kheras) in and about Ahar. Ahar Bulandshahr,,,,,no_candidates,0
ASI-00037,Balai Kot or Upper Fort Bulandshahr Bulandshahr,,,,,no_candidates,0
ASI-00038,Large mound known as Moti Bazaar Bulandshahr Bulandshahr,,,,,low_confidence,20
ASI-00039,Two cemeteries Bulandshahr Bulandshahr,,,,,no_candidates,0
ASI-00040,Ruins of an old temple known as Chandrani-ka- Chandok Bulandshahr Mandir,,,,,low_confidence,22.91666667
ASI-00041,Masonry tank and ancient temple Dankaur Bulandshahr,,,,,no_candidates,0
ASI-00042,Ahirpura mound or lesser temple mound Indor Bulandshahr,,,,,low_confidence,20.89552239
ASI-00043,Kundanpura mound or the great temple mound Indor Bulandshahr,,,,,no_candidates,0
ASI-00044,Lofty mound with a small village perched on the Indor Bulandshahr east northeastern side of it.,,,,,no_candidates,0
ASI-00045,Khera or mound called Talapatnagari or Myaji Shikarpur Bulandshahr Khera,,,,,no_candidates,0
ASI-00046,Archaeological Site & Remains comprised in Gulistanpur Ghaziabad 128 Sl.No. Name of the Monument / Site Locality District Survey Plot Nos. 736,,,,,no_candidates,0
ASI-00047,Raja Karan ka khera Paragana put,,,,,no_candidates,0
ASI-00048,Well or Baoli known as Bah-ka-Kuan Amroha Jyotibha Phule Nagar,,,,,no_candidates,0
ASI-00049,Talib Khan's Tomb Azampur Jyotibha Phule Nagar,,,,,no_candidates,0
ASI-00050,Tomb of Abdul Ghafur Shah Azampur Jyotibha Phule Nagar,,,,,no_candidates,0
ASI-00051,Tomb of the grand son of Abdul Ghafur Shah Azampur Jyotibha and Mosque Phule Nagar,,,,,no_candidates,0
ASI-00052,Cemetery at the junction of Meerut - Delhi Road At the junction of Meerut Meerut-Delhi road,,,,,no_candidates,0
ASI-00053,Mound known as Ulta Khera and the mound or Hastinapur Meerut Raghunathji,,,,,no_candidates,0
ASI-00054,Andhra Court,,,,,no_candidates,0
ASI-00055,Cemetery of the Meerut racecourse Meerut Meerut,,,,,no_candidates,0
ASI-00056,Tomb of Shah Peer Meerut Meerut,,,,,no_candidates,0
ASI-00057,Begum's Palace Sardhana Meerut,,,,,no_candidates,0
ASI-00058,Roman Catholic Church Sardhana Meerut,,,,,no_candidates,0
ASI-00059,Tombs or Sardhana Cemetery Sardhana Meerut,,,,,no_candidates,0
ASI-00060,Two mounds (Kheras) named Khorkali and Servara Meerut Jalapar,,,,,no_candidates,0
ASI-00061,Amarpati Khera Alipur Moradabad,,,,,no_candidates,0
ASI-00062,Chandesvara Khera Bemi Moradabad,,,,,no_candidates,0
ASI-00063,Khera or Mound reputed to be the ruin or a Berni Moradabad palace Raja Vena,,,,,no_candidates,0
ASI-00064,Large mound,,,,,no_candidates,0
ASI-00065,Old Fort and its relics Firozpur Moradabad,,,,,no_candidates,0
ASI-00066,Ancient Mound Gumthal Khera Moradabad,,,,,no_candidates,0
ASI-00067,Large Mound Karvar Moradabad,,,,,no_candidates,0
ASI-00068,Jami Masjid Sambhal Moradabad,,,,,no_candidates,0
ASI-00069,Mound Sarthal Khera Moradabad,,,,,no_candidates,0
ASI-00070,Gateway of Karwan Sarai Sondhan Moradabad Muhammadpur,,,,,no_candidates,0
ASI-00071,Mosque of Karwan Sarai Sondhan Moradabad Muhammadpur,,,,,no_candidates,0
ASI-00072,Mosque and Tomb of Shah Abdul Razak and Jinhana Muzaffar his four sons Nagar,,,,,no_candidates,0
ASI-00073,Octagonal Wall Majhera Muzaffar Nagar,,,,,no_candidates,0
ASI-00074,Tomb of Diwan Saiyed Mohammad Khan Majhera Muzaffar Nagar,,,,,no_candidates,0
ASI-00075,Tomb Saiyed Hussain also called Sayed Chajju Majhera Muzaffar 129 Sl.No. Name of the Monument / Site Locality District Khan Nagar,,,,,no_candidates,0
ASI-00076,Tomb of Saiyed Umar Nur Khan Majhera Muzaffar Nagar,,,,,no_candidates,0
ASI-00077,Tomb of Saiyed Saif Khan and his mother Majhera Muzaffar Nagar,,,,,no_candidates,0
ASI-00078,Badshahi Bagh locally known as Badshahi Badshahi Mahal Saharanpur Mahal,,,,,no_candidates,0
ASI-00079,Khera ki Bandi Lodhipur Saharanpur,,,,,no_candidates,0
ASI-00080,Old British Cemetery,,,,,no_candidates,0
ASI-00081,Old British Cemetery,,,,,no_candidates,0
ASI-00082,Old Rohilla Fort Saharanpur Saharanpur Sarnath Circle Sl.No. Name of the Monument / Site Locality District,,,,,no_candidates,0
ASI-00001,Old Nawabi Mosque Akbarpur Ambedkar Nagar,,,,,no_candidates,0
ASI-00002,Monuments of Captains Wilsons and Jones and Azamgarh Azamgarh eleven privated of 13th Infantry,,,,,no_candidates,0
ASI-00003,Mutiny Monuments Azamgarh Azamgarh,,,,,no_candidates,0
ASI-00004,Old British Cemetery Azamgarh Azamgarh,,,,,no_candidates,0
ASI-00005,Ancient site called Garhwa-ka-kot or Rajbhar-ka- Garhwa Azamgarh lot,,,,,no_candidates,0
ASI-00006,Ancient Site measuring 7 acres and 800 links in Garhwa Azamgarh Khasra No. 384,,,,,no_candidates,0
ASI-00007,Tomb of Abhiman Mehnagar Azamgarh,,,,,no_candidates,0
ASI-00008,Incribed stone Pillar Pakri Azamgarh,,,,,no_candidates,0
ASI-00009,A banyan Grove containing traces of ancient Amavey Ballia building,,,,,no_candidates,0
ASI-00010,Long Mound Bairant Chandauli,,,,,no_candidates,0
ASI-00011,Small conical mound of ruins called Devi-ka- Bairant Chandauli sthan,,,,,no_candidates,0
ASI-00012,Very extensive ancient site consisting of ruined Bairant Chandauli fort,,,,,no_candidates,0
ASI-00013,Large rectangular shaped mound Bairant Chandauli,,,,,no_candidates,0
ASI-00014,Large mound of brick ruins Dhanapur Chandauli,,,,,no_candidates,0
ASI-00015,Three sites with megaliths on the western and Hathinia Hill Chandauli north eastern of the hill,,,,,no_candidates,0
ASI-00016,Old Ruined Kot (Fortress) Hetimpur Chandauli,,,,,no_candidates,0
ASI-00017,Khera or Mound representing the ancient Sukalpura Chandauli Sukalpura,,,,,no_candidates,0
ASI-00018,A Conical Stupa-shaped mound Amaoni Deoria,,,,,no_candidates,0
ASI-00019,Inscribed Monolith of rough grey sand stone Bhagalpur Deoria remains locally known as 'Lat' or 'Gada' of Parasram,,,,,no_candidates,0
ASI-00020,Two ruined Temples Kahaon Deoria,,,,,no_candidates,0
ASI-00021,An Inscribed stone pillar Kahaon (ancient Deoria 130 Sl.No. Name of the Monument / Site Locality District Kakubha),,,,,no_candidates,0
ASI-00022,Long low mound of ruins Khukhundu Deoria,,,,,no_candidates,0
ASI-00023,Ancient Site Khukhundu and Deoria Sajhwar,,,,,no_candidates,0
ASI-00024,Ancient Site Rudarpur Deoria,,,,,no_candidates,0
ASI-00025,High square shaped mound Rudarpur Deoria,,,,,no_candidates,0
ASI-00026,Extensive mound Sohnag Deoria,,,,,no_candidates,0
ASI-00027,Very high Dih or mound apparently the remains Tarakulwa Deoria of a Buddhist stupa,,,,,no_candidates,0
ASI-00028,Three mounds known as Mani-Parbat,,,,,no_candidates,0
ASI-00029,Beni Khanam's Tomb Ayodhya Ayodhya,,,,,no_candidates,0
ASI-00030,Gulab Bari Ayodhya Ayodhya,,,,,no_candidates,0
ASI-00031,Tomb of Bahu-Begum Ayodhya Ayodhya,,,,,no_candidates,0
ASI-00032,Tomb of Hazi Iqbal,,,,,no_candidates,0
ASI-00033,Tomb of Shuja-ud-daula Ayodhya Ayodhya,,,,,no_candidates,0
ASI-00034,Anormous Mound known as Masaon-Dih Aonrihar Ghazipur,,,,,no_candidates,0
ASI-00035,Bridge of the Ganga river Bhimapur Ghazipur,,,,,no_candidates,0
ASI-00036,Bhitari Gupta-pillar with an inscription of Skanda- Bhitari Ghazipur Gupta standing in the ruined fort,,,,,no_candidates,0
ASI-00037,Entire ruined fort enclosure with projecting tower Bhitari Ghazipur at the corners and numbrows mound,,,,,no_candidates,0
ASI-00038,Remains of the Gupta period Bhitari Ghazipur,,,,,low_confidence,31.03448276
ASI-00039,Mound of ruins with remains of temples and Dildarnagar Ghazipur other buildings,,,,,no_candidates,0
ASI-00040,Dih or mound of ruins called Suiri-ka-Raj Ghazipur Ghazipur,,,,,low_confidence,24.09638554
ASI-00041,Lord Cornwallis Tomb Ghazipur Ghazipur,,,,,no_candidates,0
ASI-00042,Stone lat or pillar standing on the Western end of Lathiya Ghazipur a mound of brick ruins and the capital of the pillar lying on the ground closely.,,,,,low_confidence,15.95092025
ASI-00043,High Khera Masaondi Ghazipur,,,,,no_candidates,0
ASI-00044,Mound of ruins Masaondi Ghazipur,,,,,no_candidates,0
ASI-00045,Two statues representing Varaha or the Boar Saidpur Ghazipur incarnation and Krishan with Gopis,,,,,no_candidates,0
ASI-00046,Extensive brick-building Shaikhanpur Ghazipur,,,,,no_candidates,0
ASI-00047,Mound covered with bricks with the ruins of the Hathili Gonda temple of Asokanath Mahadeva,,,,,no_candidates,0
ASI-00048,A mound 20' high apparently formed of solid Pachran Gonda brick work where the Prithvinath lingam and a copper plate grant were found,,,,,no_candidates,0
ASI-00049,Extensive remains of a very large cient city Barhi Gorakhpur,,,,,no_candidates,0
ASI-00050,A Series of enormous mounds Barhiapur or Bhadar Gorakhpur Khas,,,,,no_candidates,0
ASI-00051,Three high conical mounds of brick which are Chaora Gorakhpur evidently the ruins of stupas,,,,,no_candidates,0
ASI-00052,Extensive Mound Gopalpur Gorakhpur,,,,,no_candidates,0
ASI-00053,Large and high mound,,,,,no_candidates,0
ASI-00054,Ancient site covered with mounds of brick ruins Gugaha Gorakhpur and containing an ancient masonry wall,,,,,no_candidates,0
ASI-00055,Atala Masjid Jaunpur Jaunpur,,,,,no_candidates,0
ASI-00056,Cemetery of seven kings of the Sharqi Dynasty Jaunpur Jaunpur,,,,,no_candidates,0
ASI-00057,Hamam or Turkish Bath in the Old Fort Jaunpur Jaunpur,,,,,no_candidates,0
ASI-00058,Jaunpur Fort Jaunpur Jaunpur,,,,,no_candidates,0
ASI-00059,Jhanjhari Masjid Jaunpur Jaunpur,,,,,no_candidates,0
ASI-00060,Juma Masjid Jaunpur Jaunpur,,,,,no_candidates,0
ASI-00061,Khalis Mukhalis or Chan Ungli Masjid Jaunpur Jaunpur,,,,,no_candidates,0
ASI-00062,Khanqah or tombs of Sharqi kings of Jaunpur Jaunpur Jaunpur and the chamber for the royal mourners,,,,,no_candidates,0
ASI-00063,Lal masjid (Lal Darwaja) Jaunpur Jaunpur,,,,,no_candidates,0
ASI-00064,Qalich Khan ka Maqbara Jaunpur Jaunpur,,,,,no_candidates,0
ASI-00065,Rouza of Shah Firoz Jaunpur Jaunpur,,,,,no_candidates,0
ASI-00066,Stone group of a gigantic lion standing on a Jaunpur Jaunpur small elephant. It is lying on Akbar's bridge.,,,,,no_candidates,0
ASI-00067,Tomb of Nawab Ghazi Khan Jaunpur Jaunpur,,,,,no_candidates,0
ASI-00068,Gateway of Hazrat Chirag-i-Hind's Palace Zafrabad Jaunpur,,,,,no_candidates,0
ASI-00069,Sheikh Burhan's Mosque Zafrabad Jaunpur,,,,,no_candidates,0
ASI-00070,Walls of the old Kankar Fort of Jayachandra Zafrabad Jaunpur,,,,,no_candidates,0
ASI-00071,Fort attributed to Jay Chandra Karra Kaushambi,,,,,no_candidates,0
ASI-00072,Ancient fortress (representing the ancient Kosam Kaushambi Kaushambi),,,,,no_candidates,0
ASI-00073,Artificial cave in the fane of the hill of Pabhosa Pabhosa Kaushambi hill,,,,,no_candidates,0
ASI-00074,Traces of a large brick buiding on the summit of Pabhosa Kaushambi Pabhosa,,,,,no_candidates,0
ASI-00075,A very large Mound of Brick ruins called Chhetiaon Kushinagar Asmanpurdih,,,,,no_candidates,0
ASI-00076,Circular shaped mound and the remains of a Chhetiaon Kushinagar stupa,,,,,no_candidates,0
ASI-00077,Large dih or mound Chhetiaon Kushinagar,,,,,no_candidates,0
ASI-00078,Large flat-topped mound of ruins called Chhetiaon Kushinagar Jharmatiya or Dharmatiya cultivated land,,,,,no_candidates,0
ASI-00079,Mound in eastern extension of the stupa site at Chhetiaon Kushinagar S.No.3,,,,,no_candidates,0
ASI-00080,Mound of ruins called Sahiya Chhetiaon Kushinagar,,,,,no_candidates,0
ASI-00081,Ancient site known as Fazilnagar ka kot Fazilnagar Kushinagar,,,,,no_candidates,0
ASI-00082,1) A lofty mound of solid brick work,,,,,no_candidates,0
ASI-00083,Large mound covered with broken bricks and a Padrauna Kushinagar few statues,,,,,no_candidates,0
ASI-00084,Mound of brick ruins Sahiya Kushinagar,,,,,low_confidence,23.07692308
ASI-00085,Ancient site and archaeological remains Radrauli Maharjganj,,,,,no_candidates,0
ASI-00086,Ancient Site Ghosi Mau,,,,,no_candidates,0
ASI-00087,Several caves in the precipitous sandstone Adhesar Mirzapur cliffnear the top of the hill,,,,,no_candidates,0
ASI-00088,Ruined Stone Fort of Lalitpur Ahraura Mirzapur,,,,,no_candidates,0
ASI-00089,Bhardari Devi ka Pahar containing Asokan Ahraurakhas Mirzapur inscription,,,,,no_candidates,0
ASI-00090,Ruins of Three Small Linga Temple circa Ahugi Mirzapur 1000AD.,,,,,no_candidates,0
ASI-00091,Ruins of a Saiva Temple Ahugi Mirzapur,,,,,no_candidates,0
ASI-00092,Inscribed Pillar Belkhara Mirzapur,,,,,no_candidates,0
ASI-00093,Mound known as Sangram Sahi-ki--Pahari Bhagdewar Mirzapur,,,,,no_candidates,0
ASI-00094,Cave called khoh containing two early Kutila Bhuili Mirzapur inscriptions on the rock inside,,,,,no_candidates,0
ASI-00095,British Cemetery Chunar Mirzapur,,,,,no_candidates,0
ASI-00096,Durga Khoh Chunar Mirzapur,,,,,no_candidates,0
ASI-00097,Inscribed slab Halliya Mirzapur,,,,,no_candidates,0
ASI-00098,British Cemetery Mirzapur Mirzapur,,,,,no_candidates,0
ASI-00099,Iftekhar Khan's Tomb Saryan Sikandarpur Mirzapur,,,,,no_candidates,0
ASI-00100,A life sized female figure locally known as Sheopur Mirzapur Sankata Devi,,,,,no_candidates,0
ASI-00101,British Cemetery Sultanpur Mirzapur,,,,,no_candidates,0
ASI-00102,Bharasthi Devi remains of a Mediaeval Temple Vindhyachal Mirzapur,,,,,no_candidates,0
ASI-00103,Fragments of sculptures,,,,,low_confidence,31.29251701
ASI-00104,Kantil Fort Vindhyachal Mirzapur,,,,,no_candidates,0
ASI-00105,Remains of temple on an island in the bed of the Vindhyachal Mirzapur river Ganga at Ramgayaghat including two inscribed stones,,,,,no_candidates,0
ASI-00106,Small high mound,,,,,low_confidence,43.24324324
ASI-00107,"The area of the waste land divided by a ravine Bhita Prayagraj into two large mounds called ""Garha and Garhi""",,,,,no_candidates,0
ASI-00108,Large stone dwelling house said to have been Chilla Prayagraj the residence of the two heroes of Ala and Udal cir. 8th century AD,,,,,no_candidates,0
ASI-00109,Standing figure identified by Fuhrer as Buddha Deora Prayagraj Asvaghosha with a five-headed snake canopy and worshipped under the name of Srigari Devi,,,,,no_candidates,0
ASI-00110,A rocky hall on the south face of the top bearing Ginja Hill Prayagraj an inscription of three lines of Indo-Scythian period in red paint with some rude drawings of men and animals,,,,,no_candidates,0
ASI-00111,Ruined forts of Samudra Gupta and Hansagupta Jhusi Prayagraj,,,,,no_candidates,0
ASI-00112,Cave known as Sita-ki-rasoi containing an Mankuar Prayagraj 133 Sl.No. Name of the Monument / Site Locality District inscription in characters of the 9th century AD,,,,,no_candidates,0
ASI-00113,Cemeteries at Kydganj Prayagraj Prayagraj,,,,,no_candidates,0
ASI-00114,Khusru Bagh :- Prayagraj Prayagraj Enclosure wall and Gateway of Khusru Bagh,,,,,no_candidates,0
ASI-00115,Allahabad Fort Prayagraj Prayagraj Ashokan Pillar (Inscribed stone pillar) Zanana Palace,,,,,no_candidates,0
ASI-00116,Queen Victoria's Memorial in Alfred park Prayagraj Prayagraj,,,,,no_candidates,0
ASI-00117,Garhwa fort Sheorajpur Prayagraj,,,,,no_candidates,0
ASI-00118,Extensive mound called Hatgauha Dih Shiupur Prayagraj,,,,,no_candidates,0
ASI-00119,Large mound called Surya Bhita Singraur Prayagraj,,,,,no_candidates,0
ASI-00120,Ancient Site Sringraur Sringverpura Prayagraj,,,,,no_candidates,0
ASI-00121,Ancient Site Jungle Belhar Sant Kabir Nagar,,,,,no_candidates,0
ASI-00122,British Cemetery Gopiganj Santravidas nagar,,,,,no_candidates,0
ASI-00123,Pakkamasonary Fort Vijay Garh Sonbhadra,,,,,no_candidates,0
ASI-00124,Mosque Isauli Sultanpur,,,,,no_candidates,0
ASI-00125,Large dih called Majhangaon with brick-towers Sultanpur Sultanpur on the four corners,,,,,no_candidates,0
ASI-00126,Ancient buddhist site of Sarnath,,,,,low_confidence,23.1884058
ASI-00127,Cemetery Chaitganj Varanasi,,,,,no_candidates,0
ASI-00128,Remains of a Fine Massive brick fort Chandrauati Varanasi,,,,,no_candidates,0
ASI-00129,Ancient Buddhist Site known as Chaukhandi Ganj and Baraipur Varanasi stupa,,,,,no_candidates,0
ASI-00130,Closed Cemetery Rajghat Varanasi,,,,,no_candidates,0
ASI-00131,Tomb of Lal Khan Rajghat Varanasi,,,,,no_candidates,0
ASI-00132,The whole area to the east of the buddhist site Sarnath Varanasi explored by the Archaoelogical department extending upto the limits of the tank/lake named Narokhar,,,,,no_candidates,0
ASI-00133,Graves of European Officers Shivala Varanasi,,,,,no_candidates,0
ASI-00134,Ancient Mound Tilmapur Varanasi,,,,,no_candidates,0
ASI-00135,Dharahra Mosque (Aurangzeb Mosque ) Varanasi Varanasi,,,,,no_candidates,0
ASI-00136,Lt. Col. Pogson's Tomb Varanasi Varanasi,,,,,no_candidates,0
ASI-00137,Mutiny Monuments Varanasi Varanasi,,,,,no_candidates,0
ASI-00138,Observatory of Mansingh Varanasi Varanasi,,,,,no_candidates,0
ASI-00139,Prahladpur inscribed Lat or monolith pillar now Varanasi Varanasi standing in the compound of the Queen's 134 Sl.No. Name of the Monument / Site Locality District College (Sampurnanand Sanskrit Uni.),,,,,no_candidates,0
ASI-00140,Tablet on the Treasury Building Varanasi Varanasi,,,,,no_candidates,0
ASI-00141,Telia Nala Buddhist Ruins Varanasi Varanasi,,,,,no_candidates,0
ASI-00142,Two Graves at Old Artilery lines Varanasi Varanasi,,,,,no_candidates,0
ASI-00143,Victoria Memorial Varanasi Varanasi 135,,,,,no_candidates,0
ASI-00026,List of Centrally Protected Monuments / Sites under the jurisdiction of Uttarakhand (Dehradun Circle) Sl.No. Name of Monument / Site Locality District,,,,,no_candidates,0
ASI-00001,Gujardeo Temple Dwarahat Almora,,,,,no_candidates,0
ASI-00002,Badrinath group of Temples Dwarahat Almora,,,,,no_candidates,0
ASI-00003,Bandeo Temple Dwarahat Almora,,,,,no_candidates,0
ASI-00004,Kacheri group of Temple Dwarahat Almora,,,,,no_candidates,0
ASI-00005,Kutumbari Temple Dwarahat Almora,,,,,no_candidates,0
ASI-00006,Maniyan group of Temples Dwarahat Almora,,,,,no_candidates,0
ASI-00007,Mritunjaya group Dwarahat Almora,,,,,no_candidates,0
ASI-00008,Ratan Deo Shrines Dwarahat Almora,,,,,no_candidates,0
ASI-00009,Surya Temple Katarmal Almora,,,,,no_candidates,0
ASI-00010,Dandeshwar Temple Kotuli and Chandhok Almora Gunth (Jageshwar),,,,,no_candidates,0
ASI-00011,Chandi-ka-Temple Phulai Gunth,,,,,no_candidates,0
ASI-00012,Jageshwar Temple Phulai Gunth,,,,,no_candidates,0
ASI-00013,Kuber Temple Phulai Gunth,,,,,no_candidates,0
ASI-00014,Mritunjaya Temple Phulai Gunth,,,,,no_candidates,0
ASI-00015,Nanda Devi or Nau Durga Phulai Gunth,,,,,no_candidates,0
ASI-00016,Nava-grah shrine Phulai Gunth,,,,,no_candidates,0
ASI-00017,Pyramidal shrine Phulai Gunth,,,,,no_candidates,0
ASI-00018,Shrine dedicated to Surya Phulai Gunth,,,,,no_candidates,0
ASI-00019,Ancient Naula Syunrakot Almora,,,,,no_candidates,0
ASI-00020,Group of ancient temples,,,,,no_candidates,0
ASI-00021,Three temples of the Indo-Aryan shikara type Talli Hat,,,,,no_candidates,0
ASI-00022,Remains of sixteen temples Adibadri Chamoli,,,,,no_candidates,0
ASI-00023,Fort with walls and ruins of dwelling house inside Chandpur Chamoli it and with flights of steps.,,,,,no_candidates,0
ASI-00024,Trident of iron with a shaft with one ancient and Gopeshwar Chamoli three modern inscriptions.,,,,,no_candidates,0
ASI-00025,Rudranath temple Gopeshwar Chamoli,,,,,no_candidates,0
ASI-00026,Two Temple Pandukeshwar Chamoli,,,,,no_candidates,0
ASI-00027,Rock Inscription in Survey Plot No. 89 Village Mandal,,,,,no_candidates,0
ASI-00028,Group of Baleshwar Temples Champawat Champawat,,,,,no_candidates,0
ASI-00029,Kotwali Chabutra Champawat Champawat,,,,,no_candidates,0
ASI-00030,Naula or covered spring attached to the Champawat Champawat Baleshwar Temples,,,,,no_candidates,0
ASI-00031,Temple sacred to Mahasu Hanol Dehradun 136 Sl.No. Name of Monument / Site Locality District,,,,,no_candidates,0
ASI-00032,Archaeological Site &Remains,,,,,no_candidates,0
ASI-00033,The inscribed rock edicts of Asoka Kalsi Dehradun,,,,,no_candidates,0
ASI-00034,Kalinga Monuments Karanpur Dehradun,,,,,no_candidates,0
ASI-00035,Temple and images in its vicinity Lakha Mandal Dehradun,,,,,no_candidates,0
ASI-00036,Archaeological Sites and Remains Virpurkhurd,,,,,no_candidates,0
ASI-00037,Old Cemetery Shaikhpuri & Haridwar Ganeshpur (Roorkee),,,,,no_candidates,0
ASI-00038,Remains of ancient buildings locallly identified Dhikuli Nainital with Vairatapattana,,,,,low_confidence,16.16161616
ASI-00039,Old temple sacred to Sita Sitabani Nainital,,,,,no_candidates,0
ASI-00040,Patal Bhubaneswar Caves Gangolihat Pithoragarh,,,,,low_confidence,25.71428571
ASI-00041,Remains of a few old temples and an inscribed Gangolihat Pithoragarh masonry well,,,,,no_candidates,0
ASI-00042,Vishnu Temple Kotali Pithoragarh,,,,,low_confidence,40.90909091
ASI-00043,Excavated Site at Dronasagar Mauza Ujjain Udamsingh Kashipur Nagar,,,,,no_candidates,0
ASI-00044,Excavated site and Remains Village Khawli Sera,,,,,no_candidates,0
ASI-00027,List of Centrally Protected Monuments / Sites under the jurisdiction of West Bengal (Kolkata Circle and Raiganj Circle) Kolkata Circle Sl.No. Name of Monument / Site Locality District,,,,,no_candidates,0
ASI-00001,Ancient Temple Bahulara Bankura,,,,,no_candidates,0
ASI-00002,Brindaban Chandra Temple,,,,,no_candidates,0
ASI-00003,Radha Damodar Temple Birsingha Bankura,,,,,no_candidates,0
ASI-00004,Dalmadal Gun and the platform on which it is Bishnupur Bankura mounted,,,,,no_candidates,0
ASI-00005,Gate of Old Fort Bishnupur Bankura,,,,,no_candidates,0
ASI-00006,Jora Mandir Bishnupur Bankura,,,,,no_candidates,0
ASI-00007,Jore-Bungla Temple Bishnupur Bankura,,,,,no_candidates,0
ASI-00008,Kala Chand Temple Bishnupur Bankura,,,,,no_candidates,0
ASI-00009,Lalji Temple Bishnupur Bankura,,,,,no_candidates,0
ASI-00010,Madan Gopal Temple Bishnupur Bankura,,,,,no_candidates,0
ASI-00011,Madanmohan Temple Bishnupur Bankura,,,,,no_candidates,0
ASI-00012,Maleswar Temple Bishnupur Bankura,,,,,no_candidates,0
ASI-00013,Muralimohan Temple Bishnupur Bankura,,,,,no_candidates,0
ASI-00014,Nanda Lal Temple Bishnupur Bankura,,,,,no_candidates,0
ASI-00015,Patpur Temple Bishnupur Bankura,,,,,no_candidates,0
ASI-00016,Radhabinode Temple Bishnupur Bankura,,,,,no_candidates,0
ASI-00017,Radhagovinda Temple Bishnupur Bankura,,,,,no_candidates,0
ASI-00018,Radhamadhab Temple Bishnupur Bankura,,,,,no_candidates,0
ASI-00019,Radhashyam Temple Bishnupur Bankura,,,,,no_candidates,0
ASI-00020,Rashmancha Bishnupur Bankura,,,,,no_candidates,0
ASI-00021,Shyam Rai Temple Bishnupur Bankura,,,,,no_candidates,0
ASI-00022,Small Gateway of Fort Bishnupur Bankura,,,,,no_candidates,0
ASI-00023,Stone Chariot Bishnupur Bankura,,,,,no_candidates,0
ASI-00024,Saileswar Temple Dihar Bankura,,,,,no_candidates,0
ASI-00025,Sareswar Temple Dihar Bankura,,,,,no_candidates,0
ASI-00026,Temple of Radha Damodar Jew Ghutgeria Bankura,,,,,no_candidates,0
ASI-00027,Gokulchand Temple Gokulnagar Bankura,,,,,no_candidates,0
ASI-00028,Temple of Ratneswar Jagannathpur Bankura,,,,,no_candidates,0
ASI-00029,Temple of Shyam Sundar Madanpur Bankura,,,,,no_candidates,0
ASI-00030,Temple site now represented only by a Mound Pareshnath Bankura and a Statue of Surya.,,,,,no_candidates,0
ASI-00031,Temple site of an old Jain Temple now Pareshnath Bankura represented only by a Mound with a Jain statue.,,,,,no_candidates,0
ASI-00032,Image of Durga slaying Mahisasura under a tree Sarengarh Bankura,,,,,no_candidates,0
ASI-00033,Temple site now represented only by a Mound Sarengarh Bankura,,,,,no_candidates,0
ASI-00034,Temple site now represented only by a Mound Sarengarh Bankura with statues of Ganesh and Nandi on it.,,,,,no_candidates,0
ASI-00035,Temple site now represented only by a Mound Sarengarh Bankura 138 Sl.No. Name of Monument / Site Locality District with an Image of Nandi on it.,,,,,no_candidates,0
ASI-00036,Rock Inscription of Chandra Varman Susunia Bankura,,,,,no_candidates,0
ASI-00037,Two Mounds Bhadeswar Birbhum,,,,,no_candidates,0
ASI-00038,Temple of Radha Binode commonly known as Joydeb-Kenduli Birbhum Joydeb.,,,,,low_confidence,18.82352941
ASI-00039,Old temple of Dharmaraj Kubilashpur Birbhum,,,,,no_candidates,0
ASI-00040,The temple of Basuli and the mound together with Nanoor Birbhum fourteen other temples near them containing the “Linga” image of Siva,,,,,low_confidence,17.8343949
ASI-00041,Temple and Rasmancha Suri Birbhum,,,,,no_candidates,0
ASI-00042,Two Ancient Temples (Joined together) Baidyapur Burdwan,,,,,low_confidence,23.88059701
ASI-00043,Rudreswar Temple Bamunara Burdwan,,,,,no_candidates,0
ASI-00044,Group of four Ancient Temples Begunia Burdwan,,,,,no_candidates,0
ASI-00045,Ancient Mound Bharatpur Burdwan,,,,,no_candidates,0
ASI-00046,The tombs of Baharam Sakka,,,,,no_candidates,0
ASI-00047,Jain Brick Temple known as Sat-Deul Deulia Burdwan,,,,,no_candidates,0
ASI-00048,Stone Temple Garui Burdwan,,,,,no_candidates,0
ASI-00049,Temple of Ichai Ghose Gourangpur Burdwan,,,,,no_candidates,0
ASI-00050,Group of Temples (12 nos. Temples) Kalna Burdwan (i) Bijoy Vaidyanath Temple,,,,,no_candidates,0
ASI-00051,The area situated between the road to Amlajore Nadhia Burdwan and the river Damodar,,,,,no_candidates,0
ASI-00052,Ancient Site and Remains of Pandurajar Dhipi Panduk Burdwan,,,,,no_candidates,0
ASI-00053,Hansesvari and Vasudeva Temples Bansberia Hooghly,,,,,no_candidates,0
ASI-00054,Dupleix Palace (Institute de Chandan Nagar) Chandan Nagar Hooghly,,,,,no_candidates,0
ASI-00055,Dutch Cemetery together with all tombs & Chinsurah Hooghly monuments contained therein,,,,,no_candidates,0
ASI-00056,Dutch Memorial monument of Susenne Anne Chinsurah Hooghly Maria,,,,,no_candidates,0
ASI-00057,Group of temples known as Brindaban Chandra's Guptipara Hooghly Math,,,,,no_candidates,0
ASI-00058,Mounds Mahanad Hooghly,,,,,no_candidates,0
ASI-00059,Minar Pandua Hooghly,,,,,no_candidates,0
ASI-00060,Mosque Pandua Hooghly,,,,,no_candidates,0
ASI-00061,Mosque & Tombs Satgaon Hooghly,,,,,no_candidates,0
ASI-00062,i) Danish Cemetery Serampore Hooghly ii) All ancient structures,,,,,no_candidates,0
ASI-00063,Dargah of Zafar Khan Ghazi Tribeni Hooghly,,,,,no_candidates,0
ASI-00064,Sri Mayer Ghat Howrah Howrah,,,,,no_candidates,0
ASI-00065,Currency Building Dalhousie Square Kolkata,,,,,no_candidates,0
ASI-00066,St. John’s Church Kolkata Kolkata,,,,,no_candidates,0
ASI-00067,Metcalfe Hall Kolkata Kolkata,,,,,no_candidates,0
ASI-00068,Old Building of the Asiatic Society Park Street Kolkata,,,,,no_candidates,0
ASI-00069,Beth-el-Synagogue Pollock Street Kolkata,,,,,no_candidates,0
ASI-00070,Maghen David Synagogue Ward No. 45 Kolkata,,,,,no_candidates,0
ASI-00071,Dharmaraj Temple Pathra Midanapur,,,,,no_candidates,0
ASI-00072,Temples of Bandyopadhyay Family Pathra Midanapur,,,,,no_candidates,0
ASI-00073,Sitala Temples Pathra Midanapur,,,,,no_candidates,0
ASI-00074,Nava Ratna Temple Complex Pathra Midanapur,,,,,no_candidates,0
ASI-00075,Karambera Fort Gaganeswar Midnapore,,,,,no_candidates,0
ASI-00076,John Pierce’s Tomb Midnapore Midnapore,,,,,no_candidates,0
ASI-00077,Ruins of Fort Bamanpukur Nadia,,,,,no_candidates,0
ASI-00078,Temple Palpara Nadia,,,,,no_candidates,0
ASI-00079,Warren Hasting’s House Barasat North 24 Parganas,,,,,no_candidates,0
ASI-00080,26 Shiva Temples Barrakpore- Khardah North 24 Parganas,,,,,no_candidates,0
ASI-00081,Chandra Ketu's Fort Berachampa North 24 Parganas,,,,,no_candidates,0
ASI-00082,Ancient Mound known as Varahamihirer Dhipi Deulia & Kaukipara North 24 Parganas,,,,,no_candidates,0
ASI-00083,Clive’s House known as Barakothi DUM DUM,,,,,no_candidates,0
ASI-00084,Tamluk Rajbati,,,,,low_confidence,42.85714286
ASI-00085,Old Temple at Banda Banda Purulia,,,,,no_candidates,0
ASI-00001,Cooch Behar Palace Cooch Behar Cooch Behar,,,,,no_candidates,0
ASI-00002,Rajpat Site Khalsa Gasanimari Cooch Behar,,,,,no_candidates,0
ASI-00003,Tomb of Alexander-Cosma de Koros Darjeeling Darjeeling,,,,,no_candidates,0
ASI-00004,Tomb of General Lloyd Darjeeling Darjeeling,,,,,no_candidates,0
ASI-00005,Mounds Bangarh (Ganga Dinajpur Rampur) (South),,,,,no_candidates,0
ASI-00006,Dargah of Shah Ata Ganga Dinajpur Rampur (South),,,,,no_candidates,0
ASI-00007,Baisgazi Wall Gaur Malda,,,,,no_candidates,0
ASI-00008,Baraduary Masjid or the Great Golden Mosque Gaur Malda 140 Sl.No. Name of the Monument / Site Locality District,,,,,no_candidates,0
ASI-00009,Bhita of Chand Sadagar Gaur Malda,,,,,no_candidates,0
ASI-00010,Chamkatti Masjid Gaur Malda,,,,,no_candidates,0
ASI-00011,Chika Masjid Gaur Malda,,,,,no_candidates,0
ASI-00012,Dakhil Darwaza or the northern Gate of the Fort Gaur Malda,,,,,no_candidates,0
ASI-00013,Firoz Minar or the tower of Firoz Shab Gaur Malda,,,,,no_candidates,0
ASI-00014,Gunti gateway Gaur Malda,,,,,no_candidates,0
ASI-00015,Gunmant Mosque Gaur Malda,,,,,no_candidates,0
ASI-00016,Kotowali Darwaza Gaur Malda,,,,,no_candidates,0
ASI-00017,Lotton Masjid Gaur Malda,,,,,no_candidates,0
ASI-00018,Lukachuri gateway Gaur Malda,,,,,no_candidates,0
ASI-00019,Qudam Rasul Masjid Gaur Malda,,,,,no_candidates,0
ASI-00020,Tomb of Fath Khan Gaur Malda,,,,,no_candidates,0
ASI-00021,Tantipara Masjid Gaur Malda,,,,,no_candidates,0
ASI-00022,Two tombs in front of Tantipara Masjid Gaur Malda,,,,,no_candidates,0
ASI-00023,Two Stone Pillars Gaur Malda,,,,,no_candidates,0
ASI-00024,The tower of Nimasarai Nimasarai Malda,,,,,no_candidates,0
ASI-00025,Eklakhi Mausoleum Pandua Malda,,,,,no_candidates,0
ASI-00026,Kutub Shahi Masjid Pandua Malda,,,,,no_candidates,0
ASI-00027,Adina Mosque Pandua (Adina) Malda,,,,,no_candidates,0
ASI-00028,Tomb of Azimunnessa Begum,,,,,no_candidates,0
ASI-00029,Residency Cemetery also known as Station Burial Babulbona Murshidabad ground Beharampore,,,,,no_candidates,0
ASI-00030,Bhavanisvar Mandir Baranagar Murshidabad,,,,,no_candidates,0
ASI-00031,Char Bangla group of four Siva mandirs Baranagar Murshidabad,,,,,no_candidates,0
ASI-00032,Tomb of Mir Madan Faridpur Murshidabad,,,,,no_candidates,0
ASI-00033,Dutch Cemetery Kalikapur Murshidabad,,,,,no_candidates,0
ASI-00034,Old English Cemetary or the old Residency burial- Kashim Bazar Murshidabad ground,,,,,no_candidates,0
ASI-00035,Ancient Monument Kheraul Murshidabad,,,,,no_candidates,0
ASI-00036,The tomb and the mosque of Aliverdi Khan and Khosbag Murshidabad the tomb of Seraj-ud-Dowla,,,,,no_candidates,0
ASI-00037,Hazarduari Palace & Imambara (Murshidabad) Killa Nizamat Murshidabad,,,,,no_candidates,0
ASI-00038,South Gate,Q838772,,,Point(-118.195 33.944166666),search+fuzzy+batch,100
ASI-00039,Immambara,,,,,no_candidates,0
ASI-00040,White Mosque,Q723262,,,Point(19.945083 40.708417),search+fuzzy+batch,100
ASI-00041,Yellow Mosque with vacant land Lalbag Murshidabad,,,,,no_candidates,0
ASI-00042,Tripolia Gate,Q85847851,,,Point(74.62678333 26.45601667),search+fuzzy+batch,100
ASI-00043,Nil Kuthi Mound Mouza Chak Murshidabad,,,,,no_candidates,0
ASI-00044,Motijhil Jama Masjid Murshidabad Murshidabad,,,,,no_candidates,0
ASI-00045,Two mounds called the Barkona Deul mound Panchthupi Murshidabad,,,,,no_candidates,0
ASI-00046,Mounds known as the Devil's Mound and Raja Rangamati Murshidabad Karna's Palace,,,,,no_candidates,0
ASI-00047,Tomb of Sujauddin Roshnibag Murshidabad 141 Sl.No. Name of the Monument / Site Locality District,,,,,no_candidates,0
ASI-00048,Tank& Mosque of Murhsid Kuli Khan Sabjikatra Murshidabad,,,,,no_candidates,0
ASI-00049,Jahan Kosa Gun Topkhana Murshidabad ----END OF LIST--- 142,,,,,no_candidates,0
