asi_slno,raw_text,page
1,Andhra Pradesh 135 Amaravati Circle `135,1
2,Arunachal Pradesh 03 Guwahati Circle 03,1
3,Assam 55 Guwahati Circle 55,1
4,Bihar 70 Patna Circle 70,1
5,Chhattisgarh 46 Raipur Circle 46,1
6,Daman & Diu (U.T.) 11 Vadodara Circle 11,1
7,Goa 21 Goa Circle 21,1
8,Gujarat 205 Vadodara Circle 159 Rajkot Circle 46,1
9,Haryana 93 Chandigarh Circle 93,1
10,Himachal Pradesh 40 Shimla Circle 40,1
11,Jammu & Kashmir 56 Srinagar Circle 56 (U.T.),1
12,Jharkhand 13 Ranchi Circle 13,1
13,Karnataka 506 Bangalore Circle 133 Dharwad Circle 282 Hampi Circle 91,1
14,Kerala 29 Thrissur Circle 29,1
15,Ladakh (U.T.) 15 Leh Mini-Circle 15,1
16,Madhya Pradesh 291 Bhopal Circle 183 Jabalpur 108,1
17,Maharashtra 286 Aurangabad Circle 75 Mumbai Circle 117 Nagpur Circle 94,1
18,Manipur 01 Aizawl Circle 01,1
19,Meghalaya 08 Guwahati Circle 08,1
20,Mizoram 01 Aizawl Circle 01,1
21,Nagaland 04 Guwahati Circle 04,1
22,N.C.T. Delhi 172 Delhi Circle 172,1
23,Odisha 81 Bhubaneswar Circle 41 Puri Circle 40,1
24,Puducherry (U.T.) 07 Chennai Circle 07,1
25,Punjab 33 Chandigarh Circle 33,1
26,Rajasthan 163 Jaipur Circle 90 Jodhpur Circle 73,1
27,Sikkim 03 Raiganj Circle 03,1
28,Telangana 08 Hyderabad Circle 08,1
29,Tamilnadu 412 Chennai Circle 250 Tiruchirapalli Circle 162,1
30,Tripura 08 Aizawl Circle 08,1
31,Uttar Pradesh 743 Agra Circle 154 Jhansi Circle 173 Lucknow Circle 191 Meerut Circle 82 Sarnath Circle 143,1
32,Uttarakhand 44 Dehradun Circle 44,1
33,West Bengal 135 Kolkata Circle 86 Raiganj 49 TOTAL 3698 3698 1 Centrally Protected Monuments/Sites: Circle-wise and State-wise Sl.No. Circle Name No. of State Covered No. of Monuments Monuments,1
1,Agra Circle 187 Uttar Pradesh 154,2
2,Aizawl Circle 10 Manipur 01 Mizoram 01 Tripura 08,2
3,Amaravati Circle 135 Andhra Pradesh 135,2
4,Aurangabad Circle 75 Maharashtra 75,2
5,Bangalore Circle 133 Karnataka 133,2
6,Bhopal Circle 183 Madhya Pradesh 183,2
7,Bhubaneswar Circle 41 Odisha 41,2
8,Chandigarh Circle 126 Haryana 93 Punjab 33,2
9,Chennai Circle 257 Tamilnadu 250 Puducherry (U.T.) 07,2
10,Dehradun Circle 44 Uttarakhand 44,2
11,Delhi Circle 172 N.C.T. Delhi 172,2
12,Dharwad Circle 282 Karnataka 282,2
13,Goa Circle 21 Goa 21,2
14,Guwahati Circle 70 Arunachal Pradesh 03 Assam 55 Meghalaya 08 Nagaland 04,2
15,Hampi Circle 91 Karnataka 91,2
16,Hyderabad Circle 08 Telangana 08,2
17,Jabalpur Circle 108 Madhya Pradesh 108,2
18,Jaipur Circle 90 Rajasthan 90,2
19,Jhansi Circle 173 Uttar Pradesh 173,2
20,Jodhpur Circle 73 Rajasthan 73,2
21,Kolkata Circle 86 West Bengal 86,2
22,Leh Mini-circle 15 Ladakh (U.T.) 15,2
23,Lucknow Circle 191 Uttar Pradesh 191,2
24,Meerut Circle 82 Uttar Pradesh 82,2
25,Mumbai Circle 117 Maharashtra 117,2
26,Nagpur Circle 94 Maharashtra 94,2
27,Patna Circle 70 Bihar 70,2
28,Puri Circle 40 Odisha 40,2
29,Raipur Circle 46 Chhattisgarh 46,2
30,Raiganj Circle 52 Sikkim 03 West Bengal 49,2
31,Rajkot Circle 46 Gujarat 46,2
32,Ranchi Circle 13 Jharkhand 13,2
33,Sarnath Circle 143 Uttar Pradesh 143,2
34,Shimla Circle 40 Himachal Pradesh 40,2
35,Srinagar Circle 56 Jammu & Kashmir (U.T) 56,2
36,Tiruchirapalli Circle 162 Tamilnadu 162,2
37,Thrissur Circle 29 Kerala 29,2
38,Vadodara Circle 170 Daman & Diu (U.T) 11 Gujarat 159 Total 3698 3698 2 Map indicating Circles of Archaeological Survey of India 3,2
1,List of Centrally Protected Monuments / Sites under the jurisdiction of Andhra Pradesh (Amaravati Circle) Sl.No. Name of the Monument / Site Locality District,4
1,Hill Fort and buildings therein and the Gooty Anantapuramu fortifications at the foot of the hill.,4
2,Madhavaraya temple (Old Vishnu temple) Gorantla Anantapuramu,4
3,Outer wall of the Mahalakshmi temple Goripalli Anantapuramu,4
4,Group of sculptures - Ancient Site Hemavati Anantapuramu,4
5,Group of old temples together with Hemavati Anantapuramu adjacent land,4
6,Large dolmen on a rocky hillock Kalyandurg Anantapuramu,4
7,Mallikarjuna (Siva) temple Kambaduru Anantapuramu,4
8,Veerabhadra temple Lepakashi Anantapuramu,4
9,Basavannah temple Lepakashi Anantapuramu,4
10,Hill fort Madakasira Anantapuramu,4
11,Large bastion and an old gateway Madakasira Anantapuramu,4
12,Old gopuram Penukonda Anantapuramu,4
13,Old stamba or lamp pillar in the Sub Penukonda Anantapuramu Collector's office compound,4
14,Seethatheertham stepped well with Penukonda Anantapuramu entrance in the from of a bull,4
15,Small pavillion and ruined water tower in a Penukonda Anantapuramu field,4
16,The citadel and ruined buildings on the Penukonda Anantapuramu hill,4
17,The Hill fort and northern gateway with Penukonda Anantapuramu inscriptions,4
18,Watch tower known as Rama's bastion Penukonda Anantapuramu,4
19,Hill fortressand a large wall Ratnagiri Anantapuramu,4
20,Extensive hill fortress with outlying Rayadurg Anantapuramu fortification,4
21,Palace and two temples of Rama and Rayadurg Anantapuramu Krishna,4
22,Chintalarayaswami temple Tadpatri Anantapuramu,4
23,Rameswaraswami temple Tadpatri Anantapuramu,4
24,Lower Fort Chandragiri Chittoor,4
25,Upper Fort Chandragiri Chittoor,4
26,Parasuramesvara temple Gudimallam Chittoor,4
27,Fort Gurramkonda Chittoor,4
28,"Lower Fort , Center Fort wall, moat, old Gurramkonda Chittoor fort gateway, old hanuman temple, old mahammadan tomb, old mandapam and old mosque",4
29,Mahal Gurramkonda Chittoor,4
30,Palliswara mudaya Mahadeva temple Kalakada Chittoor,4
31,Venkateswara Vishnu temple Mangapuram Chittoor (Hamlet of Mittapalam),4
32,Megalithic cairns with bounding stone Pandur Chittoor 4 Sl.No. Name of the Monument / Site Locality District circles,4
33,Chennakeswaraswami temple Sompalle Chittoor,5
34,Megalithic cists and cairns Virakuppam Chittoor (Birakuppam),5
35,Mounds containing Buddhist remains such Adurru East Godavari as stupas,5
36,Gollingeswara group of temples Biccavolu East Godavari,5
37,Kanchragudi Biccavolu East Godavari,5
38,Monolithic Ganesa Image Biccavolu East Godavari,5
39,Nakkalagudi Biccavolu East Godavari,5
40,Veerabhadra temple Biccavolu East Godavari,5
41,Bhimeswara temple Draksharama East Godavari,5
42,"Rock-cut caves and cisterns and remains Kapavaram East Godavari of Buddhist Stupas, Chaityas and Viharas (monasteries) on the hill Pandavula or Pandavulakonda",5
43,Buddhist remains at Kodavali Kodavali East Godavari,5
44,"Bhimeswara temple Samalkot, East Godavari (Bhimavaram)",5
45,Ruined Buddhist stupa and other remains Amaravati Guntur,5
46,An Ancient Siva temple with inscription Ayyangaripalam Guntur (Hamlet of Pondugula),5
47,Sri Bhavanarayanaswami temple Bapatla Guntur,5
48,Ruined Buddhist stupa Bhattiprolu Guntur,5
49,"The Sculptures, carvings, images, bas Buddam Guntur reliefor other like objects discovered within the revenue limit",5
50,Kapoteswara temple with five inscriptional Chejerla Guntur slabs within the temple site,5
51,Inscribed rock to the west of Dharanikota Dharanikota Guntur,5
52,Fort in ruins Dharanikota Guntur,5
53,The Mounds with ancient remains on them Grandhasiri Guntur (Hamlet of Vornakallu),5
54,Inscribed marble pillar near the Gopala Ipur Guntur temple,5
55,Ancient Buddhist remains with Brahmi Manchikallu Guntur inscriptions on the mound,5
56,Reconstructed monumets at Anupu Nagarjunakonda Guntur andNagarjunklonda hilltop,5
57,Mounds within the limit of Nagulavaram Nagulavaram Guntur,5
58,"The Sculptures, carvings, images, bas Pullareddigudem Guntur relief on the ancient mound",5
59,(i) The mounds with remains of ancient Pullareddigudem Guntur building between the hillock of (Agarharam) Nagarjuna Konda and the village of Pullareddigudem (ii) Mounds adjacent to the hillock reddigudem 5 Sl.No. Name of the Monument / Site Locality District (iii) Hill of Nagarjunakonda with the ancient remains,5
60,Four-storeyed rock-cut Hindu temple Undavalli Guntur,6
61,The Mounds with ancient remains Velpur Guntur,6
62,Vigneswara swami temple Chilamakuru Kadapa YSR,6
63,Agatheswarswami Temple Chilamkuru Kadapa YSR,6
64,Remains of the buried Jain temple Danavulapadu Kadapa YSR,6
65,"Fort with enclosed ancient buildings, Gandikota Kadapa YSR Madhavaperumal temple and tower known as Madarsala",6
66,Saumyanatha temple Nandalur Kadapa YSR,6
67,Ancient Village site Peddamudiyan Kadapa YSR,6
68,Kothandaramaswami Temple Peddamudiyan Kadapa YSR,6
69,Mukunteswara temple with inscriptions Peddamudiyan Kadapa YSR,6
70,Narasimha temple Peddamudiyan Kadapa YSR,6
71,Old Vishnu temple with inscriptions Peddamudiyan Kadapa YSR,6
72,Athirala Parasurama temple Poli Kadapa YSR,6
73,Bheemeshwara swami temple Pushpagiri Kadapa YSR (hamlet of Kotluru),6
74,Indranadheshwara swami temple Pushpagiri Kadapa YSR (hamlet of Kotluru),6
75,Kamalasamveswara swami temple Pushpagiri Kadapa YSR (hamlet of Kotluru),6
76,Raghaveswara swami temple Pushpagiri Kadapa YSR (hamlet of Kotluru),6
77,Sivakesavaswami temple Pushpagiri Kadapa YSR (hamlet of Kotluru),6
78,Trikoteswara swami temple Pushpagiri Kadapa YSR (hamlet of Kotluru),6
79,Vaidhyanadha swami temple Pushpagiri Kadapa YSR (hamlet of Kotluru),6
80,Fort with ancient buildings therein Siddhout Kadapa YSR,6
81,Visvanatha swami temple Sivalpalli Kadapa YSR,6
82,Sri Kodandarma swamy temple and Vontimitta Kadapa YSR adjoining buildings,6
83,Ancient site with the mound marking the Alluru Krishna Buddhist Stupas in it,6
84,Buddhist remains in a mound Ghantasala Krishna,6
85,Mound containing Buddhist remains and Gudivada Krishna ancient village site.,6
86,"Sculptures, carvings, images other like Gudur Krishna objects found in the vicinity of the old Mosque",6
87,Hillock containing the mound marking the Gummadiduru Krishna ancient remains of ancient Buddhist stupas situated on it,6
88,Buddhist remains of a Stupa on the hill Jaggayyapeta Krishna,6
89,Bandar Fort: (i) Armoury known as Fort Masulipathnam Krishna and customs office (ii) Belfry,6
90,Dutch cemetry (D.No. 308) Masulipathnam Krishna,6
91,Rock-cut cave temples on the Hill Mogalrajapuram Krishna 6 Sl.No. Name of the Monument / Site Locality District,6
92,Ancient site and remains comprised in Munagacherla Krishna survey plot No. 37,7
93,Four pillars in the ruined mandapam in Vijayawada Krishna Jammidoddi,7
94,Inscribed Pillar and slab in Vijayawada Krishna Mallesvarasvami temple,7
95,Kiratharjuna Pillar on the Indrakilla Hill Vijayawada Krishna,7
96,Two rock-cut cave temples on the Vijayawada Krishna Indrakila hill known as Akkanna Muddanna caves,7
97,Ruined fort and buildings therein except Adoni Kurnool Ramazan masjid,7
98,Inscribed boulder bearing Andhra records Chinnakadaburu Kurnool of 150 A.D.,7
99,A prominent granite hillock bearing Jonnagiri Kurnool Asokan inscription,7
100,"Gateways and the bastions of the old fort, Kurnool Kurnool viz. (i) Bastion No.1 Beach Ghantki Buruzu (ii) Bastion No. 2 Lal Bangalow Buruzu (iii) Gateway to Gopala Darwaja (iv) Gateway to Panikiddi",7
101,Mausoleum known as Abdul Wahab Kurnool Kurnool Khan's Tomb and adjoining buildings,7
102,Nandavaram Temple including the Nandavaram Kurnool sculpture of Subrahamanya,7
103,"The Asokan inscription, Two early Rajulamandagiri(H Kurnool Chalukya inscriptions and One late amlet of Jutur) Chalukya inscriptions.",7
104,Inscribed stone lying to the east of Siva Rayachoti Kurnool temple,7
105,Old Cave Temple Yaganti Kurnool,7
106,Uma-Mahesvaraswami Temple Yaganti Kurnool,7
107,Ancient Mounds Kanuparti Prakasam,7
108,A group of eight rock-cut temples in Kottapalli Prakasam Bhairavakonda hill,7
109,Chola Temple Motupalle Prakasam,7
110,Ancient Mound Pedaganjam Prakasam,7
111,Pitikeswara group of temples including Pittikayagulla Prakasam Approach road,7
112,Ancient Site Pusalapadu Prakasam,7
113,Ramalingeswara group of temples Satiavolu Prakasam,7
114,Mound known as 'Bodipati Dibba' Ramatirtham SPSR- Nellore (Hamlet of Varini),7
115,Ancient Mound in part of S.No. 855 A Ramatirtham SPSR- Nellore,7
116,Hill Fort with Ancient buildings therein Udayagiri SPSR- Nellore,7
117,"Krishna Temple in a part of Donka with Udayagiri SPSR- Nellore Gopuram, Kalyanamandapam and Masonry built Tank 7 Sl.No. Name of the Monument / Site Locality District",7
118,Ranganayakula Temple Udayagiri SPSR- Nellore,8
119,Ancient Mound Kalingapatnam Srikakulam,8
120,Sri Somesvara temple Mukhalingam Srikakulam,8
121,Bhimesvara temple Mukhalingesvara Srikakulam,8
122,Mukhalingesvara temple Mukhalingesvara Srikakulam,8
123,"Buddhist remains: Salihundam Srikakulam (i) Six Images, (ii) Three images and some more images on the hill, (iii) One image, (iv) Three images",8
124,Eastern portion of Salihundam hill Salihundam Srikakulam containing Buddhist remains ( A Chaitya and four stupas),8
125,Ancient Buddhist Mounds locally known Kotturu (near Vishakhapatnam as 'Dhana Dibbalu' Gokivada forest),8
126,"Buddhist rock-cut stupas, Dagebas and Sankaram Vishakhapatnam caves and the ruins of a structural Chaitya with its outbuilding and other Ancient remains on twoadjoining hills known as Bojjanna Konda.",8
127,Durga Bhairavakonda having an ancient Neelavati Vizianagaram monument called Durga,8
128,Ruined Buddhist Monastery at Ramathirtham Vizianagaram Gurubhaktulakonda,8
129,The old temple (Dibbesvarasvami temple) Sarapalli Vizianagaram (Sarapalle),8
130,Mounds containing Buddhist remains Arugolanu West Godavari,8
131,Mounds locally known as Bhimalingadibba Denduluru West Godavari,8
132,"Buddhist monuments Guntupalle West Godavari (i) Rock-cut temple, (ii) Large Monastery, (iii) Small Monastery,(iv) Brick Chaitya, (v) Ruined Mandapa, (vi) Stone built Stupa andLarge group of stupas",8
133,The caves and structural stupa of Jilakarragudem West Godavari Archaeological interest on (Hamlet of Dharmalingesvarasvami hill Guntupalle),8
134,Ancient Mounds in S.No. 501-1 Pedavegi West Godavari,8
135,"The mounds of Pedavegi : Dibba No.1 Pedavegi West Godavari Dibba No.2, Dibba No. 3, Dibba No. 4, Dibba No. 5. 8",8
2,List of Centrally Protected Monuments / Sites under the jurisdiction of Arunachal Pradesh (Guwahati Circle) Sl.No. Name of the Monument / Site Locality District,9
1,"Copper temple near Sadiya, Lohit Near sadia Lohit",9
2,"Ruins, Bhalukpang Bhalukpong W. Kameng (Balipara) (Balipara)",9
3,"Remains in Bhismak Nagar, Debang Valle Debang Valley W. Kameng 9",9
3,List of Centrally Protected Monuments / Sites under the jurisdiction of Assam (Guwahati Circle) Sl.No. Name of the Monument / Site Locality District,10
1,Bordole temple Biswanathghat Biswanath,10
2,Grave of Lieutenant Lewis Biswanathghat Biswanath,10
3,Grave of Lieutenant Thomas Kennedy. Biswanathghat Biswanath,10
4,The rock known as” Bishwanath Sivalinga” Biswanathghat Biswanath,10
5,Dhandi temple Dhandi (Gohpur) Biswanath,10
6,The rock known as “Sakreswar” The island Biswanath “Unatumani” in the neighbourhood of village Bishwanath,10
7,Ancient Caves (Ancient Tombs) Jogighopa Bongaigaon,10
8,"Cachari Ruins viz. A small unfinished Khaspur Cachar dwelling house, Snan Mandir, Singha Darwaja, The temple of Ranachandi, The Baradwari, Two small temples & The east wall",10
9,Group of Four Maidams Chairaideo Chairaideo,10
10,Idgah on the Rangamati Hill with its Panbari Dhubri enclose Walls and a space of 16’-20’ (Rangamati Hill) around there,10
11,Rangamati Mosque and the ablution tank Panbari Dhubri attached thereto (Rangamati Hill),10
12,The Derebara Group of monoliths Dubungling Dima-Hasao (N.C.Hills),10
13,TheKhartong Group of monoliths Kartongsip Dima-Hasao (N.C.Hills),10
14,The Kobak Group of monoliths Khobak Dima-Hasao (N.C.Hills),10
15,Rock-cut temple Maibang Dima-Hasao (N.C.Hills),10
16,Two inscribed Stones Maibang Dima-Hasao (N.C.Hills),10
17,Bolosan Group of monoliths Nuchubunglo Dima-Hasao (N.C.Hills),10
18,Tomb of Lieutenant Cresswell Goalpara Goalpara,10
19,Monument over the grave of Mr.B.J.Stow Goalpara Goalpara,10
20,"Shri Surya Pahar Ruins, Dasabhaja Sri Suryapahar Goalpara Devasthan",10
21,Monoliths Kasomari Pathar Golaghat,10
22,Sivadol Negheriting Golaghat,10
23,The stone inscription inside “Poa Mecca Hajo Kamrup Mosque”,10
24,Shri Shri Hayagriva Madhava temple Hajo Kamrup,10
25,Shri Shri Kedar temple Hajo Kamrup,10
26,Shri Shri Ganesh temple Hajo Kamrup,10
27,Shri Shri Kameshwar temple. Hajo Kamrup 10 Sl.No. Name of the Monument / Site Locality District,10
28,"The Carvings, inscriptions and pillar on the Guwahati Kamrup (M) Urbasi Island",11
29,"The rock-cut sculpture representing Guwahati Kamrup (M) Vishnu (with adjoining figures of Surya, Ganesa, Devi etc locally Known as Vishnu Janardhan.",11
30,"Daurgarila Rock Inscription, Kamakhya Hill Guwahati Kamrup (M)",11
31,Rock-cut figures and one Stone - Gateway Kamakhya Hill Kamrup (M),11
32,Garhgaon Raja’s Palace Garhgaon Sivasagar,11
33,Bisnudol Gaurisagar Sivasagar,11
34,Devidol Gaurisagar Sivasagar,11
35,Gaurisagar Tank Gaurisagar Sivasagar,11
36,Sivadol Gaurisagar Sivasagar,11
37,Bisnudol Joysagar Sivasagar,11
38,Devidol Joysagar Sivasagar,11
39,"Eight cannons of the Ahom period on the Joysagar Sivasagar bank of the, Sibsagar tank",11
40,Ghanshyam’s house Joysagar Sivasagar,11
41,Golakghar or magazine Joysagar Sivasagar,11
42,Ranganath dole Joysagar Sivasagar,11
43,Ranghar Ruins Joysagar Sivasagar,11
44,Sivadol Joysagar Sivasagar,11
45,The Karenghar of the Ahom kings (Talatal Joysagar Sivasagar ghar),11
46,Bishnu dole Sibsagar Sivasagar,11
47,Debi dole Sibsagar Sivasagar,11
48,Siva dole Sibsagar Sivasagar,11
49,"Ruins, Singri Hill Singri Hill Sonitpur",11
50,Masonary remains on the Bamuni Hills Tezpur Sonitpur,11
51,Sculptures in the Chummery compound Tezpur Sonitpur,11
52,The mound and ruins of the stone temple Tezpur Sonitpur at Parbatiya,11
53,The rock on the bank of the Bharmaputra Tezpur Sonitpur about 2 miles below Tezpur and the inscription thereon,11
54,"The gun of Emperor Sher Shah, Sadiya, Sadiya Tinsukia Tinsukia",11
55,The two swivel guns belonging to the Sadiya Tinsukia Mughal Nawwara 11,11
4,List of Centrally protected Monuments / Sites under the jurisdiction of Bihar (Patna Circle) Sl.No. Name of the Monument / Site Locality District,12
1,Tomb of Shamsher Khan Shamshernagar Aurangabad,12
2,Ancient site of Vikramasila Monastery Antichak Bhagalpur,12
3,Rock Temple Golgong Bhagalpur,12
4,Patalpuri cave and land adjoining Madhorampur Bhagalpur Bateshwar cave on the Patharghata hill,12
5,Rock sculptures Patharghatta Bhagalpur,12
6,Ancient mound Buxar Buxar,12
7,Asoka column known as Laur pillar Lauriya Areraj East Champaran,12
8,"Fort ruins, tank and Stupa Sagardih East Champaran",12
9,Buddhist Stupa Tajpur Deur East Champaran,12
10,Ancient Stupa and other remains locally Bakraur Gaya known as Sujata garh,12
11,"Ancient mounds in the valley known as Bishunpurtarwa, Gaya “Hasra Kol” Hasra and Jagdishpur",12
12,"Ancient mouds in the hill known as Bishunpurtarwa, Gaya ‘Sobhnath’ Hasra and Jagdishpur",12
13,Ancient Buddhistic image and other Guneri Gaya images and sculptures collected underneath a shed,12
14,Siva temple Konch Gaya,12
15,Sculptures of various Hindu deities carved Kurisarai Gaya on the southern and eastern faces of some rocks and boulders of Kauwadol Hill,12
16,Sculptures of various Hindu deities carved Kurisarai Gaya on the face of an isolated round boulder separated by a distance of 12 feet from the south-eastern corner of the Kauwadol Hill.,12
17,Sculptures of various Hindu deities carved Kurisarai Gaya on the northern -eastern faces of some rocks of Kauwadol Hill.,12
18,Sculptures of four Hindu deities one on Kurisarai Gaya each side of an oblong isolated boulder to the east of the Kauwadol Hill.,12
19,"The whole of the ancient ruins on which Kurisarai Gaya there are a colossal statute of Buddha, a few loose sculptures and thirteen sand stone pillars.",12
20,The area generally known as ‘Garh’ Kurkihar Gaya,12
21,Gopi Cave Barabar and Jehanabad Nagarjuni hills,12
22,"Karan Chaupar Cave Barabar and Jehanabad Nagarjuni hills,",12
23,Vadathika Cave Barabar and Jehanabad Nagarjuni hils,12
24,"Lomas Rishi Cave Barabar and Jehanabad Nagarjuni hils,",12
25,"Sudama Cave Barabar and Jehanabad Nagarjuni hils, 12 Sl.No. Name of the Monument / Site Locality District",12
26,"Vapiyaka Cave Barabar and Jehanabad Nagarjuni hils,",13
27,"Visva Jhopa Cave Barabar and Jehanabad Nagarjuni hils,",13
28,Ancient Buddhistic image and sculptures Ghejan Jehanabad collected underneath a shed,13
29,Ancient monolithic pillar known as Lat Lat Jehanabad,13
30,Tomb of Bakhtiar Khan Malik Sarai Kaimur,13
31,Temple of Mundeswari Devi Paura Kaimur,13
32,Kanhaiya ji ka mandir Bandarjhula Kishanganj,13
33,Remains of ancient fort or Pachrukhi Garh Balirajgarh Madhubani locally known as Raja Bali Ka Garh,13
34,Asokan Column Kolhua Muzaffarpur,13
35,Ancient mound Bargaon Nalanda,13
36,Tomb of Malik Ibrahim Bayu Bihar Sharif Nalanda,13
37,Ancient remains known as Garh Ghorakatora Nalanda,13
38,Statue of Buddha Jagdishpur Nalanda,13
39,"All mounds, structures and buildings Nalanda Nalanda enclosed in the acquired area",13
40,All ancient structures and other Rajgir Nalanda monuments,13
41,All ancient structures and all artificial Rajgir Nalanda ancient remains which are situated within a distance of half a mile of the said two ancient cities known as old and new Rajgriha,13
42,Walls of the two ancient cities known as Rajgir Nalanda old and new Rajgriha,13
43,The grove known as “Bulandibagh” Bulandipur Patna,13
44,The mound or stupa known as “Chhoti Chhoti Pahari Patna Paharai”,13
45,Sculpture and Images Datiana Patna,13
46,Supposed site of the Palace of Asoka Kumrahar Patna,13
47,Tomb of Shah Makhadum Daulat Maneri Maner Patna and Ibrahim Khan,13
48,Tank Maner Patna,13
49,Ancient Mound and ruined brick walls Maner Patna together with adjucent land comprising part of survey plot No. 608 & 611,13
50,Ancient Mound and ruined brick walls Maner Patna together with adjucent land comprising of survey plot No. 399,13
51,Mounds known as the five stupas or Paharidih Patna ”Panch Pahari”,13
52,"(i) Ablution Tank, Patna Patna (ii) Mir Ashraf’s Jama Mosque (iii) Pucca well",13
53,Remains of wooden foundations and Sandalpur Patna ancient Mauryan walls,13
54,Ashokan inscription on the Chandan Ashikpur Rohtas Shahid hill,13
55,Rohtasgarh fort Rohtasgarh Rohtas,13
56,Tomb of Hasan Shah Suri Sasaram Rohtas,13
57,Tomb of Sher Shah Suri Sasaram Rohtas,13
58,Three rock inscriptions (Adjacent to Tara Sasaram Rohtas 13 Sl.No. Name of the Monument / Site Locality District Chandi temple),13
59,Remains of Ancient city Manjhi Saran,14
60,"Ancestral Houseof Jiradei Siwan Dr. Rajendra Prasad, the First President of India",14
61,Jami mosque Hajipur Vaishali,14
62,Relic Stupa Harpur Basant Vaishali (Vaishali),14
63,Raja Vishal ka Garh Vaishali Vaishali,14
64,"Ruined fortress, Chankigarh Chanki West Champaran",14
65,Asoka column Lauriya West Nandangarh Champaran,14
66,Vedic burial mounds Lauriya West Nandangarh Champaran,14
67,Ruined fortress at Nandangarh and the Marhia West rampart of the fort Champaran,14
68,Vedic burial mounds Marhia West Champaran,14
69,Vedic burial mounds Pakri West Champaran,14
70,Ashoka column Rampurwa West Champaran 14,14
5,List of Centrally protected Monuments / Sites under the jurisdiction of Chhattisgarh (Raipur Circle) Sl.No. Name of the Monument / Site Locality District,15
1,The temple of Mahadeo including the Narainpur Balodabazar math of Bairagi and Mandap Bhatapara,15
2,The temple belonging to Mahant Laldass Narainpur Balodabazar of Sheorinarayan Bhatapara,15
3,Mahadeo Temple Bastar Bastar Jagdalpur,15
4,Narayan Temple Narainpal Bastar Jagdalpur,15
5,Old temple of Sita Devi and Sati pillar Deorbijla Bemetara,15
6,Ardhanariswara Image Bhairam Deo Gudi Bijapur,15
7,Ajmergarh fort Amanala Bilaspur,15
8,Temple Belpan Bilaspur,15
9,Temple (Ruined) Gatora Bilaspur,15
10,Malhar Fort Malhar Bilaspur,15
11,"Patalesvara Mahadeva temple including Malhar Bilaspur all ancient remains of other temples close by, together with various sculptures of Brahmanical, Buddhist and Jain pantheons and inscriptions, carved and un carved stones diiscovered",15
12,Kanthi Dewal Temple Ratanpur Bilaspur,15
13,The (fine) doorway built into the ruined Ratanpur Bilaspur wall beside the north gateway to the fort and the carved stones and images lying about within the boundaries of the village,15
14,Old ruined sand stone temple Deo-Baloda Durg,15
15,Group of temples known as the Rajiva- Rajim Gariaband Lochana or Rajim Temples,15
16,Sita Baree Rajim Gariaband,15
17,Temple of Ramchandra Rajim Gariaband,15
18,Arbhar temple Arbhar Janjgir Champa,15
19,Kashigarh fort Bawanbadi Janjgir Champa,15
20,Larger of the two temples (Old Vaishnava Janjgir Janjgir Champa Temple),15
21,Small Temple Janjgir Janjgir Champa,15
22,Brick Temple of Savari south of the Kharod Janjgir Champa village,15
23,Small Brick Temple North of the village Kharod Janjgir Champa,15
24,Kotmi fort Kotmi Janjgir Champa,15
25,Kotgarh Near Bargawan Janjgir Champa,15
26,Half ruined temple of Keshava Narayan Sheori Narayan Janjgir Champa,15
27,"The Sheorinarayana Temple, together Sheori Narayan Janjgir Champa with ruined brick temples in the same compound and the inscription built into the wall of the Chandrachuda temple 15 Sl.No. Name of the Monument / Site Locality District",15
28,Brick mound Gadh Dhanora Kondagaon,16
29,Chaitaurgarh Close to Bagdara Korba,16
30,Mahadeo Temple Pali Korba,16
31,The remains of a very ancient temple Tuman Korba and mounds of scultured and unsculptured stones,16
32,Monuments & Temples Sirpur Mahasamund Arang Raipur,16
33,Where the monuments are to be found Sirpur Mahasamund and the mound to the east of Arang Arang Raipur,16
34,The Pali inscription stone Semarsal Mungeli,16
35,Bhand Dewal Arang Raipur,16
36,Old temple near Gandai Gandai Rajnandgaon,16
37,Sita-Bengra and Jogimara rockcut caves Ramagarh hill Sarguja together with adjacent area of the hill,16
38,Jogimara Caves Ramagarh hill Sarguja,16
39,Ganesh Statues Barsur South Bastar Dantewada,16
40,Ancient sculptures in Danteswari Temple Barsur South Bastar Dantewada,16
41,Chandraditya Temple Barsur South Bastar Dantewada,16
42,Mamabhanjaka Temple Barsur South Bastar Dantewada,16
43,Danteswari Devi Temple Dantewada South Bastar Dantewada,16
44,Kamma Memorial or Urasgatta Post Dhilmlli South Bastar Dantewada,16
45,Megalithic site containing uraskals Gammewada South Bastar Dantewada,16
46,Karli Mahadeo Temple Sampur South Bastar Dantewada 16,16
6,List of Centrally protected Monuments / Sites under the jurisdiction of Daman & Diu (U.T.) (Vadodara Circle) Sl.No. Name of the Monument / Site Locality District,17
1,Bangli Diu Diu,17
2,Tower of Silence Diu Diu,17
3,Fort together with the inside building Fort Walls Diu,17
4,"Old Mosque (Jami Masjid) Inside the Fort, Diu Diu",17
5,St. Paul's Church Outside the fort Diu,17
6,"Fort Walls (Including Gates, Structures, Along sea shore Moti Daman Moat, Open land, Outside & Inside Fort) outside western corner of Moti Daman fort",17
7,Holy JesusChurch Near N.W. corner Moti Daman of the Fort Area,17
8,Ruined Church Near N. W. corner Moti Daman of Fort walls,17
9,The Chapel of our Lady of Rosario Insides the fort Moti Daman,17
10,The Church of our Lady of Remedios Outside the Moti Daman Darjiwad,17
11,Fort Walls On Sea-Shore Nani Daman outside of Western corner of Moti Daman 17,17
7,List of Centrally Protected Monuments / Sites under the jurisdiction of Goa (Goa Circle) Sl.No. Name of the Monument / Site Locality District,18
1,Rock cut caves Arvalem North Goa,18
2,Auguda Fortress (Upper) Candolim North Goa,18
3,Fortification Wall of Auguda Candolim North Goa Fortress(Lower),18
4,Arch of Adil Shah’s Palace Old Goa North Goa,18
5,Arch of Viceroy Old Goa North Goa,18
6,Basilica of Bom Jesus Old Goa North Goa,18
7,Chapel of St. Cajetan Old Goa North Goa,18
8,Chapel of St. Catherine Old Goa North Goa,18
9,Chapel of St. Francis Xavier and Old Goa North Goa connected buildings,18
10,Church and Convent of St. Francis Assisi Old Goa North Goa,18
11,Church of Lady of Rosary Old Goa North Goa,18
12,Church of St. Augustine Old Goa North Goa,18
13,House of Bull Old Goa North Goa,18
14,Largo of St. Cajetan together with other Old Goa North Goa monuments,18
15,Largo of St. Francis Xavier Old Goa North Goa,18
16,Portal remains of St.Paul’s College Old Goa North Goa,18
17,Se’ Cathedral Old Goa North Goa,18
18,Safa Masjid Ponda North Goa,18
19,Excavated site Chandor South Goa,18
20,Mahadev Temple Kurdi South Goa,18
21,Mahadev Temple Tambdisurla South Goa,18
8,List of Centrally Protected Monuments / Sites under the jurisdiction of Gujarat (Vadodara Circle and Rajkot Circle) Vadodara Circle 18 Sl.No. Name of the Monument / Site Locality District,18
1,Achyut Bibi's Masjid & Tomb Ahmedabad Ahmedabad,19
2,Ahmad Shah's Tomb Ahmedabad Ahmedabad,19
3,Ahmed Shah's Mosque Ahmedabad Ahmedabad,19
4,Astodia Gate Ahmedabad Ahmedabad,19
5,Baba Lauli's Masjid Ahmedabad Ahmedabad,19
6,Bhadra gate beside Bhadrakali temple Ahmedabad Ahmedabad,19
7,Brick Minars Ahmedabad Ahmedabad,19
8,Dariya Khan's Tomb Ahmedabad Ahmedabad,19
9,Dariya pur Gate Ahmedabad Ahmedabad,19
10,Dastur Khan's Masjid Ahmedabad Ahmedabad,19
11,Delhi gate Ahmedabad Ahmedabad,19
12,Haibatkhan's Masjid Ahmedabad Ahmedabad,19
13,Inlet to Kankaria Tank Ahmedabad Ahmedabad,19
14,Jami Masjid Ahmedabad Ahmedabad,19
15,Kalulpur Gate Ahmedabad Ahmedabad,19
16,Kutub. Shah's Mosqe Ahmedabad Ahmedabad,19
17,Mata Bhawani's Well Ahmedabad Ahmedabad,19
18,Muhafiz Khan's Mosque Ahmedabad Ahmedabad,19
19,Nawab Sardar Khan Masjid and outer gate Ahmedabad Ahmedabad in survey No. 6814.%,19
20,Nawab Sardar Khan's Rouza with its Ahmedabad Ahmedabad compound bearing C.S.No. 6811,19
21,Panch Kuwa gate Ahmedabad Ahmedabad,19
22,Premabhai Gate Ahmedabad Ahmedabad,19
23,Queen's Mosque in Sarangpur Ahmedabad Ahmedabad,19
24,Raipur Gate Ahmedabad Ahmedabad,19
25,Rani Rupavati's Mosque Ahmedabad Ahmedabad,19
26,Rani Sipri's Mosque & Tomb Ahmedabad Ahmedabad,19
27,Sarangpur Gate Ahmedabad Ahmedabad,19
28,Shah Alam's Tomb with all surrounding Ahmedabad Ahmedabad buildings in the group,19
29,Shah kupa Masjid Ahmedabad Ahmedabad,19
30,Sidi Bashir's Minar's & Tomb (Shaking) Ahmedabad Ahmedabad,19
31,Sidi Saiyad's Mosque Ahmedabad Ahmedabad,19
32,Teen Darwaja or Tripolia gate Ahmedabad Ahmedabad,19
33,The Shahpur Kazi Mohmad Chisti's Masjid Ahmedabad Ahmedabad,19
34,Three gates besides Bhadrakali temple Ahmedabad Ahmedabad,19
35,Tomb Ahmedabad Ahmedabad,19
36,Tomb of Mir Abu Turab Ahmedabad Ahmedabad,19
37,Tombs of Queens of Ahmed Shah Ahmedabad Ahmedabad,19
38,Dada Harir's Mosque & Tomb Asarwa Ahmedabad,19
39,Dada (Bai ) Harir's Stepwell Asarwa Ahmedabad,19
40,Malik Alam's Mosque Dani Limda Ahmedabad,19
41,Bahlol Khan Gazi's Mosque Dholka Ahmedabad 19 Sl.No. Name of the Monument / Site Locality District,19
42,Jami Masjid Dholka Ahmedabad,20
43,Khan Masjid Dholka Ahmedabad,20
44,Malav Tank Dholka Ahmedabad,20
45,Ruined Building Dholka Ahmedabad,20
46,Jethabhai's Stepwell Isanpur Ahmedabad,20
47,Small Stone Masjid (Gumle Masjid) Isanpur Ahmedabad,20
48,Cazi Masjid Mandal Ahmedabad,20
49,Jami Masjid Mandal Ahmedabad,20
50,Sayyid Masjid Mandal Ahmedabad,20
51,Small stone Mosque (Rani Masjid) Paldi Ahmedabad,20
52,Bibiji's Masjid Rajpur / Hirapur Ahmedabad,20
53,Masjid of Ragusha Pir Ranpur Ahmedabad,20
54,Ancient site at Lothal Saragwala Ahmedabad,20
55,Great Mosque Sarkhej Ahmedabad,20
56,"Great Tank, Palace & Harem Sarkhej Ahmedabad",20
57,Pavilion before the Tomb of Saikh Ahmed Sarkhej Ahmedabad Khatau Ganj Baksh,20
58,Roza of Baba Alisarand Bawa Ganj Sarkhej Ahmedabad Bhaksh,20
59,Tomb of Bibi Rajbai Sarkhej Ahmedabad,20
60,Tomb of Mohammed Begarh Sarkhej Ahmedabad,20
61,Tomb of Shaikh Ahmed Khattau Ganj Sarkhej Ahmedabad Baksh,20
62,Saiyyad Usman's Mosque & Tomb Usmanpura Ahmedabad,20
63,Rauza of Azam Khan Mauzzam Khan Vasna Ahmedabad,20
64,Tombs (Qutub-i-Alam) Vatva Ahmedabad,20
65,Mansar Talav & Shrines Viramgam Ahmedabad,20
66,Stepwell Borsad Anand,20
67,Jami Masjid Khambhat Anand,20
68,Jami Masjid Bharuch Bharuch,20
69,Old Ruined temple of Mahadev Bawka Dahod,20
70,Rudabai stepwell with Inscription Adalaj Gandhinagar,20
71,Bhamaria Well Mehamadabad Kheda,20
72,Temple of Galteshwar Sarnal Kheda,20
73,Tomb of Saif-ud-din & Nizam-ud-din Sojali Kheda,20
74,Tomb of Mubarak Saiyyad Sojali Kheda,20
75,Vithalbhai Haveli Vaso Kheda,20
76,Jasmalnathji Mahadev temple Asoda Mehsana,20
77,Hingloji Mata temple Khandosan Mehsana,20
78,Sabha Mandapa (Double Shrines) & the Khandosan Mehsana ancient shrines,20
79,"Sun temple, Surya kind with adjoining Modhera Mehsana other temples & loose sculptures",20
80,Malai Mata temple Palodar Mehsana,20
81,Sitamata temple Piludara Mehsana 20 Sl.No. Name of the Monument / Site Locality District,20
82,Torana with a Surya Temple Piludara Mehsana,21
83,Nilkantheswar Mahadev temple Sunak Mehsana,21
84,Sivai Mata temple Sunak Mehsana,21
85,Ajpal Kund Vadnagar Mehsana,21
86,Inscription and Arjun Bari Gate Vadnagar Mehsana,21
87,Torana Vadnagar Mehsana,21
88,Kund Vijapur Mehsana,21
89,Bawa Man's Mosque Champaner Panchmahals,21
90,Cenotaph of Kevda Masjid Champaner Panchmahals,21
91,Cenotaph of Nagina Masjid Champaner Panchmahals,21
92,Citadel walls Champaner Panchmahals,21
93,City Gate Champaner Panchmahals,21
94,City walls at the S.E. corner of the citadel Champaner Panchmahals going up the hill,21
95,East and South Bhadra Gates Champaner Panchmahals,21
96,Helical Stepped well (With 50 feet space Champaner Panchmahals around at pathway 10 feet vide to nearest road.,21
97,Jami Masjid Champaner Panchmahals,21
98,Kabutarkhana Pavilion Champaner Panchmahals,21
99,Kamani Masjid Champaner Panchmahals,21
100,Kevada Masjid Champaner Panchmahals,21
101,Lila-Gumbaj-Ki-Masjid Champaner Panchmahals,21
102,Mandvi or Custom House Champaner Panchmahals,21
103,Nagina Masjid Champaner Panchmahals,21
104,Sahar ki Masjid (Bohrani) Champaner Panchmahals,21
105,Sakar Khan's Dargah Champaner Panchmahals,21
106,Stepwell Champaner Panchmahals,21
107,Three cells Champaner Panchmahals,21
108,Tomb with a Brick dome in the centre and Champaner Panchmahals small corner domes,21
109,Rudra Mahalaya temple Desar Panchmahals,21
110,Ek-Minar-ki-Masjid Halol Panchmahals,21
111,Panch-Mahuda-ki-Masjid Halol Panchmahals,21
112,Tomb near Panch-Mahuda ki Masjid Halol Panchmahals,21
113,Tomb of Sikander Shah Halol Panchmahals,21
114,Kankeshwar Mahadev Temple Kankanpur Panchmahals,21
115,Fort of Pavagadh& ruined Hindu temples Pavagadh hill Panchmahals & Jain temples on the top of Pavagadh hills,21
116,Gate No. 1 Atak Gate (with two gateways) Pavagadh hill Panchmahals,21
117,Gate No. 2 (with three gateways) Budhiya Pavagadh hill Panchmahals gate,21
118,Gate No. 3 Moti gate Sadanshah-Gate Pavagadh hill Panchmahals,21
119,Gate No. 4 with big bastion with cells in Pavagadh hill Panchmahals 21 Sl.No. Name of the Monument / Site Locality District the interior.,21
120,Gate No. 5 Gulan Bulan Gate Pavagadh hill Panchmahals,22
121,Gate No. 6 Buland Darwaja Pavagadh hill Panchmahals,22
122,Gate No. 7 Makai Gate Pavagadh hill Panchmahals,22
123,Gate No. 8 Tarapore Gate Pavagadh hill Panchmahals,22
124,Makai Kothar Pavagadh hill Panchmahals,22
125,Mint above Gate No. 4 Pavagadh hill Panchmahals,22
126,Navlakha Kothar Pavagadh hill Panchmahals,22
127,Patai Rawal's Palace with tanks Pavagadh hill Panchmahals,22
128,Sat Manzil with steps right upto bastions Pavagadh hill Panchmahals on top,22
129,Walls of fort on top Pavagadh hill Panchmahals,22
130,Ratnesvara Old temple with sculptures Ratanpur Panchmahals screen,22
131,Rani-ki-vav Anavadapati Patan,22
132,Sahastralinga Talao (Excavated) Anavadapati Patan,22
133,Limboji Mata temple Delmal Patan,22
134,Nilkantheshwar Mahadev temple Ruhavi Patan,22
135,Shaikh Farid Tomb Samalpt Patan,22
136,Two small shrines Sanderi Mata temple Sander Patan,22
137,Gateway of Khan Sarover Sandsarpati Patan,22
138,Jami Masjid Siddhpur Patan,22
139,Ruins of Rudra Mahalaya temple Siddhpur Patan,22
140,Group of temples Khed & Roda Sabarkantha,22
141,Tomb of Sikandarshah Prantji Sabarkantha,22
142,Ancient site comprising S.Plot No.535 Kamrej Surat,22
143,Dargah known as Khawaja Dana Saheb's Surat Surat Rouza,22
144,Old Dutch & Armenian Tombs & Surat Surat Cemetaries,22
145,Old English Tombs Surat Surat,22
146,Tomb of Khawaja Safar Sulemani Surat Surat,22
147,Fateh Burj Vyara Tapi,22
148,"Microlithic site S.No. 311,12,13 & 298 Amarapura Vadodara",22
149,"Hira Gate with S.No. 38, 41, 45, 47 & Dabhoi Vadodara Ticca No. 102&103.",22
150,Mahudi (Champaneri) Gate & adjacent Dabhoi Vadodara construction,22
151,Nandodi Gate with adjacent construction Dabhoi Vadodara,22
152,Saptamukhi Vav Dabhoi Vadodara,22
153,Vadodara Gate & its adjacent construction Dabhoi Vadodara,22
154,Hazira or Qutbuddin Mahmad Khan's Danteshwar Vadodara Tomb,22
155,Ancient site of Sandhiyapura Goraj Vadodara,22
156,Ancient Site (Excavated) Kayavarohan Vadodara 22 Sl.No. Name of the Monument / Site Locality District,22
157,Gateway of Torana Kayavarohan Vadodara,23
158,Frescos on the walls of Bhau Tambekar’s Pratap Road Vadodara Wada,23
159,Historic Site S.No. 431 to 435 Vakota Vadodara Rajkot Circle Sl.No. Name of the Monument / Site Locality District,23
1,Ancient site Gohilwad Timbo (Mound) Amreli Amreli,23
2,Fresco on the wall of Kashivisvanath Padar Singha Amreli temple,23
3,Ancient Site Venivadar Amreli,23
4,Ancient site / Mound Sihor Bhavnagar,23
5,Darbargarh Sihor Bhavnagar,23
6,Jain temples Talaja Bhavnagar,23
7,Talaja Caves Talaja Bhavnagar,23
8,Ancient site / Mound Vallabhaipur Bhavnagar,23
9,Temple of Rama Laxman Baradia Devbhumi Dwarka,23
10,Gadhi fortress & temple in Survey no.106 Dhink Devbhumi Dwarka,23
11,Magderu Temple Dhrasanvel Devbhumi Dwarka,23
12,"Dwarkadhish Group of temples with its Dwarka Devbhumi Dwarka outer compounds SNO. 1607, 1608, 1609.",23
13,Kshatrapa Inscriptions Dwarka Devbhumi Dwarka,23
14,Rukmani Temple Dwarka Devbhumi Dwarka,23
15,Gokeshwar Mahadev temple Lowrali Devbhumi Dwarka,23
16,Kalika Mata temple Navi Dhreiwad Devbhumi Dwarka,23
17,Durvasa Rishi's Ashram & its site Pindara Devbhumi Dwarka,23
18,Guhaditya temple in S.No. 655 Varvala Devbhumi Dwarka,23
19,Junagadhi (Jain) Temple Vasai Devbhumi Dwarka,23
20,Kankeshvara Mahadeva temple & other Vasai Devbhumi Dwarka shrines,23
21,Ranchhod Rayaji Temple with wasterland Mul Dwarka Gir Somnath around the chowk of Mahadeva Temple,23
22,Gop (Sun) Temple Zinavari Jamnagar,23
23,Ancient Mound Intwa Junagadh,23
24,Ashokan Rock (Edicts) Junagadh Junagadh,23
25,"Baba Pyare, Khapra Kodia caves Junagadh Junagadh",23
26,Buddhistic Cave Junagadh Junagadh,23
27,Jami Masjid Mangrol Junagadh,23
28,Rahimat Masjid (Bibi Masjid) Mangrol Junagadh,23
29,Raveli Masjid Mangrol Junagadh,23
30,Tomb of Rao Lakha Chhatri Bhuj Kachchh,23
31,Ancient Site (Kotada) Dholavira Kachchh 23 Sl.No. Name of the Monument / Site Locality District,23
32,"Archaeological Ancient Site and Remains, Juni Kuran Kachchh Juni Kuran",24
33,Siva temple Kotai Kachchh,24
34,Excavated Site Surkotada Kachchh,24
35,Ancient Quarry site -I Dholavitra Kachchh,24
36,Ancient Quarry site -II Dholavitra Kachchh,24
37,Darbargarh Halvad Morbi,24
38,Old Parsvanath temple Miyani Porbandar,24
39,House where Mahatma Gandhi was born Porbandar Porbandar,24
40,Dhank Caves Dhank Rajkot,24
41,Ananteshwara temple Bhadia Anandpur Surendranagar,24
42,Ancient Mound Rangpur Surendranagar,24
43,Navlakha temple Sejakpur Surendranagar,24
44,Ancient Site/Mound in village Sejakpur Surendranagar,24
45,Sun Temple Thangadh Surendranagar,24
46,Ranak Devi's Temple Wadhwan Surendranagar 24 List of Centrally Protected Monuments / Sites under the jurisdiction of Haryana (Chandigarh Circle) Sl.No. Name of the Monument / Site Locality District,24
1,Old Mughal Kosminar Ambala (city) Ambala,25
2,Ancient Site Naurangabad Bhiwani,25
3,"Bund or Dam, 30 feet by 200 at Anangpur Anangpur Faridabad",25
4,Kos Minar No. 10 Khawaza Sarai Faridabad,25
5,Mughal Bridge over the Buddhiawala Nala Khawaza Sarai Faridabad,25
6,Surajkund Masonry tank at Lakharpur Lakharpur Faridabad,25
7,Kos Minar No. 13 (Missing) Mujessar Faridabad,25
8,"Kos Minar No. 11 Village Mawai Faridabad (Sec29, Faridabad)",25
9,Ancient site at Banawali (Sotra) Banawali Fatehabad,25
10,Humayun's Mosque Fatehabad Fatehabad,25
11,Lat of Feroz Shah Fatehabad Fatehabad,25
12,Baoli Ghaus Ali Shah Farrukh Nagar Gurugram,25
13,Mosque of Ala Vardi Khan Sarai Ala Vardi Gurugram Khan,25
14,Agroha Mound Agroha Hissar,25
15,Barsi Gate Hansi Hissar,25
16,Ruined fort (Historical fort of Prithviraj Hansi Hissar Chauhan),25
17,Feroz Shah’s Palace & Tehkhanas Hissar Hissar,25
18,Gujari Mahal Hissar Hissar,25
19,Lat ki Masjid Hissar Hissar,25
20,"Ancient Mound No. I, II, III & V Rakhigarhi Hissar",25
21,Ancient Mound No. VI Rakhigarhi Hissar,25
22,Ancient Mound No. VII Rakhigarhi Hissar,25
23,Group of Tombs Jhajjar Jhajjar,25
24,Ancient Brick Temple including prachin Kalayat Kaithal Sivalaya,25
25,Theh Polar Siwan Kaithal,25
26,Kushana known as Jarasandh ka Quila Asandh (Salwan) Karnal,25
27,Kos Minar Bhenikalan Karnal,25
28,Kos Minar Daha Karnal,25
29,Gateways of old Mughal Sarai Gharaunda Karnal,25
30,Kos Minar (North) Gharaunda Karnal,25
31,Kos Minar (South) Gharaunda Karnal,25
32,"a. Cantonment Church Tower, one mile Karnal Karnal north of the town of Karnal, close to the Grand Truck Road b. Contonment Northern Cemetery close by the Cantonment Church Tower at Karnal",25
33,"European soldier's graves, about 300 yards Karnal Karnal north of Karnal Kachehri",25
34,Kos Minar (Namaste Chowk) Karnal Karnal,25
35,Kos Minar (City) Karnal Karnal 25 Sl.No. Name of the Monument / Site Locality District,25
36,Kos Minar Kohand Karnal,26
37,Kos Minar Kutail Karnal,26
38,Kos Minar (North) Taraori Karnal,26
39,Kos Minar (south) Taraori Karnal,26
40,Kos Minar Adhor Kurukshetra,26
41,Kos Minar Amin Kurukshetra,26
42,Ancient Site Amin Kurukshetra,26
43,Kos Minar Bhiwani Khera Kurukshetra,26
44,Nabha House Dara Kalan Kurukshetra (Thanesar),26
45,Ancient Site of Harsh-Ka-Tila and Dara Khera Kurukshetra Archaeological remains (Thanesar),26
46,Kos Minar Darakalan Kurukshetra (Thanesar),26
47,Kos Minar Fatuhpur Kurukshetra,26
48,Kos Minar Mohri Kurukshetra,26
49,Kos Minar Sarai Sukh Kurukshetra,26
50,Kos Minar (Missing) Shahabad Kurukshetra,26
51,The ancient mound known locally as “Raja Thanesar Kurukshetra Karan ka kila”,26
52,"Pathar Masjid (bounded on the north by the Thanesar Kurukshetra tomb of Sheikh Chilli, on the south by ruined houses, and on the east and west by roads)",26
53,Sheikh Chilli's tomb Thanesar Kurukshetra,26
54,Kos Minar Zainpura Kurukshetra,26
55,Jal Mahal and adjacent land Narnaul Mahindergarh,26
56,Shah Ibrahim's tomb together with adjacent Narnaul Mahindergarh land as shown in the plan,26
57,Shah Quli Khan's Tomb together with Narnaul Mahindergarh adjacent land,26
58,Kos Minar No. 18 Alapur Palwal,26
59,Kos Minar NO. 22 Aurangabad Palwal,26
60,"Kos Minar, No. 24 Banchchari Palwal",26
61,Kos Minar No. 25 Banchchari Palwal,26
62,Kos Minar No 27 Bhulwana Palwal,26
63,Kos Minar No 16 Gudhpuri Palwal,26
64,Kos Minar No. 17 Gudhpuri Palwal,26
65,Kos Minar No. 26 Hodal Palwal,26
66,Kos Minar No. 23 Khateila Palwal,26
67,Kos Minar No. 21 Khera Sarai Palwal,26
68,Kos Minar No. 20 Khusropur Palwal,26
69,Kos Minar 19 Palwal Palwal,26
70,Kos Minar 15 Sikri Palwal,26
71,"Kos Minar Jatipur, Unsar Panipat",26
72,Obelisk commemorating the third battle of Kala Amb Panipat Panipat,26
73,Kos Minar Kiwana Panipat,26
74,Kos Minar Manana Panipat 26 Sl.No. Name of the Monument / Site Locality District,26
75,Bab-i-Faiz Gate on the north side of Panipat Panipat Panipat town,27
76,Kabuli Bagh Mosque with enclosure wall Panipat Panipat,27
77,Site of Ibrahim Lodhi's tomb Panipat Panipat,27
78,Kos minar Siwali (Siwah) Panipat,27
79,Kos Minar Taraf Afghan Panipat (Panipat),27
80,Kos Minar Taraf Unsar Panipat (Panipat),27
81,Site of ancient city Khokhrakot Rohtak,27
82,Shahjahan Baoli Meham Rohtak,27
83,Ther Mound Sirsa Sirsa,27
84,"Old Mughal Kos Minar Akbarpur, Barota Sonepat",27
85,Old Mughal Kos Minar Baiyanpur Sonepat,27
86,Old Mughal Kos Minar Gannaur Sonepat,27
87,Old Mughal Kos Minar Jagdishpur Sonepat,27
88,Old Mughal Kos Minar Jawahri Sonepat,27
89,Old Mughal Kos Minar Panchi Gujran Sonepat,27
90,Old Mughal Kos Minar Rajpur Sonepat,27
91,Old Mughal Kos Minar Sonepat Sonepat,27
92,Tomb of Khawaja Khizr Sonepat Sonepat,27
93,"Adi Badri, Archaeological Sites and remains Kathgarh Yamunanagar 27",27
9,List of Centrally Protected Monuments / Sites under the jurisdiction of Himachal Pradesh (Shimla Circle) Sl.No. Name of the Monument / Site Locality District,28
1,Ganesh Temple Bharmaur Bharmaur Chamba,28
2,Laxmi (Lakhan) Devi Temple Bharmaur Bharmaur Chamba,28
3,Mani Mahesh Temple Bharmaur Bharmaur Chamba,28
4,Narsingh Temple Bharmaur Bharmaur Chamba,28
5,Champavati Temple Chamba Chamba,28
6,"Rock sculptures depicting Sita Ram, Chamba Chamba Hanumana etc. Sarotha, Pargana Panjila",28
7,"Shri Bajreshwari Temple, Bhardiath Chamba Chamba",28
8,Shri Bansi Gopal Temple Chamba Chamba,28
9,Shri Chamunda Devi Temple Chamba Chamba,28
10,Shri Hari Rai Temple Chamba Chamba,28
11,"Shri Lakshmi Narayan group of Temples, Chamba Chamba Muhalla Hattnala",28
12,Shri Sita Ram Temple Muhalla Bangotu Chamba Chamba,28
13,"Sri Shakti Devi Temple, V. Chhatrari, Chhatrari Chamba Pargana Piura",28
14,Narbadeshwar Temple and including the Sujanpur Hamirpur paintings therein as well as subsidiary shrines within the compound wall together with adjacent land confined in survey plot no. 786,28
15,Katoch Palace Tira Sujanpur Hamirpur,28
16,Temple at Asapuri Ashapuri Kangra,28
17,Temple of Baijnath Baijnath Kangra,28
18,Temple of Sidhnath Baijnath Kangra,28
19,Buddhist stupa known as BhimTila Chaitru Kangra,28
20,Ruined Fort Kangra Kangra,28
21,Rock inscription at Kunyara Khanyara Kangra,28
22,Fort Kotla (Kotlah) Kangra,28
23,Monolithic Temples at Masrur with Masroor Kangra sculptures lying in and outside them,28
24,Ruined Fort Nurpur Kangra,28
25,Rock inscription at Pathiar Bounded on the Pathiar Kangra North and East by land Belonging to Mangtu Girth and West and South by land belonging to Raman Girth,28
26,Lord Elgin's Tomb at Uppper Dharamsala Upper Kangra Dharamshala,28
27,Temple of Basheshar Mahadeo at Hat Bajaura Kullu,28
28,Temple of Gaurishankar with sculptures Dassal Kullu 28 Sl.No. Name of the Monument / Site Locality District lying in and outside of it,28
29,A Miniature stone Saiva Temple at Jagat Jagatsukh Kullu Sukh,29
30,Hidamba Devi Temple together with Manali Kullu adjacent area comprised in part of survey plot nos. 2058 and 2059 and wasteland as shown in the plan reproduced below,29
31,Temple of Gaurishankar with its sculptures Naggar Kullu,29
32,Buddhist Monastery together with adjacent Tabo Lahaul & Spiti area comprised in survey plot no. 16 as shown on the attached plan,29
33,Phoo Gumpha Buddhist monastery Tabo Lahaul & Spiti,29
34,Mirkula Devi Temple Udaipur (Lahaul) Lahaul & Spiti,29
35,"Ardhanariswara Temple and adjoining land Mandi Mandi comprised in survey plot nos. 195, 203 and portions of survey plot nos. 193, 194,196 and 204 as shown in the site plan reproduced below",29
36,Barsela Monuments Mandi Mandi,29
37,Panchvaktra Temple Mandi Mandi,29
38,Temple of Trillokinath Mandi Mandi,29
39,Vice Regal Lodge (Rashtrapati Niwas) Shimla Shimla,29
40,Siva temple Mangarh Sirmaur 29,29
10,List of Centrally Protected Monuments / Sites under the jurisdiction of Jammu & Kashmir (U.T.) (Srinagar Circle) Sl.No. Name of the Monument / Site Locality District,30
1,Bumzuva Cave and Temple Bumzuva Anantnag,30
2,Ancient temple of Martand together with Ranbelpur / Anantnag adjacent land Ranbirsinghpur,30
3,Ancient site of Chakradhar/Semthan Semthan Anantnag,30
4,Mughal Arcad including spring together with Verinag Anantnag adjacent land,30
5,Mosque and other ancient remains on the Wular Lake Bandipora island,30
6,Detha Mandir Bandi Baramulla,30
7,Ancient Temple together with adjacent land Buniyar Baramulla,30
8,"Ancient Stupa, Chaitya & Monastery Dever - Baramulla Parihaspora together with adjacent land Yakhmanpora / Parihaspora",30
9,Ancient Temple Fatehgarh Baramulla,30
10,Sankaragaurisvara temple and excavated Pattan Baramulla structures together with adjacent land,30
11,Sugandesha Temple Pattan Baramulla,30
12,Ancient Site Sumbal Baramulla,30
13,Partapswami temple with four Subsidiary Tapparwaripora Baramulla shrines with adjacent land,30
14,Ancient Stupa (Excavated Remains) Ushkura Baramulla together with adjacent land,30
15,Khanpur Sarai Khanpur Budgam,30
16,Group of Ancient Temples Naranag Ganderbal,30
17,Ancient Fort Akhnoor Jammu,30
18,Remains of Ancient sites (Pambaran) Ambaran Jammu,30
19,Rock carving of Devi riding a lion Basohli Kathua,30
20,"Rock carving of Sitala, Narada, Brahma & Basohli Kathua Radha Krishna.",30
21,Vishesvara cave temple and other cave Basohli Kathua temples,30
22,Ancient Temple (Harihara) Billawar Kathua,30
23,Trilochannanath Temple Mahadera / Kathua Basohli,30
24,Avantiswami temple together with adjacent Avantipura Pulwama land,30
25,Avantisvara Temple Avantipura Pulwama,30
26,Ancient Temple Kakapora Pulwama,30
27,Monolithic Shrine Khrew Pulwama,30
28,Remains of Ancient Temple Khrew Pulwama,30
29,Ancient Temple Loduv Pulwama,30
30,Ancient Stupa Remains alongwith adjacent Malangpora Pulwama area,30
31,Remains of Ancient Temple Pampur Pulwama 30 Sl.No. Name of the Monument / Site Locality District,30
32,Ancient Siva Temple Payar Pulwama,31
33,Aliabad Sarai Aliabad Shopian,31
34,Hirpur Sarai Hirpur Shopian,31
35,Ancient Temple Bohri Kadal Srinagar,31
36,Ancient sites & Remains Burzahom Srinagar,31
37,Ancient Temple Hari Parbat Srinagar,31
38,Ancient Monastery & Stupa together with Harwan Srinagar adjacent land,31
39,Mosque of Akhum Mulla Shah together with Kathi Darwaza Srinagar adjacent land,31
40,Gates in the Rampart of the fort Kathi Darwaza Srinagar a) Kathi Darwaza Sangeen b) Sangeen Darwaza Darwaza,31
41,Shankaracharya Temple together with Kothi Bagh / Srinagar adjacent land Durganag,31
42,Ancient Site Pandrethan Srinagar,31
43,Excavated Remains Pandrethan Srinagar,31
44,Pandrethan Temple together with adjacent Pandrethan Srinagar land,31
45,Group of arched terraces / structural Pari Mahal Srinagar complex,31
46,Khanqah of Shah Hamdan Shah Hamdan Srinagar,31
47,Pathar Masjid Zaina Kadal Srinagar,31
48,Tomb of Zain-ul-Abidin's mother together Zaina Kadal Srinagar with adjacent land,31
49,Group of Temles Kirmachi Udhampur,31
50,Ancient Temples Kala Dera I & II together Manwal Udhampur with adjacent land,31
51,Ancient Temple (Nand Babour) together with Manwal / Thalora Udhampur adjacent land,31
52,Ancient Fort attributed to Raja Suchet Singh Ramnagar Udhampur and Samadhi of Queen of Raja Suchet Singh,31
53,Ancient Palaces attributed to Raja Suchet Ramnagar Udhampur Singh,31
54,"Ancient Site, Babour Thalora Udhampur",31
55,Ancient Temple Dera Babour together with Thalora Udhampur adjacent land,31
56,Temple of Devi Bhagwati together with Thalora / Manwal Udhampur adjacent land,31
11,List of Centrally Protected Monuments / Sites under the jurisdiction of Jharkhand (Ranchi Circle) Sl.No. Name of the Monument / Site Locality District 31,31
1,Site of an old fort Ruam East Singhbhum,32
2,"Palace and Temple Complex, Nagar Gumla Navaratnagarh",32
3,Asura Sites Hensa Khunti,32
4,Asura Sites Kathartoli Khunti,32
5,Asura Sites Khunti Tola Khunti,32
6,Asura Sites Kunjla Khunti,32
7,Asura Sites Saridkel Khunti,32
8,Ancient Stone Temple with a small Siva- Khekpatra Lohardaga linga inside,32
9,Temples at Haradih Haradih Ranchi,32
10,Ruins of Baradari buildings with probable Arazi Mukhimpur Sahibganj underground cells and passage standing on the high mound,32
11,Jamma Masjid Hadaf Sahibganj,32
12,Ancient Mound locally known as Kulugarha Itagarh Sarikela and Basput Kharsawan,32
13,Old remains of temples and sculptures on Benisagar West Singhbhum the south-east bank of the above tank,32
12,"List of Centrally Protected Monuments / Sites under the jurisdiction of Karnataka (Bangalore Circle, Dharwad Circle and Hampi Circle) Bangalore Circle Sl.No. Name of the Monument / Site Locality District 32 Sl.No. Name of the Monument / Site Locality District",32
1,Old Dungeon Fort and Gates Bengaluru Bangalore Urban,33
2,Tipu Sultan's Palace Bengaluru Bangalore Urban,33
3,Prehistoric Site Chikajala Bangalore Rural,33
4,Fort Devanahalli Bangalore Rural,33
5,Tipu Sultan's Birth Place Devanahalli Bangalore Rural,33
6,Prehistoric Site Hejjala Bangalore Rural,33
7,Prehistoric Site Managondanahalli Bangalore Rural,33
8,Vijayanarayana Temple Gundlupet Chamarajanagar,33
9,Arkesvara Temple Hale Alur Chamarajanagar,33
10,Ramesvara Temple Narasamangala Chamarajanagar,33
11,Gaurisvara Temple Yelandur Chamarajanagar,33
12,Bhoganandisvara Temple Nandi Chikkaballapur,33
13,Tipu's Palace Nandi Hills Chikkaballapur,33
14,Amritesvara Temple Amrithapura Chikkamagaluru,33
15,Viranarayana Temple Belavadi Chikkamagaluru,33
16,Vidyasankara Temple Sringeri Chikkamagaluru,33
17,Asoka Inscriptions Brahmagiri Chitradurga,33
18,Prehistoric Site Brahmagiri Chitradurga,33
19,Prehistoric Site Chandravalli Chitradurga,33
20,Fortress and Temples on the hill Chitradurga Chitradurga,33
21,Inscripiton and Jatingi Rameswar Temple Ramesvara Hill Chitradurga,33
22,Akka Tangi Temple and Asoka Inscriptions Siddepura Chitradurga on Emmethammanana gundu,33
23,Dolmen Circle Doddamolathe Coorg (Kodagu),33
24,The Fort and Large Masonry Elephants Mercara Coorg (Kodagu),33
25,The Raja's Seat Mercara Coorg (Kodagu),33
26,Three stone built Jaina Temples Standing in Mullur Coorg (Kodagu) a Courtyard on the south of the village. In front of the central Temple is a large Inscribed Slab,33
27,Dolmen Circle Sulimolathe Coorg (Kodagu),33
28,Kalleswaraswami Temple Bagali Davangere,33
29,Fort Chennagiri Davangere,33
30,Kalleswaraswami Temple Halavagalu Davangere,33
31,Hariharesvara Temple Harihar Davangere,33
32,Shahji's Tomb Hodigere Davangere,33
33,Bhimeswara Temple Nilagunda Davangere,33
34,Musafirkhana and Honda Santhebennur Davangere,33
35,The Hill Fort and Ruined Palace Uchchangidurga Davangere,33
36,Channakesva Temple Arakere Hassan,33
37,Isvara Temple Arsikere Hassan,33
38,Kesava Temple and Inscriptions Belur Hassan,33
39,Lakshmi devi Temple Doddgaddavalli Hassan,33
40,Adinatha Basti Halebid Hassan 33 Sl.No. Name of the Monument / Site Locality District,33
41,Hoysalesvara Temple Halebid Hassan,34
42,Kedaresvara Temple Halebid Hassan,34
43,Parsvanatha Basti Halebid Hassan,34
44,Santhinatha Basti Halebid Hassan,34
45,Kalyani Hulikere Hassan,34
46,Buchesvara Temple Koravangala Hassan,34
47,Fort and Dungeons Manjarabad Hassan,34
48,Nagesvara and Chennakesava Temple Mosale Hassan,34
49,Lakshminarasimha Temple Nuggehalli Hassan,34
50,Sadashiva Temple Nuggehalli Hassan,34
51,Akkana Basti Sravanabelgola Hassan,34
52,Chandragupta Basti Sravanabelgola Hassan,34
53,Chaundaraya Basti Sravanabelgola Hassan,34
54,Gomatesvara Sravanabelgola Hassan,34
55,Inscriptions Sravanabelgola Hassan,34
56,Parsvanatha Basti Sravanabelgola Hassan,34
57,Ramalingesvara Temples and Inscriptions Avani Kolar,34
58,Haider Ali's Birth Place Budikote Kolar,34
59,Prehistoric Site Hunkunda Kolar,34
60,Kolaramma Temple Kolar Kolar,34
61,Somesvara Temple Kolar Kolar,34
62,Mokhbara (Mausoleum of Haider Ali's Kolar Kolar Father),34
63,Ancient Jaina Vestiges Aratipura Mandya (Kulagere),34
64,Mallikarjuna Temple Basaral Mandya,34
65,Panchlingesvara Temple Govindanahalli Mandya,34
66,Lakshminarayana Temple Hosaholalu Mandya,34
67,Panchakuta Basti Kambadahalli Mandya,34
68,LakshminarasihmaTemple Marehalli Mandya,34
69,Narayanaswami Temple Melkote Mandya,34
70,Kesava Temple Nagamangala Mandya,34
71,Lakshminarayana Temple Sindhaghatta Mandya,34
72,Ancient Palace site Srirangapatna Mandya,34
73,Colonel Bailey's Dungeon Srirangapatna Mandya,34
74,Daria Daulat Bagh Srirangapatna Mandya,34
75,Gumbaz containing tomb of Tipu Sultan Srirangapatna Mandya,34
76,Jumma Masjid Srirangapatna Mandya,34
77,Obelisk Monuments and Fort walls near the Srirangapatna Mandya Breach,34
78,Spot where Tipu's Body was found Srirangapatna Mandya,34
79,Sri Kanthirava Statue in Narasimha Temple Srirangapatna Mandya,34
80,Sri Ranganathasvami Temple Srirangapatna Mandya,34
81,T. Innman's Dungeon Srirangapatna Mandya 34 Sl.No. Name of the Monument / Site Locality District,34
82,Temples Tonnur Mandya,35
83,Sidlu Mallikarjuna Temple Bettadapur Mysuru,35
84,Prehistoric Site Kittur Mysuru,35
85,Lakshmikantha Swamy Temple Mullur Mysuru,35
86,Srikantesvara Temple Nanjangud Mysuru,35
87,Kesava Temple Somanathapur Mysuru,35
88,Kirtinarayana Temple Talakadu Mysuru,35
89,Vaidyeswara Temple Talakadu Mysuru,35
90,Prehistoric Site Savandurga Ramnagara,35
91,Anekal Temple Bandalike Shivamogga,35
92,Somesvara Temple Bandalike Shivamogga,35
93,Trimurthinarayana Temple Bandalike Shivamogga,35
94,Devaganga Ponds Basavanabyane Shivamogga,35
95,Bherundesvara Temple Belligavi Shivamogga,35
96,Kedaresvara Temple Belligavi Shivamogga,35
97,Tripurantesvara Temple Belligavi Shivamogga,35
98,Somanatha Swamy Temple Belligavi Shivamogga,35
99,Fortress and Renuka Temple Chandragutti Shivamogga,35
100,Bastis and Inscriptions Humcha Shivamogga,35
101,Aghoresvara Temple Ikkeri Shivamogga,35
102,Fort Kavaledurga Shivamogga,35
103,Ramesvara Temple Keladi Shivamogga,35
104,Kaitabesvara Temple Kubattur Shivamogga,35
105,Parshvanatha Basadi Kubattur Shivamogga,35
106,Rameswara Temple Kubattur Shivamogga,35
107,Rameswara Temple Kudli Shivamogga,35
108,Temples and Inscriptions Kuppagadde Shivamogga,35
109,Inscribed Pillar Malavalli Shivamogga,35
110,Jaina Basti with Brahmadeva Pillar Melagi Shivamogga,35
111,Mallikarjuna & Ramesvara Group of Temple Nadkalsi Shivamogga,35
112,Palace site outside Fort Nagar Shivamogga,35
113,Shivappa Naik's Fort Nagar Shivamogga,35
114,Inscibed Pillar Talagunda Shivamogga,35
115,Pranavesvara Temple Talagunda Shivamogga,35
116,Stamba in front of Kotakeri Jain Basti Bappanad South Kanara,35
117,Sultan Battery Boloor South Kanara,35
118,Mangaladevi Temple Mangaluru South Kanara,35
119,Jamlabad Fort Nada and Laila South Kanara,35
120,Temples and Inscriptions Udri South Kanara,35
121,Channigaraya Temple Aralaguppe Tumakuru,35
122,Fort Madhugiri Tumakuru,35
123,Onenakesava Temple Nagalapura Tumakuru,35
124,Kedaresvara temple Nagalapura Tumakuru,35
125,Jumma Masjid Sira Tumakuru 35 Sl.No. Name of the Monument / Site Locality District,35
126,Mallik Rihan Darga Sira Tumakuru,36
127,"Kathale Basti consisting of two small ruined Hosale Udupi stone built Jaina mandapas, a little Siva Temple containing a linga and a small Oblong Stone-built Temple",36
128,Anantapadmanabha Temple with Karkal Udupi ancient'Dalans' in ruins around excluding the Chandra Shala buildings in front of the West Side,36
129,Chaturmukha Temple Karkal Udupi,36
130,Jain statue of Gomateshwar at Karkal Karkal Udupi,36
131,Great Manastambha at Hiriyangadi Karkal Udupi (otherwise called Haliyangadi),36
132,Inner Courtyard of the Chowtar's Palace at Marpadi Udupi Mudabidri,36
133,Jaina tombs at Mudabidri Prantya Udupi Dharwad Circle Sl.No. Name of the Monument / Site Locality District,36
1,Ambiger Gudi (1) Aihole Bagalkot,36
2,Ambiger Gudi (2) Aihole Bagalkot,36
3,A temple of Galganath Group Aihole Bagalkot,36
4,A temple of Galganath Group Aihole Bagalkot,36
5,A temple Galganath Group Aihole Bagalkot,36
6,A temple of Galganath Group Aihole Bagalkot,36
7,A temple of Galganath Group Aihole Bagalkot,36
8,Badiger Gudi Aihole Bagalkot,36
9,Basavanna Aihole Bagalkot,36
10,Bhoyargudi Aihole Bagalkot,36
11,Bilegudi Aihole Bagalkot,36
12,Charanti Math (Murphadryavargudi) Aihole Bagalkot,36
13,Charanti Math (Murphadryavargudi) Aihole Bagalkot,36
14,Desayargudi Aihole Bagalkot,36
15,Dolmens Aihole Bagalkot,36
16,Galganath temple Aihole Bagalkot,36
17,Gardigudi Aihole Bagalkot,36
18,Gavdargudi Aihole Bagalkot,36
19,Gavdargudi Aihole Bagalkot,36
20,GavdaI shwargudi Aihole Bagalkot,36
21,The Great Durga Temple Aihole Bagalkot,36
22,The Huchhimalli Gudi in Sy.No 64 Aihole Bagalkot,36
23,Ishwar Aihole Bagalkot,36
24,Ishwarling Aihole Bagalkot,36
25,Ishwarling Aihole Bagalkot,36
26,Ishwarling Aihole Bagalkot,36
27,Ishwarling (no local name) Aihole Bagalkot 36 Sl.No. Name of the Monument / Site Locality District,36
28,The Jain Temple of Meguti Aihole Bagalkot,37
29,Jotirling Temple Aihole Bagalkot,37
30,Karegudi Aihole Bagalkot,37
31,Kintgudi Aihole Bagalkot,37
32,Maddingudi (Basavanna) Aihole Bagalkot,37
33,Maddingudi (Basavanna) Aihole Bagalkot,37
34,Yogi narayan Temple Aihole Bagalkot,37
35,Matha or Hall just behind the last without a Aihole Bagalkot shrine,37
36,Mena Basti (Jain Cave ) Aihole Bagalkot,37
37,"No name, but forms part of no.67 Aihole Bagalkot",37
38,No name close to no.99 Aihole Bagalkot,37
39,Rachigudi Aihole Bagalkot,37
40,Ramling Temple Aihole Bagalkot,37
41,Ravan Phadi (Brahmanical cave) Aihole Bagalkot,37
42,Small temple to south-west of the Great Aihole Bagalkot Durga Temple,37
43,Temple adjoining Konti Gudi on west side Aihole Bagalkot and inscription tablet within the temple,37
44,"The temple adjoining Konti Gudi on South- Aihole Bagalkot West side, known as Surang Gudi.",37
45,"Temple and adjoining smaller buildings in Aihole Bagalkot Survey No. 66, known as Jotirling.",37
46,Temple close beside last (The last two are in Aihole Bagalkot fields 1 or 285 or both),37
47,Temple in village close to that of LadKhan to Aihole Bagalkot its north-east corner,37
48,Temples in fields a short distance from the Aihole Bagalkot north-west corner of village,37
49,Temple in Survey No. 270 owned by Aihole Bagalkot Huchhappaya,37
50,The temple of Ladkhan Aihole Bagalkot,37
51,Temple on the north of the last Aihole Bagalkot,37
52,Temple with front white washed with a large Aihole Bagalkot Nandi in the Hall (about 100yards west of the south -west gate way of the town),37
53,Tryambakeshawar temple (black marble Aihole Bagalkot Ishwarling),37
54,The two- storied Jain temple and cave on hill Aihole Bagalkot under Meguti,37
55,Virbhadradever temple Aihole Bagalkot,37
56,Veniavar Gudi Aihole Bagalkot,37
57,Veniavar Gudi Aihole Bagalkot,37
58,VeniavarGudi Aihole Bagalkot,37
59,Yanniavar Gudi Aihole Bagalkot,37
60,Old Gate Amingad village Bagalkot,37
61,Stone bearing an Inscription Arshibidi (Gudur) Bagalkot,37
62,Stone bearing an Inscription Arshibidi (Gudur) Bagalkot,37
63,Stone bearing an Inscription Arshibidi (Gudur) Bagalkot,37
64,The Bhutnath group of temples on the east Badami Bagalkot margin of the tank,37
65,The group of temples on the north side of the Badami Bagalkot lake towards the east end 37 Sl.No. Name of the Monument / Site Locality District,37
66,"Lakutisa temple immediately behind the Badami Bagalkot Bhutnath group, containing a nude seated image in the shrine, broken across the body",38
67,The Jain and Vaishnava Caves Badami Bagalkot,38
68,"Large seated image, rock-cut, in a natural Badami Bagalkot cavern under the cliff to the south-east of the Bhutnath temples",38
69,Rock Shelter locally known as sidalephadi Badami Bagalkot together with adjacent land comprised in part of survey plot no.534,38
70,Sculptures on the Rock Behind the Above Badami Bagalkot,38
71,The south fort and the old gun Badami Bagalkot,38
72,Temple on the knoll under the bastion of the Badami Bagalkot north fort,38
73,The north fort and temples Badami Bagalkot,38
74,Hermitage in the natural cavern to the east of Badami Bagalkot the lake,38
75,The whole length of the remains of the Badami Bagalkot ancient Chalukyan City walls including moat and moat walls and all ancient gates and ancient dam forming the western boundary of the Bhutnath tank,38
76,Inscriptions Belur Bagalkot,38
77,Kalika Bhavani temple Bevoor Bagalkot,38
78,Narayandev temple Bevoor Bagalkot,38
79,Rameshwar temple Bevoor Bagalkot,38
80,Inscriptions Bhairanmatti Bagalkot,38
81,Old temple now partly buried to the right side Cholachgud Bagalkot of the main entrance to the modern Banshankri temple,38
82,Old temple with all adjacent ancient Cholachgud Bagalkot structures - gateways to the left side of the entrance to the modern Banshankri temple,38
83,Tank with colonnades at Banashankari Cholachgud Bagalkot,38
84,"An old Jain temple on top of a hill locally Hallur Bagalkot known as ""Melgudi""",38
85,"Vishveshwar temple in the village with two big Hallur Bagalkot "" Dwarpalas"" probably brought from some other temple and main entrance to the court yard.",38
86,Inscriptions Katgeri Bagalkot,38
87,Nagnath Temple in the Nagnath valley near Nagralsamat Bagalkot Shivayogamandir.,38
88,Inscriptions Nandikeshwar Bagalkot,38
89,Inscriptions Nandwadagi Bagalkot,38
90,Chandrashekhar temple near Sangmeshwar Pattadkal Bagalkot temple and towards its north,38
91,A Dolmen on the south side of the road Pattadkal Bagalkot leading from the village to Badami about a mile to the west.,38
92,Galganath temple on the north of Pattadkal Bagalkot Sangameshwar temple,38
93,The great temple of Virupaxa in use Pattadkal Bagalkot,38
94,The jain temple included in the mission area Pattadkal Bagalkot 38 Sl.No. Name of the Monument / Site Locality District about ¼ of a mile from the village on the west,38
95,Jambulinga temple on the west of Galganath. Pattadkal Bagalkot,39
96,Kadshiddeshwar temple to the north of the Pattadkal Bagalkot last named and on the outside of the north wall of the village,39
97,Kashi Vishveshwar temple close beside and Pattadkal Bagalkot on the north side of Malikarjuna's,39
98,Monolithic stone pillar bearing inscriptions Pattadkal Bagalkot,39
99,The temple of Malikarjuna close to and at the Pattadkal Bagalkot north-west corner of Virupaxa's,39
100,The temple of Papnath at the south-east Pattadkal Bagalkot corner of the village,39
101,The temple of Sangameshwar to the north of Pattadkal Bagalkot Virupaxa's,39
102,Western Chalukya inscription dated Shake Asundi Belagavi 1015 in the temple of Banshankari,39
103,"Two inscriptions of Ratta chieftains, one of Bailhongal Belagavi which is dated Shake 1086 in the old temple of Siva.",39
104,Kadamba inscription dated Kaliyuga 4282 Bailur Belagavi (lying in the village).,39
105,Old Jain temple outside the Commisariat Belagavi Fort Belagavi store yard but close to it.,39
106,Old Jain temple in the corner of the Belagavi Fort Belagavi Commisariat store yard.,39
107,Remains of an old Hindu temple near the Belagavi Fort Belagavi barracks.,39
108,Safa Masjid Belagavi Fort Belagavi,39
109,Fragment of a western Chalukya inscription Belavdi Belagavi of Shake 992 in the temple of Virbhadradev.,39
110,Kanarese or Telugu inscription of about the Degalavalli Belagavi 15th century in the old temple of Ishvar.,39
111,"Small old temple known as Bastigudi with Degaon Belagavi four Kadamba inscriptions, two of which are dated Kaliyuga 4275 (1174 A.D)",39
112,Two Kadamba inscriptions dated Kaliyuga Halshi Belagavi 4270 and 4272 in the temple of VarahNarsinh,39
113,"Group of temples at Halsi, (Suvarneshvara Halsi Belagavi Temple, Rameshvar Temple, Kalameshvara Temple and Bhu-Varaha Temple)",39
114,Ratta tablet dated Shake 1130 and 1178 in Hannikeri Belagavi the temple of Brahmadev,39
115,Temple of Panchlingdev outside the village Huli Belagavi,39
116,Inscriptions on two pillars in the above temple Huli Belagavi,39
117,Western Chalukya inscription of the time of Kadroli Belagavi Someshvardev II dated shake 997 in the temple of Shankardev,39
118,Ratta inscription dated Shake 1127 in an old Kalloli Belagavi Jain basti.,39
119,Kadamba inscription dated Kaliyuga 4289 in Kittur Belagavi the temple of Basava.,39
120,Three groups of Dolmens Konnur Belagavi 39 Sl.No. Name of the Monument / Site Locality District,39
121,Ratta inscription of Shake 1075 in the temple Konnur Belagavi of Mahalingeshvar.,40
122,Ratta inscription of Shake 1000 and 1043 in a Konnur Belagavi Jain temple in the village,40
123,Ruined temple of perhaps the 11th century Konnur Belagavi,40
124,Inscription against the wall of the temple of Manoli Belagavi Panchlingdev of the yadav king Singhana of Devgiri dated Shake 1145.,40
125,Inscription in the temple of Udachava of Manoli Fort Belagavi Khandhara or Krishna dated Shake 1174,40
126,Inscription of Sadashivdevraya of Vijayanagar Murgod Belagavi in the temple of Malikarjuna,40
127,An old and typical Jain temple in the Jungle Nandgad Belagavi with fine carving.,40
128,Inscription dated Shake 1141 of the time of Nesargi Belagavi the Ratta chieftain Kartavirya IV in the old temple of Basava.,40
129,Fragment of a Ratta tablet dated Shake 1168 Padli Belagavi in the temple of Narayandev,40
130,Jumma Masjid Sampgaon Belagavi,40
131,Ratta inscription dated Shake 971 and 1010 Saundatti Belagavi and a fragment of another dated Shake 970 in the temple of Ankuseshvar.,40
132,Two inscriptions dated respectively Shake Saundatti Belagavi 797 and 902 in the old Jain temple,40
133,A Silahara inscription of Shake 1078 in the Shedbal Belagavi temple of Basaveshvar,40
134,Ratta inscription at the water fall near the Sogal Belagavi temple of Someshvar dated Shake 902,40
135,"Vijayanagar inscription of Krishnaraya dated Ugargol Belagavi Shake 1436 in the temple of Yellamma, two miles from the village",40
136,Jain Temple of Mukteshvar Wakkund Belagavi,40
137,Banashankaridevi Amargol Dharwad,40
138,Shankar ling Amargol Dharwad,40
139,Shri Amrateshvar Annigeri Dharwad,40
140,The Two Fort Gates (inner and outer) Dharwad Dharwad,40
141,Basvanna Dev temple Tambur Dharwad,40
142,Chandramanleshvar Unkal Dharwad,40
143,Viragal on land of the Hatagara Mallaraya; Betigeri Gadag also inscribed memorial stones in a walled enclosure in the village. (The collection of stones sixteen in number and enclosed by a mud by wall locally known as Mallarayankatti),40
144,Dodbasappa Temple Dambal Gadag,40
145,Someshwar Temple Dambal Gadag,40
146,Sarasvati Temple Gadag Gadag,40
147,Someshvar Temple Gadag Gadag,40
148,The two stone inscriptions fixed in the wall of Hombal Gadag the Shankarling temple,40
149,Jain Basti Lakkundi Gadag,40
150,Kashivishveshvar Lakkundi Gadag,40
151,Kumbargeri ishvar Lakkundi Gadag,40
152,Mankeshvar at Muskinbhanvi Lakkundi Gadag 40 Sl.No. Name of the Monument / Site Locality District,40
153,Muskin Bhanvi Lakkundi Gadag,41
154,Nagnath near The Jain Temple Lakkundi Gadag,41
155,Naneshvar Lakkundi Gadag,41
156,The stone inscription in side Shankarling Nargund Gadag temple,41
157,Kalmeshvar Balambid Haveri,41
158,Nagareshwra temple or Aravattukambhad Bankapur Haveri Gudi,41
159,Muktheshvar Chavadadanapur Haveri,41
160,Galageshvar Galagnath Haveri,41
161,Old ruined temple between the fort and tank Hangal Haveri with the two sides of a very finely sculptured doorway partly buried in accumulated earth,41
162,Tarakeshvar Hangal Haveri,41
163,Virabhadra Temple in Hangal Fort Hangal Haveri,41
164,Kaleshwar temple to the north of Someshwar Haralhalli Haveri temple,41
165,Someshvar Temple Harlahalli Haveri,41
166,Shiddeshvar Temple Haveri Haveri,41
167,Temple of Sarveshvar Naregal Haveri,41
168,Kadambeshvar Temple Rattihalli Haveri,41
169,Inscriptions in the Markandeshwar Temple Bailur Uttar Kannada,41
170,Carved bed stead of stone existing in a small Banavasi Uttar Kannada chamber in the south side of the compound of Madhukeshwar Temple,41
171,Madhukeshwar Temple Banavasi Uttar Kannada,41
172,Inscriptions in Madhukeshwar Temple Banavasi Uttar Kannada,41
173,Stones (Viragals) Bedkani Uttar Kannada,41
174,Adke Narayan Devasthan and 2 Others Bhatkal Uttar Kannada (i) Virupaksha Devasthan (ii) Venkatraman Devasthan,41
175,Jattappa Naikan Chandra Natheshwar Basti Bhatkal Uttar Kannada,41
176,Joshi Shakar Narayan Devashtan Bhatkal Uttar Kannada,41
177,Ketpai Narayan Devasthan Bhatkal Uttar Kannada,41
178,Lakars Kamati Narayan Devasthan Bhatkal Uttar Kannada,41
179,Narsinha Devasthan Bhatkal Uttar Kannada,41
180,Paraswanatheshwar Basti Bhatkal Uttar Kannada,41
181,Raghunath Devasthan Bhatkal Uttar Kannada,41
182,Santappa Naik Tirumal Devasthan Bhatkal Uttar Kannada,41
183,Three European Graves Bhatkal Uttar Kannada,41
184,Inscriptions Bilgi Uttar Kannada,41
185,The Jain Basti of Parashwanath Bilgi Uttar Kannada,41
186,"A small deserted temple dedicated to Siva, Bilgi Uttar Kannada on the east of the river.",41
187,Virupaksh Temple Bilgi Uttar Kannada,41
188,"Virabhadraswami temple together with Gudnapur Uttar Kannada sculptures and inscribed pillar comprising in part of Gramatana, Survey nos.76/1,76/2,76/3,76/4 and part of Survey number1,2.",41
189,Basti Chandranath Deva Hadvalli Uttar Kannada,41
190,Carved stones near the temple of the Gram Hosur Uttar Kannada 41 Sl.No. Name of the Monument / Site Locality District deva,41
191,The Figure of a Tiger opposite the English Kumta Uttar Kannada School,42
192,Tombs on the right side of the Manki Kumta Kumta Uttar Kannada road,42
193,Fort Mirjan Uttar Kannada,42
194,Chaturmukh Basti Nagarbasti Keri or Uttar Kannada Gersappa,42
195,Inscriptions Nagarbasti Keri or Uttar Kannada Gersappa,42
196,Vardhaman swami Temple Nagarbasti Keri or Uttar Kannada Gersappa,42
197,Virbhadra Temple Nagarbasti Keri or Uttar Kannada Gersappa,42
198,"Temple of Shiva, Somasagar Somasagar Uttar Kannada",42
199,The King's Seat Sonda Uttar Kannada,42
200,"Temple closes to, and to the south of, the Sonda Uttar Kannada King’s seat at Sonda",42
201,Ancient Hindu temple of Shri Dattatraya Chattarki(Gaotha) Vijayapura,42
202,Inscriptions Hippargi Vijayapura,42
203,Masjid in the Village site Khatijapur Vijayapura,42
204,All (four) water pavilions Kumatgi Vijayapura,42
205,Water pavilion in Survey No. 318 Kumatgi Vijayapura,42
206,The Badi Kaman including ancient arcades to Mahal Bagayat Vijayapura its east and west sides as well as those recentely discovered and running on either side of the road from Monument (Badi Kaman) to Mustafa Khan’s Masjid,42
207,Small masjid near Afzul Khan's wives’ tombs MahalBagayat Vijayapura,42
208,Fort Walls Navraspur Vijayapura,42
209,Shankarling temple including inscriptions Nimbal Vijayapura,42
210,Shri Ramdev Temple with its compound and Talikot village Vijayapura well,42
211,"Aqueduct running from Bhat Bavdi, S.W. of Torvi and Vijayapura Torvi village to theTaj Bavdi at Vijayapura Vijayapura",42
212,Mahal at Ainapur in field Vijayapura Vijayapura,42
213,Afzulkhan’s wives’ tombs Vijayapura Vijayapura,42
214,Afzulkhan's Cenotaph Vijayapura Vijayapura,42
215,Ain-ul-mulk's tomb Vijayapura Vijayapura,42
216,Ali I Rauza Vijayapura Vijayapura,42
217,Ali II Rouza Vijayapura Vijayapura,42
218,Alli Shahid Pir's Masjid Vijayapura Vijayapura,42
219,All old guns on ramparts and in trophy Vijayapura Vijayapura,42
220,The Ambar Kana Vijayapura Vijayapura,42
221,The Andu Masjid Vijayapura Vijayapura,42
222,Asar Mahal Vijayapura Vijayapura,42
223,Batula Khan’s Masjid Vijayapura Vijayapura,42
224,Bukhari Masjid Vijayapura Vijayapura,42
225,The Chand Bavri Vijayapura Vijayapura,42
226,Chhoti Asar Mosque Vijayapura Vijayapura,42
227,Chinch Didi Masjid Vijayapura Vijayapura,42
228,Dakhani Idgah Vijayapura Vijayapura 42 Sl.No. Name of the Monument / Site Locality District,42
229,"The dam of the Ramling Tank of length about Vijayapura Vijayapura 1,419 yards with a space of 15 feet along the base of it inside the dry tank, two outlets, masonry water channel running at right angles to the dam to the north with 8 feet clear space on either side of it, and the adjoining gateway at the extreme east-end.",43
230,The Gagan Mahal Vijayapura Vijayapura,43
231,Dhaiwadi Masjid near Allapur gate Vijayapura Vijayapura,43
232,The gates and walls of city & citadels Vijayapura Vijayapura,43
233,The Gol Gumbaz Vijayapura Vijayapura,43
234,The Grave of Aurangzaeb's wife in The Vijayapura Vijayapura Navbag.,43
235,The Green Stone Tomb Vijayapura Vijayapura,43
236,The Gumat Baori Vijayapura Vijayapura,43
237,Haji Hasan Saheb's tomb Vijayapura Vijayapura,43
238,Hasan Guljar's tomb with marble tomb stone Vijayapura Vijayapura near Ramling Tank,43
239,Hyder (Upli) Buruj Vijayapura Vijayapura,43
240,Hyderkhan's Tomb Vijayapura Vijayapura,43
241,Ibrahim I Jami Masjid Vijayapura Vijayapura,43
242,Ikhalas Khan's Mosque Vijayapura Vijayapura,43
243,Jahan Begam’s Tomb Vijayapura Vijayapura,43
244,The Jalamandir Vijayapura Vijayapura,43
245,The Jod Gumbaz Vijayapura Vijayapura,43
246,The Juma Masjid Vijayapura Vijayapura,43
247,The Kamarkhi Gumbaz Vijayapura Vijayapura,43
248,The Ibrahim Rouza Vijayapura Vijayapura,43
249,Karim-Uddin's Mosque Vijayapura Vijayapura,43
250,The Makka Masjid Vijayapura Vijayapura,43
251,The Mihtari Mahal Vijayapura Vijayapura,43
252,The Moats of the City wall Vijayapura Vijayapura,43
253,The Mosque at the Gol Gumbaz Vijayapura Vijayapura,43
254,Mosque No 21 behind the Chanda Bavri Vijayapura Vijayapura,43
255,Mosque No 213 Vijayapura Vijayapura,43
256,Mosque No 366 Vijayapura Vijayapura,43
257,Moti Darga Vijayapura Vijayapura,43
258,The Mubarak-Khan's Mahal Vijayapura Vijayapura,43
259,The Mulla Mosque Vijayapura Vijayapura,43
260,Mustafa Khan's Mosque Vijayapura Vijayapura,43
261,Nan Gumbaz Vijayapura Vijayapura,43
262,Nitya Navari tomb and Masjid near Moti Vijayapura Vijayapura Masjid,43
263,Old Mosque No 294 Vijayapura Vijayapura,43
264,A Ruined gateway with inscription slab no. Vijayapura Vijayapura 127,43
265,The Sat Mazli Vijayapura Vijayapura,43
266,Shaha Navazkhan's tomb Vijayapura Vijayapura,43
267,Shikandar Shah's Tomb Vijayapura Vijayapura,43
268,The Small pavilion in front of The Arash Vijayapura Vijayapura Mahal 43 Sl.No. Name of the Monument / Site Locality District,43
269,A Small Tomb No 47 Vijayapura Vijayapura,44
270,The Sonheri Masjid Vijayapura Vijayapura,44
271,Tomb of Pir Shaikh Hamid Khadir Vijayapura Vijayapura,44
272,Tomb No 22 on the western bank of Vijayapura Vijayapura Chandabavdi,44
273,Tomb No 48 Vijayapura Vijayapura,44
274,The two different moats of the citadel locally Vijayapura Vijayapura known as Arquilla,44
275,The Water Pavilions Vijayapura Vijayapura,44
276,Water pavilion to the south of the church in Vijayapura Vijayapura the arquilla,44
277,"Water towers Nos. 61, 67, 91, 114, 115, 142, Vijayapura Vijayapura 147, 286 and 289",44
278,Well at Ibrahimpur Vijayapura Vijayapura,44
279,Yakub Dabuli's Mosque and tomb No. 204 Vijayapura Vijayapura,44
280,Yasuf's old Jami Masjid Vijayapura Vijayapura,44
281,The Zanjiri or Malik Jahan Begam's Mosque Vijayapura Vijayapura,44
282,The Sangat and Nari Mahals at Torweh Vijayapura Vijayapura Hampi Circle Sl.No. Name of the Monument / Site Locality District,44
1,Kalleswara Swami Temple Ambali Bellary,44
2,Hampi Ruins and Ananthasayana Temple Ananthasayanagudi Bellary,44
3,Kalleswara Swami Temple Anguru Bellary,44
4,Tipu Sultan's Upper Fort and Citadel and Bellary Bellary Nagalacheruva,44
5,Group of Jain Temples on the Hemakutahill Hampi Bellary,44
6,Kadalekalu Ganesa Temple Hampi Bellary,44
7,Monolithic Bull Hampi Bellary,44
8,Sasvikal Ganesa Temple Hampi Bellary,44
9,Vishnupad Temple Hampi Bellary,44
10,Virupaksha Temple and Bazar Hampi Bellary,44
11,Kalleswara Swami Temple Hire-Hyadagalli Bellary,44
12,Kalleswara Swami Temple Huvina Hadagalli Bellary,44
13,Band tower in Danniak's enclosure Kamalapuram Bellary,44
14,Basement of a Large Ruined building Kamalapuram Bellary opposite to Muhammadan Mosque and also the Platform Northeast of Dannlak's enclosure,44
15,Basement of a Palace near small Kamalapuram Bellary underground shrine chamber,44
16,Basement of a Palace in Dannaika's Kamalapuram Bellary enclosure,44
17,Basement of Queen's Palace in Zanana Kamalapuram Bellary enclosure,44
18,Bhima's Gateway to East of Ganigiti Jain Kamalapuram Bellary Temple 44 Sl.No. Name of the Monument / Site Locality District,44
19,Bhojansala of Pilgrims Feeding Place near Kamalapuram Bellary the Octagonal Pavilion on the Hampiroad,45
20,Chanderasekara Temple Kamalapuram Bellary,45
21,Domed Gateway to the East of the Citadel Kamalapuram Bellary,45
22,(i) Elephant's Stable Kamalapuram Bellary (ii) Guards House close to Elephant's Stable,45
23,(i) Hazara Ramachandra Temple Kamalapuram Bellary (ii) Basement of King's Audience Hall (iii) Throne Platform,45
24,Jain temple with inscriptions North East of Kamalapuram Bellary Elephant's Stable,45
25,Gnanagitte Jaina Temple Kamalapuram Bellary,45
26,Large Public Bath or Tank Kamalapuram Bellary,45
27,"(i) Large Stone Trough, Kamalapuram Bellary (ii) Large Stone Door (iii) Stone Aqueduct & Small Underground Shrine Chamber",45
28,Large Underground Temple Kamalapuram Bellary,45
29,Lotus Mahal Pavilion Kamalapuram Bellary,45
30,Mosque in Dannaik's enclosure Kamalapuram Bellary,45
31,Muhammadan tomb & Dargah on the Road to Kamalapuram Bellary Hospet from Kamalapuram,45
32,Muhammadan Watch tower in Dannaik's Kamalapuram Bellary Enclosure,45
33,North Watch Tower in the Zenana Enclosure Kamalapuram Bellary,45
34,Octagonal Bath Kamalapuram Bellary,45
35,Octagonal Water Pavilion Kamalapuram Bellary,45
36,Old Water Supply Scheme Kamalapuram Bellary,45
37,Pattabhirama Temple Kamalapuram Bellary,45
38,Queen's Bath Kamalapuram Bellary,45
39,Ruined Bulidings of Minor Importance Kamalapuram Bellary,45
40,Ruined Car Street in Front of Hasara Rama Kamalapuram Bellary Temple,45
41,Ruined Tank to Northeast of Pattabhirama Kamalapuram Bellary Temple,45
42,Southeast Watch tower in Zenana Enclosre Kamalapuram Bellary,45
43,Two Pillars and Group of Mortar Wheels Kamalapuram Bellary Outside Zenana Enclosure,45
44,Two small Siva Temples with inscriptions to Kamalapuram Bellary the east of Pattabhirama Temple,45
45,(i) Water Pavilion in Zenana Enclosure Kamalapuram Bellary (ii) Guards House in Zenana Enclosure (iii) Walls and Gateways of the Zenana Enclosure (iv) Ranga Temple,45
46,Water Tower of the city of Vijayanagar Kamalapuram Bellary,45
47,Group of Sati Memorials & Isnidikeswara Kederampura Bellary 45 Sl.No. Name of the Monument / Site Locality District Temple,45
48,Saraswati Temple Kederampura Bellary,46
49,Krishna Temple Krishnapuram Bellary,46
50,Linga Temple near Narsimha Statue Krishnapuram Bellary Badavilinga Temple,46
51,Narasimha Statue Krishnapuram Bellary,46
52,Prehistoric Anthropomorphic Figure Kumati Bellary,46
53,Mallikarjuna Temple Kuruvatti Bellary,46
54,Suryanarayana Temple Magala Bellary,46
55,Kalleswarswamy Temple Mailara Bellary,46
56,Soolai Well Malapannanagudi Bellary,46
57,Inscriptions of Ashoka (Rock Edicts) Nittur Bellary,46
58,Narasimha Swami Temple Rangapuram Bellary,46
59,Parvati & Kartikeya Temples Sandur Bellary,46
60,Saraswathy Temple Singanathana Halli Bellary,46
61,Gopala Krishnaswami Temple Thimmalapur Bellary,46
62,Siva's Temple Thimmalapur Bellary,46
63,Ashokan Inscriptions (Rock Edicts) Udeogolam Bellary,46
64,Achyutaraya (Triuvengalantha) Temple Venkatapuram Bellary,46
65,Fort Gateway on the Talarigattu Road Venkatapuram Bellary,46
66,Inscribed Vishnu Temple near Vitthala Venkatapuram Bellary Temple,46
67,Jain Temple on the Hillside close to Vishnu Venkatapuram Bellary Temple,46
68,Mandapa in a Field close to Talarigattu Road Venkatapuram Bellary,46
69,Raghunatha Swami Temple Venkatapuram Bellary,46
70,Ruined Tank Adjoining the Soolai Bazaar Venkatapuram Bellary,46
71,Two Storeyed Mandapa Venkatapuram Bellary,46
72,Vishnu Temple No.I close to north end of Venkatapuram Bellary Soolai Bazaar,46
73,Vishnu Temple No.II close to the last Venkatapuram Bellary,46
74,Vishnu Temple No.III facing South Gateway Venkatapuram Bellary of Vittala Temple,46
75,"(i) Vittala Temple, Venkatapuram Bellary (ii) King's Balance (iii) Old Siva Temple on the North-East side of Vittala Temple (iv) Ruined Gateway with Lofty Pillars to the West of Vittala Tempe",46
76,Baihmani Tombs Ashtur Bidar,46
77,Barid Shahi Tombs Bidar Bidar,46
78,Bidar Fort Bidar Bidar,46
79,Madrasa Mahmud Gawan Bidar Bidar,46
80,Gulbargo Fort and Great Mosque in the fort Kalaburagi Kalaburagi,46
81,Hafth Gumbad Tomb of Firoz shah Kalaburagi Kalaburagi 46 Sl.No. Name of the Monument / Site Locality District,46
82,Ancient excavated site containing remains of Kanaganahali Kalaburagi Buddhist stupa,47
83,Ancient Site Udchan(Also known Kalaburagi as Urchan),47
84,Pre-Historic Site Hirebenakal Koppal (benkal),47
85,Mahadev Temple Ittagi Koppal,47
86,Ancient Mound Koppal Koppal,47
87,Rock edicts of Asoka on two hillocks known Koppal Koppal as Gavimath and Palkigundu,47
88,Ancient Mound Maski Raichur,47
89,Maski Asokan Edict Maski Raichur,47
90,Pre-Historic Site Evathalli Yadagir (Vibhutihalli),47
91,Pre-Historic Site Rajankallur Yadagir,47
13,List of Centrally Protected Monuments / Sites under the jurisdiction of Kerala (Thrissur Circle) Sl.No. Name of the Monument / Site Locality District,47
1,Mural Paintings (16-17th Century) on the Kochi Ernakulam walls of the Mattanchery Palace,47
2,St. Francis Church Kochi Ernakulam,47
3,Fort St. Angelo Kannur Kannur,47
4,Tellicherry Fort Thalassery Kannur,47
5,Bekal Fort Pallikere Kasargod,47
6,Palghat (Palakkad) Fort (Yakkaradesam) Palakkad Palakkad,47
7,Siva temple at Netrimangalam Pattambi Palakkad,47
8,Remains of fort Thangassery Kollam,47
9,Anjengo Fort Anjengo Thiruvananthapu- (Anchuthengu) ram,47
10,"Temples of Parasurama, Brahma, Siva and Tiruvallam Thiruvananthapu- Matsya together with adjacent land ram comprised in survey plot nos. 44/1A and 44/1B",47
11,"Rock cut cave together with adjacent area Vizhinjam Thiruvananthapu- comprised in survey plot nos. 402/10A-36/6 ram and 402/10A-35/7, 35/8",47
12,"Siva templecomplex together with adjacent Chemmanthitta Thrissur area comprised in survey plot nos. 131/6,132/1,132/2,133/2 and part of survey plot no. 134/1",47
13,29 Wooden Bracket Images on the outer wall Kadavallur Thrissur of the Srikoil of the Vishnu Temple at Kadavallur and other works of art in the same shrine 47 Sl.No. Name of the Monument / Site Locality District,47
14,"Siva Temple complex, Peruvanam together Peruvanam Thrissur with adjacent area comprised in survey plot no. 71 and part of survey plot nos. 55, 59/1, 60, 63, 64, 68, 80, 81 of village Urakam and survey plot nos.1/2, 2/1 and part of survey plot nos. 1/1 and 4/2 of village Cherpu",48
15,Mural Paintings (16th-17th century A.D.) on Thiruvanchikulam Thrissur the walls of the Siva temple of 10th-11th Century A.D.,48
16,Mural paintings on the walls of Sriramaswami Triprayar Thrissur temple at Triprayar,48
17,Siva Temple Complex Pallimannah Thrissur,48
18,Mural paintings (16-17th cent AD.) on the Thrissur Thrissur walls of Ten-Kailasanatha (Vadakkunnatha)Temple,48
19,"Ariyannur Umbrellas, a Prehistoric Site Ariyannur Thrissur consisting of seven of more Kudakals or Umbrella Stones",48
20,"Kudakkalluparambu, a Prehistoric Site Cheramangad Thrissur consisting of 50-60 Kudakals or Umbrella Monuments",48
21,Burial Cave of Chovannur Chovannur Thrissur,48
22,Burial Caveof Eyyal Eyyal Thrissur,48
23,Burial Cave of Kandanassery Kandanassery Thrissur,48
24,Burial Cave of Kattakampal Kattakampal Thrissur,48
25,Burial Cave of Kakkad Kakkad Thrissur,48
26,Siva Temple Avittathur Thrissur,48
27,Jain temple Kidanganad Wayanad,48
28,Vishnu Temple (Vishnugudi) Nadavayal Village Wayanad,48
29,Janardana Temple Mananthavadi Wayanad 48,48
14,List of Centrally Protected Monuments / Sites under the jurisdiction of Ladakh (U.T.) (Leh Mini-Circle) Sl.No. Name of the Monument / Site Locality District,49
1,Rock cut Four Armed Bodhi Satava Mulbekh Kargil,49
2,Sculpture at Drass Drass Kargil,49
3,Buddhist Monastery Lamayuru Leh,49
4,Buddhist Monastery Lakir Leh,49
5,Buddhist Monasteries Alchi Leh,49
6,Buddhist Gumpha Phyang Leh,49
7,Ancient Palace at Leh Leh Leh,49
8,Old Castle (Tsemo Hill) Leh Leh,49
9,Stupa Tiserru Shestang Leh,49
10,Ancient Palace including Shrine Shey Leh,49
11,Hamis Gumpha Hemis Leh,49
12,Ancient Gumpha Thiksey Leh,49
13,Shrine of four Lords Gon-Khang (Tsemo Hill) Leh Leh,49
14,Ancient Gonpa Complex Wanla Leh,49
15,Rangdum Monastery (Shadup Rangdum Kargil Dzamlinggyan) 49,49
15,List of Centrally Protected Monuments / Sites under the jurisdiction of Madhya Pradesh (Bhopal Circle and Jabalpur Circle) Bhopal Circle Sl.No. Name of the Monument / Site Locality District,50
1,Jain Temples 1 to 5 Budhichan-deri Ashok Nagar,50
2,Bada Madarasa Chanderi Ashok Nagar,50
3,Badal Mahal gateway Chanderi Ashok Nagar,50
4,Battisi Baodi Chanderi Ashok Nagar,50
5,Chanderi Fort Chanderi Ashok Nagar,50
6,Jama Masjid Chanderi Ashok Nagar,50
7,Kati Ghati Chanderi Ashok Nagar,50
8,Koshak Mahal Chanderi Ashok Nagar,50
9,Nizam-ud-din's family Tomb Chanderi Ashok Nagar,50
10,Shahjadi ka Roza Chanderi Ashok Nagar,50
11,Monastery Kadwaha Ashok Nagar,50
12,Temples 2 to 7 Kadwaha Ashok Nagar,50
13,Andhakuan Group of Temples Thoban Ashok Nagar,50
14,Gargaj and Mahadev Ghat Group of Temples Thoban Ashok Nagar,50
15,Hanuman Marhi Group of Temples Thoban Ashok Nagar,50
16,Hori Ki Marhia Group of Temples Thoban Ashok Nagar,50
17,Kuti Group of Temples Thoban Ashok Nagar,50
18,Sitamarhi Group of Temple Thoban Ashok Nagar,50
19,Fort Ater Bhind,50
20,Brick Temples (two) Kherat Bhind,50
21,Open Air Museum Kherat Bhind,50
22,Kamlapati Mahal and adjoining area Bhopal Bhopal,50
23,Ahukhana site and the compound wall and Ahukhana Burhanpur the pavilion and tank,50
24,"Idgah, front wall with open platform Asirgarh Burhanpur",50
25,Mahadeo Temple with its compound near the Asirgarh Burhanpur inspection Bunglow 50 Sl.No. Name of the Monument / Site Locality District,50
26,"The whole fort , including all the walls, Sat Asirgarh Burhanpur Darwaza, the mosque and temple inside",51
27,Tomb of Shah Numa Asirgarh Burhanpur,51
28,Bibi Sahib's Masjid Burhanpur Burhanpur,51
29,"Churiwalonki Masjid, outside the Itwara gate, Burhanpur Burhanpur the Burhanpur city",51
30,Dome of Adil Shah Faruki Burhanpur Burhanpur,51
31,Dome of Shah Nawaz Khan Burhanpur Burhanpur,51
32,Raja's Chhatri near Bordha Ghat at Burhanpur Burhanpur Burhanpur,51
33,The palace situated in the fort Burhanpur Burhanpur,51
34,Tomb of Nadir Shah Burhanpur Burhanpur,51
35,Tomb of Shah Shuja Burhanpur Burhanpur,51
36,Hammam Khana Chowk Mohalla Burhanpur,51
37,Mahal Gurara palaces or building on both Mahal Gurara Burhanpur sides of the Gurara river and two masonry dams in the river,51
38,Temple of the Chandella period built mostly Bharauli Datia of Granite,51
39,Bir Singh Palace Datia Datia,51
40,Rock inscription of Asoka Gujjara Datia,51
41,Sidheshwar Temple Nemawar Dewas,51
42,Unfinished Temple Nemawar Dewas,51
43,Buddhist caves 1 to 7 Bagh Dhar,51
44,Bhojshala and Kamal Maula's mosque Dhar Dhar,51
45,Lat ki masjid Dhar Dhar,51
46,Alamgir Gate Mandu Dhar,51
47,Ancient Hindu Baodi Mandu Dhar,51
48,Andheri Baodi Mandu Dhar,51
49,Ashrafi Mahal Mandu Dhar,51
50,"Baz Bahadur""s Palace Mandu Dhar",51
51,Bhagwania Gate Mandu Dhar,51
52,Bhangi Gate Mandu Dhar,51
53,Caravan Sarai Mandu Dhar,51
54,Champa Baodi Mandu Dhar,51
55,"Chistikhan""s Mahal Mandu Dhar",51
56,Chor Kot Mandu Dhar,51
57,Chorkot Mosque Mandu Dhar,51
58,Daika Mahal Mandu Dhar,51
59,Daike Chhoti Behen ka Mahal Mandu Dhar,51
60,"Darya Khan""s Tomb Mandu Dhar",51
61,Delhi Gate Mandu Dhar,51
62,Dharmashalla Mandu Dhar,51
63,Dilawarkhan's Mosque Mandu Dhar,51
64,Ek-khamba Mahal Mandu Dhar,51
65,Gada Shah Palace Mandu Dhar,51
66,Gada Shah Shop Mandu Dhar,51
67,Gadi Darwaza Mandu Dhar,51
68,Hammam Mandu Dhar,51
69,Hathi Gate Mandu Dhar 51 Sl.No. Name of the Monument / Site Locality District,51
70,Hathi Mahal Mandu Dhar,52
71,Hindola Mahal Mandu Dhar,52
72,Hoshang’s tomb Mandu Dhar,52
73,Jahangirupur gate Mandu Dhar,52
74,Jahaz Mahal Mandu Dhar,52
75,Jali Mahal Mandu Dhar,52
76,Jama Masjid Mandu Dhar,52
77,Kapoor Talao and the ruins on its bank Mandu Dhar,52
78,Lal Bag Mandu Dhar,52
79,Lal bungalow Mandu Dhar,52
80,Lohani caves Mandu Dhar,52
81,Lohani Gate Mandu Dhar,52
82,Mahmud's tomb Mandu Dhar,52
83,Malik Moghi's Tomb Mandu Dhar,52
84,Mosque near Sopi tank Mandu Dhar,52
85,Mosque near Tarapur Gate Mandu Dhar,52
86,Mosque noth-west of Darya Khan's Tomb Mandu Dhar,52
87,Nahar Jharoka Mandu Dhar,52
88,Nahar Jharokha compound Mandu Dhar,52
89,Nameless Tomb Mandu Dhar,52
90,Neelkanth Mandu Dhar,52
91,Rampol gate and the mosque opposite to it Mandu Dhar,52
92,Roopmati Pavilion Mandu Dhar,52
93,Royal palace Mandu Dhar,52
94,Ruins on the west of Rewa Kund Mandu Dhar,52
95,Sat Kothari cave Mandu Dhar,52
96,Somati kund Mandu Dhar,52
97,Songarh Gate Mandu Dhar,52
98,Tarapur Gate Mandu Dhar,52
99,Taveli Mahal Mandu Dhar,52
100,Tomb and mosque attached Mandu Dhar,52
101,Tomb north of Alamgir gate Mandu Dhar,52
102,Tomb north of Daryakhan's tomb Mandu Dhar,52
103,Tower of Victory Mandu Dhar,52
104,Tripolia gate Mandu Dhar,52
105,Ujali Baodi Mandu Dhar,52
106,Water Palace Mandu Dhar,52
107,Water Palace Sadalpur Dhar,52
108,Rock cut temple Wasvi Dhar,52
109,Mahadeva Temple Amrol Gwalior,52
110,Tomb of Abul Fazal Antri Gwalior,52
111,Tomb of Mohammad Ghaus Ghauspura Gwalior,52
112,"Gwalior fort: (i) Bada Mahal or Hindola gate, Gwalior Gwalior (ii) Gwalior or Alamgir gate, (iii) Ganesha gate, (iv) Chaturbhuj temple, (v) Lakshman gate, (vi) Mansingh Palace, (vii) Rock cut Jain colossi, (viii) Sas Bahu Temple, (ix) Teli ka Mandir, (x) Urwai gate",52
113,"Tomb of Tansen and two Mosque,s Gwalior Gwalior 52 Sl.No. Name of the Monument / Site Locality District",52
114,Ancient Site Pawaya Gwalior,53
115,Tila Monument Pawaya Gwalior,53
116,Old Mughal Fort Joga Harda,53
117,Amleshwar alias Mamleshwar group of Godadpura Khandwa temples including Kleshwar temple (Onkar Mandhata),53
118,Chaubis Avtar Temple with its content Mandhata Khandwa,53
119,Chandsuraj Gateway Mandhata Khandwa,53
120,Siddhesvara or Siddhnath Temple Mandhata Khandwa,53
121,Excavated site Kasrawad Khargone,53
122,Chaubara Dera Khargone Khargone,53
123,Jain temple 1 to 3 Khargone Khargone,53
124,Temples of Mahakaleshwar 1 and 2 Khargone Khargone,53
125,Temple of Nilkanteshwar Khargone Khargone,53
126,An old sarai Raverkhedi Khargone,53
127,Brindaban dedicated to the memory of Raverkhedi Khargone Shrimant Baji Rao Peshwa,53
128,Main gate and remaining portion of the Raverkhedi Khargone Preshwa residence or fortress,53
129,The Chatri inside the sarai Raverkhedi Khargone,53
130,Pre-historic painted rock shelters Bhanpura Mandsaur Chaturbhuja Nala,53
131,Pre-historic painted rock shelters Sita Khardi Bhanpura Mandsaur,53
132,Brahmanical rockcut temple Dhamnar Mandsaur,53
133,Buddhist caves No. 1 to 51 Dhamnar Mandsaur,53
134,Yasodharman Pillar or Victory Sondhani Mandsaur,53
135,Ekattarso Mahadeva Temple Mitaoli Morena,53
136,Temples 1 to 22 Naresar Morena,53
137,Gadhi Padhavali Morena,53
138,Group of temples at Batesar Padhavali Morena,53
139,Temple Padhavali Morena,53
140,Kakanmath Temple Suhania Morena,53
141,Nau Toran Temple Khor Nimach,53
142,Buddhist stupas and remains Andher (Bawalia & Raisen Hakeemkhedi),53
143,"Pre-historic rock shelters with paintings Bhaianpura, Raisen comprising of Tajpura, Bineka, Bhimbetka, Amchha Khurd, Lakhajuar East and Lakhajuhar West groups Amchha Kalam, Kasolwara, Gotampur, Borda, Bineka, Tajpura",53
144,"(i) Savite Temple Bhojpur Raisen (ii) Ancient remains, rock engraving",53
145,Buddhist stupas Murelkhurd Raisen,53
146,Stupas and other remains at Satdhara Murlikhedi Raisen,53
147,Fort Raisen Raisen,53
148,Buddhist monuments Sanchi Raisen,53
149,Buddhist stupas together with the adjacent Sonari Raisen land,53
150,Saru-Maru monastic complex alongwith Panguraria Sehore comprised area,53
151,"Painted rock shelters, two Buddhist stupas Talpura Sehore and other remains 53 Sl.No. Name of the Monument / Site Locality District",53
152,Large Siva Temple Mahua Shivpuri,54
153,Small Siva Temple Mahua Shivpuri,54
154,Monastery Ranod Shivpuri,54
155,Town hall alias Gandhi Bhavan Shivpuri Shivpuri,54
156,Monastery Surwaya Shivpuri,54
157,Open Air Museum Surwaya Shivpuri,54
158,Siva Temple Surwaya Shivpuri,54
159,Surwaya Gadhi Surwaya Shivpuri,54
160,Mohajamata temple Terahi Shivpuri,54
161,Monastery Terahi Shivpuri,54
162,Toran gate Terahi Shivpuri,54
163,Ancient Mound Bhairogarh Ujjain,54
164,Ancient Mound (Vaishya Tekri) Undasa Ujjain,54
165,Ancient Mound (Kumbhar Tekri) Undasa Ujjain,54
166,Dashavatara Temple Badoh Vidisha,54
167,Gadarmal Temple Badoh Vidisha,54
168,Jain Temple Badoh Vidisha,54
169,Ancient site Besnagar Vidisha,54
170,Khamb Baba (Heliodoras Pillar) Besnagar Vidisha,54
171,Bijamandal Mosque Bhilsa Vidisha,54
172,Lohangi Hill Capital Bhilsa Vidisha,54
173,Athakhamba Gyaraspur Vidisha,54
174,Bajramath Gyaraspur Vidisha,54
175,Buddhist stupa Gyaraspur Vidisha,54
176,Hindola Torana Gyaraspur Vidisha,54
177,Maladevi Temple Gyaraspur Vidisha,54
178,Bhimgaja Pathari Vidisha,54
179,Caves Pathari Vidisha,54
180,Bara Khambi Udaypur Vidisha,54
181,Caves 1 to 20 Udaygiri Vidisha,54
182,Ruins of Gupta temple Udaygiri Vidisha,54
183,Udayeshwar Mahadeva Temple Udaypur Vidisha Jabalpur Circle Sl.No. Name of the Monument / Site Locality District,54
1,Caves bearing inscriptions of 1st century AD Silhara Annupur,54
2,Karan Temple Amarkantak Anuppur,54
3,Siva Temple Amarkantak Anuppur,54
4,Temple of Patalesvara Amarkantak Anuppur,54
5,Temples Baihar Balaghat,54
6,Fort Garhi Balaghat,54
7,Temple of Kotesvara (Mahadeo and Kashitola Balaghat Hanuman),54
8,Old Fort Lanji Balaghat,54
9,An old temple within the limits of Piparwara Raigarh Balaghat forest village,54
10,The old fortress which contains 53 images of Sonkhar Balaghat stones called Sada Bhada 54 Sl.No. Name of the Monument / Site Locality District,54
11,Bijamandal mound Jatkara Chhatarpur,55
12,Adinatha Temple Khajuraho Chhatarpur,55
13,Brahman Temple Khajuraho Chhatarpur,55
14,Chausath Jogini Temple Khajuraho Chhatarpur,55
15,"Chitragupta or Bharatji""sTemple Khajuraho Chhatarpur",55
16,Chopra of Square Tank Khajuraho Chhatarpur,55
17,Colossal statue of Shri Hanuman Khajuraho Chhatarpur,55
18,Devi Jagadambi Temple Khajuraho Chhatarpur,55
19,Duladeo Temple Khajuraho Chhatarpur,55
20,Ghantai Temple Khajuraho Chhatarpur,55
21,Jatakari or Chatrubhuj Temple Khajuraho Chhatarpur,55
22,Javari Temple Khajuraho Chhatarpur,55
23,Kakra Math Khajuraho Chhatarpur,55
24,Kandariya Temple Khajuraho Chhatarpur,55
25,Lakshman Temple Khajuraho Chhatarpur,55
26,Lalguan Mahadeva Khajuraho Chhatarpur,55
27,Mahadeva Temple Khajuraho Chhatarpur,55
28,Matangesvara Temple Khajuraho Chhatarpur,55
29,Nandi Temple Khajuraho Chhatarpur,55
30,Parsvanatha Temple Khajuraho Chhatarpur,55
31,Parvati Temple Khajuraho Chhatarpur,55
32,Santinatha Temple Khajuraho Chhatarpur,55
33,Vamana Temple Khajuraho Chhatarpur,55
34,Varaha Temple Khajuraho Chhatarpur,55
35,Visvanatha Temple Khajuraho Chhatarpur,55
36,Gond Fort Deogarh Chhindwara,55
37,Rangmahal Palace Hatta Damoh,55
38,Jatashankar Fort Jatashankar Damoh,55
39,The remains of an old sculptured temple Kanoda (Kanora) Damoh which is built without mortar and is attributed to the Chandels,55
40,Temple of Kanora Bari Kanora Bari Damoh,55
41,Old Temple Kodal Damoh,55
42,Jain temples on the hills Kundalpur Damoh,55
43,Two flat roofed temples below the hills Kundalpur Damoh,55
44,Ruined Fort Mariadoh Damoh,55
45,Nohta Temple Nohta Damoh,55
46,Sculptures at Phutera tank and slabs Phutera tank Damoh,55
47,Rajnagar Fort Rajnagar Damoh,55
48,Matha at Raneh Raneh Damoh,55
49,Sakhar Temple Sakhar Damoh,55
50,A hill Fort Singargarh Damoh,55
51,Ranmukteshwara Temple Kukkaram-ath Dindori,55
52,"Ancient site and Adamgarh rock shelters Kalamdi, Rasulia Hoshangabad and Kishanpur",55
53,Rock shelter known as Putli lane near Karian Hoshangabad Sabourne cave,55
54,Caves Pachmarhi Hoshangabad,55
55,Dorothy deep rock shelter Pachmarhi Hoshangabad 55 Sl.No. Name of the Monument / Site Locality District,55
56,"Temple of Gauri Shankar, ancient circular Bheraghat Jabalpur colonnade supported by pillars carved with images of various deities",56
57,Temple of Chausath Yogini Bheraghat Jabalpur,56
58,Madan Mahal on the top of hill upon a large Garha Jabalpur boulder rock,56
59,Large effigy of Vishnu Varaha Panagar Jabalpur,56
60,Karanbel (Tripuri) Tewar Jabalpur,56
61,Temple of Somnath and ruins of several Bargaon Katni temples,56
62,Ladaki-ka-Tila Bilhari Katni,56
63,Tapsi Math Bilhari Katni,56
64,Vishnu Varaha Temple Bilhari Katni,56
65,Ancient Mound Kakarahata Katni,56
66,"Stature of a boar (Vishnu: Varah), an image Karanpur Katni of Mahadeo and figures of other Hindu & Jain (Karitalai) Gods, scattered over four Tumuli and under a Bargat tree",56
67,Varaha near Karitalai Karanpur Katni,56
68,Tortoise and fish locally known as Kachha Karitalai Katni and Machha,56
69,Ruined temple near the sources of the Kiyan Marha Deori Katni river,56
70,Shiva Temple on a carved stone chabutra Nanhwara Katni measuring 10' x10' x4' and 8 stone Jain images,56
71,"Rock edict of Ashoka, Rupnath Padaria Katni",56
72,The whole site of Kankali Devi Temple Tigwa Katni including the Devi temple and Ruined temple close to them,56
73,Begum Mahal Chaugan Mandla Rayotwari,56
74,Sporting Palace by name Dalbadal Chaugan Mandla Rayotwari,56
75,Siva's temple Khaddeori Mandla,56
76,Gond fort called Satknada and the tower on Mandla Mandla Rajghat called Shahburz and the temples therein,56
77,Ajaigarh fort and its remains Ajaigarh Panna,56
78,Two temples ascribed to Gupta period Ajaigarh Panna,56
79,Nachna Kuthara Parvati Temple Nachna Panna,56
80,Chaumukh Nath Temple Nachna Panna,56
81,Inscriptions Alhaghat Rewa,56
82,"Rock shelters with megaliths, monasteries Barhat Rewa and inscriptions",56
83,Fresco paintings Gahira Rewa,56
84,Gurgi and Rehunta remains Gurgi Rewa,56
85,Inscriptions in cave Keoti Rewa,56
86,Temple Bamora Sagar,56
87,Fort Deori Sagar,56
88,Fort Dhamoni Sagar,56
89,Rani Mahal Dhamoni Sagar,56
90,Tomb and mosque of Baljati Shah Dhamoni Sagar 56 Sl.No. Name of the Monument / Site Locality District,56
91,Ancient Site Eran and Sagar Pahlezpur,57
92,All structures in or connection with the Mahal Garhpehra Sagar (fort) of the Dangi rulers,57
93,Fort Gourjhamar Sagar,57
94,Temple of Mahadeo or mata Karonda Sagar,57
95,Satgarh Karonda Sagar,57
96,"Old mosque , Idgah well, gateway of the fort Khimlasa Sagar and Nagina Mahal",57
97,The walls of the citadel (Fort) Khimlasa Sagar,57
98,The walls of the city with gate Khimlasa Fort Sagar,57
99,Tomb of Panj Pirs Khimlasa Fort Sagar,57
100,Temple of Mahadeo Pali Sagar,57
101,Fort Rahatgarh Sagar,57
102,Inscription in the fort of Bachhaun Bachhaun Satna,57
103,Remains Bharhut Satna,57
104,Remains Bhumra Satna,57
105,Temple of Ashta Ashta Seoni,57
106,Standing jain image of Digambar sect known Ghansor Seoni as Naga baba and the various fragmentary stone images and architectural stone pieces,57
107,Virath temple and remains Sohagpur Shahdol,57
108,Temple and Monastery Chandreh Sidhi 57,57
16,"List of Centrally Protected Monuments / Sites under the jurisdiction of Maharashtra (Aurangabad Circle, Mumbai Circle and Nagpur Circle) Aurangabad Circle Sl.No. Name of the Monument / Site Locality District",58
1,Damri Masjid Ahmednagar Ahmednagar,58
2,Gate near Niyamat Khan's Palace Ahmednagar Ahmednagar,58
3,Kotla of Twelve Imams Ahmednagar Ahmednagar,58
4,Macca Masjid Ahmednagar Ahmednagar,58
5,Old tomb near Changiz Khan's palace (Sarje Ahmednagar Ahmednagar Khan’s Tomb),58
6,The Tomb of Nizam Ahmedshah Ahmednagar Ahmednagar,58
7,The Faria Bagh Bhingar Ahmednagar Cantonment,58
8,Ancient sites and remains at Daimabad Daimabad Ahmednagar (Ladgaon),58
9,Dhokeshvar Cave Dhoke Ahmednagar,58
10,Jain Temple Ghotan Ahmednagar,58
11,Temple of Malikarjuna Ghotan Ahmednagar,58
12,Caves and Temple Harishchandragad Ahmednagar,58
13,Jarasangh Nagari Jorve Ahmednagar,58
14,The temple of Malikarjuna Karjat Ahmednagar,58
15,Temple of Shiva called Naktichedeul Karjat Ahmednagar,58
16,An Old Temple Kokamthan Ahmednagar,58
17,The Temple of Devi Mandavagaon Ahmednagar Katrabad,58
18,Salabatkhan's Tomb Mohekari Ahmednagar,58
19,Ancient site locally known as Ladmod Newasa Ahmednagar,58
20,Temple of Shiva on the further side of the Parner Ahmednagar stream at Parner,58
21,Baleshwar Temple Pedgaon Ahmednagar,58
22,The Temple of Lakshmi Narayan Pedgaon Ahmednagar,58
23,The Temple of Amriteshwar Ratanwadi Ahmednagar,58
24,Hemadpanti Temple SonaiBamini Ahmednagar,58
25,Triple shrined temple of Bhavani Tahakri Ahmednagar,58
26,Five Stone Gates Tisgaon Ahmednagar,58
27,Temple of Devi Toka Ahmednagar,58
28,Temple of Siddeshwar Mahadev Toka Ahmednagar,58
29,"Temple of Vishnu, and the five ghats attached Toka Ahmednagar thereto",58
30,Ajanta Caves Ajanta Aurangabad,58
31,Aurangabad Caves Aurangabad Aurangabad,58
32,Tomb of Rabia Daurani Aurangabad Aurangabad (Bibi-ka-Maqbara),58
33,Daulatabad Fort and Monuments therein (e.g. Daulatabad Aurangabad 58 Sl.No. Name of the Monument / Site Locality District Chand Minar),58
34,Ellora Caves Ellora Aurangabad,59
35,Tomb of Aurangazeb Khuldabad Aurangabad,59
36,Tomb of Malik Ambar Khuldabad Aurangabad,59
37,Ancient Site / Mound Paithan Aurangabad,59
38,Pithalkhora Caves Pithalkhora Aurangabad,59
39,"Ghrishneshwar Temple, Chatries and other Verul (Ellora) Aurangabad ancient sites",59
40,Ukkadeshwar Mahadev Temple Ukkad Pimpri Beed,59
41,Math Balsana Dhulia,59
42,Small Temple in Survey No.141 Balsana Dhulia,59
43,Temple of Durga Balsana Dhulia,59
44,Temple of Siva Balsana Dhulia,59
45,Temple to the left side of Shiva's Temple in Balsana Dhulia Survey No. 418,59
46,Temple in front of No.1 (Temple to the left Balsana Dhulia side of Shiva's Temple) in Survey No. 418,59
47,Temple between Durga's temple and Math in Balsana Dhulia Syrvey No. 141,59
48,The old gateways in the ruined fort and caves Bhamer Dhulia,59
49,Seven Mahomadan Tombs Thalner Dhulia,59
50,Three Mahomedan Tombs Thalner Dhulia,59
51,Ancient mound & monuments known as Bahal Jalgaon Pawar's Gadhi,59
52,The temple of Changdev Changdev Jalgaon,59
53,Temple of Devi and Sambha Dighi Jalgaon,59
54,Maheswara Temple Patan Jalgaon,59
55,Temple of Chandika Devi Patan Jalgaon,59
56,The temple of Nag-Arjun Patan Jalgaon,59
57,The temple of Shringar Chavdi Patan Jalgaon,59
58,Mahadev Temple Sangameshwar Jalgaon,59
59,Ancient site and remains Tekwada Jalgaon,59
60,Mudhai Devi Temple Vaghli Jalgaon,59
61,Old Temple of Siddheshwar with three Vaghli Jalgaon inscriptions slabs,59
62,Archaeological Sites & Remains comprised in Bhokardan Jalna Surve plot No. 185,59
63,Brahmanical Caves locally known as Mahoor Village Nanded Pandevlena,59
64,Ancient site & remains Prakash Nandurbar,59
65,Hindu Temple Ambegaon Nasik,59
66,Old Temple Anjaneri Nasik,59
67,Caves Ankai Nasik,59
68,Hindu Temple Deothan Nasik,59
69,Old Matichi Gadhi Nasik Nasik,59
70,Pandav Lena Caves Pathardi Nasik,59
71,The Temple of Aeshwar Sinnar Nasik,59
72,Gondeshvar Temple of Mahadev Sinnar Nasik 59 Sl.No. Name of the Monument / Site Locality District,59
73,Tryambakeshwar Temple and adjoining Trimbak Nasik Gayatri and Shiv Temples,60
74,Jaina Cave Tringalwadi Nasik,60
75,The Hemadpanti Temple of Mahdeo Zodga Nasik Mumbai Circle Sl.No. Name of the Monument / Site Locality District,60
1,Kopeshwar Temple Khidrapur Kolhapur,60
2,Ancient site at Brahmapuri Kolhapur Kolhapur,60
3,"Panhala Fort Panhala Kolhapur (i) Ambarkhana, (ii) Andra Vav, (iii) Dharma Kothi, (iv) Naikinicha Sajja, (v) Teen Darwajavi, (vi) Wagh Darwaja, (vii) Tatbandi together with bastions",60
4,Buddhist Caves Pohala Kolhapur,60
5,Monolithic bas relief depicting seven Parel village Mumbai manifestations of Siva locally known as Baradeva,60
6,"Whole Hill fort of Sion together with all Sion Mumbai ancient Protuguese remains of buildings situated to the north, east and south-east sides of the hill at its toe",60
7,The Buddhist Caves Kaneri Mumbai Suburban,60
8,Caves Kondiote Mumbai Suburban,60
9,Jogeshwari Caves Majas Mumbai Suburban,60
10,"Old Portuguese Churches, Watch Tower and Mandapeshwar Mumbai Caves Suburban",60
11,Caves Mandapeshwar Mumbai Suburban,60
12,The Portuguese monastery over the caves Mandapeshwar Mumbai and large watch tower on the adjoining hill at Suburban Mandapeshwar,60
13,Fort Arnala Palghar,60
14,Fort and old Portuguese Remains Bassein Palghar,60
15,A Tank by the west side of the road from Bolinj Palghar Umrala village to Bolinj,60
16,"A Mound locally known as ""Sonar Bhat"" in Gas Palghar Hissa No.11 of the Survey No. 52 having an area of 25¼ gunthas",60
17,Caves on Barad Hill Khunavada Palghar,60
18,A mound locally known as Burud Kot in Hissa Mardes Palghar No.2 of Survey No. 75 having an area of 2 (Nalasopara) acres and 28¼ gunthas 60 Sl.No. Name of the Monument / Site Locality District,60
19,Brahmanical Caves Polu Sonala Palghar,61
20,Carved Stones Vada Palghar,61
21,Small Dargah near Habsi Gumaz (near Agar Pune Junnar),61
22,Cave Temples and Inscriptions Bedsa Pune,61
23,Cave temples and Inscriptions Bhaja Pune,61
24,Caves and inscription at the Nana Pass Ghatghar Pune (Naneghat),61
25,Cave Temples and Inscriptions Junnar Pune,61
26,Fort of Shivneri Junnar Pune,61
27,HabshiGumbaz Junnar Pune,61
28,Cave Temples and inscriptions Karla Pune,61
29,Ancient dam with lock and sluice gates Khed Pune,61
30,Dilawar Khan’s Masjid Khed Pune,61
31,Dilawar Khan’s Tomb Khed Pune,61
32,Fort Lohogad Pune,61
33,Bhuleshwar Mahadeo Temple Malsiras Pune,61
34,Aga Khan Palace Building Pune Pune,61
35,The Cave Temple of Bhamburda Pune Pune (pataleshwar),61
36,Old citadel known as Shanwar Wada Pune Pune,61
37,Old European Tombs Pune Pune,61
38,Fort Rajmachi Pune,61
39,Excavations & Inscriptions Shelarwadi Pune,61
40,Fort Visapur Pune,61
41,Songad Achloli Raigad,61
42,Cathedral Agarkot Raigad,61
43,Chouburji-the castle or factory of Cheul Agarkot Raigad,61
44,Church & Convent of the Augustinians Agarkot Raigad,61
45,The Dominican Church & Convent Agarkot Raigad,61
46,The Jesuit Monastery Agarkot Raigad,61
47,Kothi Agarkot Raigad,61
48,1 Buruj Agarkot Raigad,61
49,St. Francis Xavier's Chapel Agarkot Raigad,61
50,Satkhani Buruj-St. Barbara's Tower Agarkot Raigad,61
51,Two Gates-Porta do Mar & Porta da Terra Agarkot Raigad,61
52,Hirakote old Fort Agarkot Raigad,61
53,"Kolaba Fort Containing Agarkot Raigad i) Sarja Kot, ii) The North Causeway, iii) The Manik Chawda, iv) The South causeway, v) The Talghar, vi) The Padmawati Shrine, vii) The Temple of Gulbai or Mahishasuri, viii) The Shrine of Bhawani, ix)The Nanisahib's Palace, x) The Thorla wada, xi) The Reservoir 61 Sl.No. Name of the Monument / Site Locality District Apsaras, xii) The Temple of Ganpati- Panchyatan, xiii) The Temple of Mahadeo, xiv)The Shrine of Maruti, xv) The Temple of Kanoba, xvi) The Shrine of Yeshvantdari, xvii) The Tomb of a Mahomedan saint, xviii) The Temple of Bapdeo,",61
54,Caves Ambivli Raigad,62
55,Birwadi Fort on a broken range of varying Birwadi Raigad 1700 to 900 feet in height,62
56,Barber's Mahal Cheul Raigad,62
57,Dadar (Stair Case) Cheul Raigad,62
58,Kaman (Arch) Cheul Raigad,62
59,Mosque Cheul Raigad,62
60,Rajkot Cheul Raigad,62
61,Tomb of Angre Cheul Raigad,62
62,Vada of Dancing Girls Cheul Raigad,62
63,Chandragad Dhavala Raigad,62
64,Elephanta Caves Gharapuri Raigad,62
65,Ancient Brick stupa at Elephanta Island Gharapuri Raigad,62
66,Gheragad or Surgad GheraSurgad Raigad,62
67,Ghosalgad Fort Ghosale Raigad,62
68,Buddhist Caves Gomashi Raigad,62
69,"An old Fort crow in a dilapidated condition, Kadasari Kangori Raigad Contains a temple of the God Kangorrmal; two tanks",62
70,A precipitious hill near Raigad Fort Contains Kadasari Lingana Raigad one rock-cut cistern of water. Was formerly used as a jail for prisoners,62
71,Caves Kol Raigad,62
72,Caves situated in Survey No.86 & No. 49 of Kol Raigad the Village of Kol,62
73,Caves Kondhane Raigad,62
74,Old Fort Korlai Raigad,62
75,Caves Kuda Raigad,62
76,Awchitgad Medhe Raigad,62
77,Kasa (Kamsa) Fort Murud Raigad,62
78,Thanala Caves Nadsur Raigad,62
79,Nagothana Bridge Nagothana Raigad,62
80,Khadsamla Caves Nenawali Raigad,62
81,Jijamata's Samadhi consisting of 4 towers. Pachad Raigad,62
82,Jijamata's Wada comprising four dilapidated Pachad Raigad houses & three wells surrounded by a stone wall,62
83,Caves Pala Raigad,62
84,Caves near the Kotali Fort Peth Raigad 62 Sl.No. Name of the Monument / Site Locality District,62
85,Kotali Fort with two iron guns and one bronze Peth Raigad gun,63
86,Fort of Raygad Raigad Raigad,63
87,Janjira Fort Rajpuri Raigad,63
88,Tombs at Khokari Najik Ghumaj (Khokari Rajpuri Raigad Ghumaj),63
89,Tala Fort Tala Raigad,63
90,Mosque Dabhol Ratnagiri,63
91,Rock cut Caves (Ganesh lena group) Dapoli Ratnagiri,63
92,SuvarnadurgFort Harnai Ratnagiri,63
93,Jaygad fort Jaygad Ratnagiri,63
94,Vijaydurg fort Vijaydurg Ratnagiri,63
95,Muhammad Tughlak's Mosque Khanapur Sangli,63
96,Buddhist caves Jakhinwadi Satara,63
97,Panta'sKot or Got open space Karad Satara,63
98,Old Temple of the River Krishna facing the Old Satara Wai Valley Mahabaleshwar,63
99,Jhabareshwar Mahadeo temple Phaltan Satara,63
100,Tomb of Begami Ghodeshwar Sholapur,63
101,Aurangzeb's Fort Machnur Sholapur,63
102,Old Temple of Sri Sidheshwar (enclosed in a Machnur Sholapur paved court),63
103,Covered colonnade ( to the south of the well) Mahalung Sholapur,63
104,Hemadpanti temple of Mahadeo Mahalung Sholapur,63
105,Hemadpanti temple of Vithoba Mahalung Sholapur,63
106,Hemadpanti Well Mahalung Sholapur,63
107,Mahadeo stones Mahalung Sholapur,63
108,Temple of Devi (Yamai) Mahalung Sholapur,63
109,Old Fort Sholapur Sholapur,63
110,The gateway and old Maruti temple with Velapur Sholapur Viragal stones on either side,63
111,"Old doubled shrined temple, on the far side of Velapur Sholapur a tank near the last",63
112,Old Temple and Viragals or sculptured Velapur Sholapur memorial stones by the road side just outside the village,63
113,Old Temple of Sarkarvada locally known as Velapur Sholapur Parasnath temple,63
114,"Temple of Haranareshwar & Velapur Sholapur Ardhanarinateshwar, one Hemadpanthi tank (small square kunda) &Viragal stones kept in the compound",63
115,Sindhudurg Fort Malvan Sindhudurg,63
116,Temple of Ambarnath Ambarnath Thane,63
117,Mahuli Fort Mahuli Thane 63 Nagpur Circle Sl.No. Name of the Monument / Site Locality District,63
1,The Dahihanda gate of outer city wall. Akola Akola,64
2,The Khirki gate in the outer city wall Akola Akola,64
3,"The S.E. angle bastion of the outer city wall Akola Akola together with 10 years of the adjacent wall on each side. The bastion is situated some 100 yards to the east of No. (3) above, is variously known as Panch Burj and Burj Hasrath Yab and contains a Persian inscription",64
4,"Fort at Narnala: Akot Akola i.Shahanur Gateway, ii Mahakali Gateway, iii Mendha Gateway, iv Akot Gateway, v Delhi Gateway, vi Sirpur Gateway, vii Small Mosque, viii The Large & Two smaller Guns, ix the tank built to contain Oil & Ghee, x Ambar Mahal",64
5,Balapur fort Balapur Akola,64
6,Chhatri near the Dak Bungalow Balapur Akola,64
7,Black stone temple of Bhawani Barsi Takli Akola,64
8,Two caves Patur Akola,64
9,Tank in front of top tomb of Lalkhan Amner Amravati,64
10,Tomb of Lalkhan Amner Amravati,64
11,Gawilgarh Fort ( The walls & the whole area Chikalda Amravati contained by them),64
12,City wall of Nawab Ismail Khan Ellichpur (Achalpur) Amravati,64
13,Dula Gate Ellichpur (Achalpur) Amravati,64
14,Haripura Gate Ellichpur (Achalpur) Amravati,64
15,Hauz Katora Ellichpur (Achalpur) Amravati,64
16,Jiwanpura Gate Ellichpur (Achalpur) Amravati,64
17,Temple of Anandeswar Lasur Amravati,64
18,All the remains of the circumambulation wall Pauni Bhandara of Pauni Fort,64
19,Ancient mounds situated to the south-east of Pauni Bhandara the fort immediately beyond the moat outside on which a modern temple of Jagannath stands,64
20,Mound known as Hardulala-ki-Tekri Pauni Bhandara,64
21,Cromlech locally known as 'Tillota' (Frying Pimpalgaon Bhandara Pan),64
22,Moti Samadhi Deulgaon Raja Buldhana,64
23,Three old Temple Dhotra Buldhana,64
24,Mosque Fathekheda Buldhana (Sakharkheda),64
25,Two old Temple Kothali Buldhana 64 Sl.No. Name of the Monument / Site Locality District,64
26,Dharmasala on the west of the town which is Lonar Buldhana partially ruined and locally called Chhatra,65
27,Fifteen Temples on the way down to the lake Lonar Buldhana and situated around it,65
28,Gaimukha Temple & Tank Lonar Buldhana,65
29,Gaimukha Temple No 1 of Daityasudana Lonar Buldhana,65
30,Square Kunda on the East of the Town Lonar Buldhana,65
31,Old temple of Daityasudana Lonar Buldhana,65
32,Old Dharmasala at North-West corner of the Mehkar Buldhana town,65
33,Mosque Rohinkhed Buldhana,65
34,Old Temple of Mahadev Sakegaon Buldhana,65
35,"Old Temple of Vishnu, remains of an old Satgaon Buldhana building to the east of that temple and remains of a small temple",65
36,Lakhuji Jadhavrao's Chhatri Sindhkhed Raja Buldhana,65
37,Tank Sindhkhed Raja Buldhana,65
38,Temple of Mahadeva Sindhkhed Raja Buldhana,65
39,Fort Wall Ballarpur Chandrapur,65
40,Fort at Bhandak Bhandak Chandrapur,65
41,"A large high knoll immediately to the east of Bhandak Chandrapur Bhadranath temple with remains of a temple, with huge stone carved blocks & a figure of Ganapati",65
42,Pandavas caves containing three images Bhandak Chandrapur,65
43,Walled enclosure outside the Anchaleshver Chandrapur Chandrapur temple and another small temple within the enclosure,65
44,The enclosure & buldings of the Gond Raja's Chandrapur Chandrapur Tomb just outside the Anchaleshwar gate the city.,65
45,Fort Wall Chandrapur Chandrapur,65
46,"Lalpeth monoliths consisting of the sixteen Chandrapur Chandrapur colosal stone images. i. Anna Purna, ii. Tortoise, iii. Fish, iv. Snake, v. Hanuman, vi. Hanuman, vii. Ganpati, viii. Ganpati, ix. Mahadeo, x. Kali, xi. Bhim, xii. Rawan, xiii. Nandi, xiv. Mahadeo, xv. Ganga, xvi. Ganga",65
47,Mahadeo Temple close to the Municipal Chandrapur Chandrapur office,65
48,Temple of the Mahakali Chandrapur Chandrapur,65
49,A temple of Keshavanath built in the Churul Chandrapur hemadpanti style,65
50,Ancient Temple Deotek Chandrapur,65
51,"Hemadpanti Temple containing images of Dhanora Chandrapur Dattatraya, Mahadev & Laxminarayan 65 Sl.No. Name of the Monument / Site Locality District",65
52,Old Bridge at Ghutakala Ghutakala-Raiyatwari Chandrapur (Bhandak),66
53,Old Temple of Chandikadevi Ghutakala-Raiyatwari Chandrapur (Bhandak),66
54,Remains of an old Fort Khatora Chandrapur,66
55,Mahadeo’s Temple (Hemadpanti) Mahadwari Chandrapur,66
56,Temple of Mahadeo Neri Chandrapur,66
57,Ramdigi temple & Ramdigi pool Nimdhela Forest Chandrapur,66
58,Old Hemadpanthi Temple Palebaras Chandrapur,66
59,An Old Temple of Mahadeo of the style of Rajgarh Chandrapur Markanda Temple,66
60,Temple Armori Gadchiroli,66
61,Stone Circle Arsoda Gadchiroli,66
62,A group of twenty cromlechs or Kistvaens Chamurshi Gadchiroli,66
63,Rock Caves Jharapara Gadchiroli,66
64,Group of Temples Markanda Gadchiroli,66
65,Fortress of Tipagarh situated on the summit Muramgaon Gadchiroli of mountain region Zamindari,66
66,Two temples (one small and one large) Thanegaon Gadchiroli which are closely situated,66
67,Fort wall Wairagarh Gadchiroli,66
68,Temple of Bhandareshwar Wairagarh Gadchiroli,66
69,"Area containing the old remains of two Padampur Gondia temples consisting of a collection of Massive stones in two separate heaps, One immediately outside Padampur to the north & the other immediately to the south of Ganeshpur",66
70,Remains of the temple to the North of the Padampur Gondia Village,66
71,Remains of the temple to the North-west of Padampur Gondia the village,66
72,Remains of the temple close to the south of Padampur Gondia the village Ganeshpur,66
73,Remains of the temple locally known as Padampur Gondia Nath Bawa,66
74,Fort at Pratapgad Pratapgarh Gondia,66
75,"Fort on the banck of the river, said to have Bhiwagarh Nagpur been built by Jatba, one of the Gond kings",66
76,Fort at the bottom of the hill Donagartal Nagpur,66
77,Temple Ghogra Nagpur,66
78,Stone Circle Ghorar Nagpur,66
79,Stone Circle Junapani Nagpur,66
80,"Ancient Buddhist remains comprising Mansar & Kahari Nagpur monastery, stupas, Rock-cut inscriptions etc.",66
81,Old High Court Building Nagpur Nagpur,66
82,Stone circle Nildho Nagpur 66 Sl.No. Name of the Monument / Site Locality District,66
83,Kalimata's Temple Ramtek Nagpur,67
84,The remains of a very old shrines upon the Ramtek Nagpur western ridge at the end of the Ramtek hill overlooking the town between the group of temples and the bungalow. The shrine consists simply of a portion of porch of a temple and the mutilated image of the Trivikram Avatara of Vishnu,67
85,The tank and Mandapa opposite to the Ramtek Nagpur Dattatraya's Temple,67
86,Stone Circle Takalghat Nagpur,67
87,Fort Paunar Wardha,67
88,Hemadpanti Temple of Mahadeo known by Neir Yeotmal name Someshwar,67
89,Temple of Goddess Pandhardevi Pandhardevi Yeotmal,67
90,Temple of Kamaleshwar Pathrot Yeotmal,67
91,Mahadeo’s Temple Rant Swangi Yeotmal,67
92,Mahadeo’s Temple Rui-Wai Yeotmal,67
93,Hemadpanthi Temple of Shree Mahadev Tapona Yeotmal,67
94,Mahadeo’s Temple Yelabara Yeotmal List of Centrally Protected Monuments / Sites under the jurisdiction of Manipur Sl.No. Name of the Monument / Site Locality District,67
1,Temple of Vishnu Bishnupur Bishnupur 67 List of Centrally Protected Monuments / Sites under the jurisdiction of Meghalaya Sl.No. Name of the Monument / Site Locality District,67
1,U-Mawthoh-dur Bhoi Country East Khasi Hills,68
2,Scott’s Monument Sohra (Cherrapunji) East Khasi Hills,68
3,Manipur Memorial Shillong East Khasi Hills,68
4,Megalithic bridge Amlarem West Jaintia Hills 68,68
5,Megalithic bridge known as Thulu-um-wi Maput West Jaintia Hills,69
6,U-Mawthoh-dur-briew Nartiang West Jaintia Hills,69
7,Megalithic bridge Syndai West Jaintia Hills,69
8,A Tank Syndai West Jaintia Hills List of Centrally Protected Monuments / Sites under the jurisdiction of Mizoram Sl.No. Name of the Monuments/Sites Locality District,69
1,Menhirs and Caves at Vangchhia Vangchhia Champhai 69 List of Centrally Protected Monuments / Sites under the jurisdiction of Nagaland Sl.No. Name of the Monument / Site Locality District,69
1,Remains of Fort Dimapur Dimapur,70
2,"Memorial of Mr. G.H. Damant, Major Cook Khonoma Kohima and Subedar Nurbir Sahi",70
3,Stone Cairn to memory of Mr. Damant Kohima Kohima,70
4,Lt. H. Forbe’s Grave Suchima Kohima 70,70
17,List of Centrally Protected Monuments / Sites under the jurisdiction of N.C.T. of Delhi (Delhi Circle) Sl.No. Name of the Monument / Site Locality District,71
1,"Tomb of Ghaziuddin Khan Ajmeri Gate, Central Delhi Paharganj",71
2,Ajmeri Gate Bazar Ajmeri Gate Central Delhi,71
3,Delhi Gate Daryaganj Central Delhi,71
4,"Kotla Firoz Shah Firozabad with the Delhi Gate Central Delhi remaining walls, bastions and gateways and gardens, the old Mosque and wall and all other ruins buildings it contains 71 Sl.No. Name of the Monument / Site Locality District",71
5,"Portion of the City Wall of Shahjahanabad, Delhi Gate Ansari Central Delhi near Delhi Gate Road",72
6,Ashoka’s Pillar on Bridge at Firozabad Firozabad Kotla near Central Delhi Delhi Gate,72
7,Bara Khamba Cemetery Imperial City Central Delhi,72
8,"Mazar of Shaikh Nabi Karim Muhammad Paharganj Central Delhi Ibrahim Zauq, Nabi Karim, Paharganj",72
9,"Fortification Wall Asad Burj, Water gate, Red Fort Central Delhi Delhi Gate, Lahori Gate, Jahangiri Gate, Chatta Bazar, Baoli",72
10,"Salimgarh Fort, comprising the main gate on Red Fort Central Delhi North, Ancient structure near the main gate and the entire fortification wall",72
11,Tomb of Razya Begum in Mohalla Bulbuli Shahjahanabad Central Delhi Khana,72
12,"Lal Darwaza, the northern gate of the outer South Delhi Gate Central Delhi walls of the Delhi of Sher Shah (opposite Maulana Azad Medical College)",72
13,Khair-ul-Manazil Babarpur Bazidpur New Delhi (Kaka Nagar),72
14,Moti Gate of Sher Shah’s Delhi Babarpur Opposite New Delhi Zoo,72
15,Kos Minar or Mughal Mile Stone Between Purana Qila New Delhi and Azim Ganj (Zoo),72
16,Jantar Mantar Connaught Place New Delhi,72
17,Uggar Sain’s Baoli Connaught Place near New Delhi the Jantar Mantar,72
18,The Tomb of Mohammed Shah Known as Lodi Garden New Delhi Mubarak Khan-Ka-Gumbaz,72
19,"Tomb of Sikandar Lodi with its enclosure wall Lodi Garden New Delhi and bastions, gates & compound",72
20,Old Lodi Bridge with approaches Lodi Garden New Delhi,72
21,Mosque with its dalans and courtyard and the Lodi Garden New Delhi Bara Gumbaz Mosque,72
22,Unknown Tomb with blue tiles decoration Lodi Garden New Delhi known as Shish Gumbad,72
23,"Tomb of Safdarjang (Mirza Muqim Mansur Near Jor Bagh Metro New Delhi Ali Khan) with all enclosure walls, gateways, station. (in front of gardens and the mosque on the eastern side Safdarjang fire of the garden brigade)",72
24,"Sher Shah’s gate with the adjoining curtain Opposite Purana New Delhi walls and Bastions and the remains of the Qila, Mathura Road double line of structure to its front.",72
25,Shikargah Kusak Teen Murti Bhawan New Delhi,72
26,"Purana Qila (Inderpat) or Delhi with all its Two miles of South of New Delhi walls arcades, gateways and bastions, Delhi Gate of gardens, the Mosque of Sher Shah (Killa Shahjahana-bad, Kohna Masjid). The Sher Mandala and Delhi (near ZOO, entrances to Subteranean passages. Mathura Road)",72
27,"Site of Siege battery Known as the Sammy 300 yards East of North Delhi House Battery Mutiny Memorial, Civil Line, Kashmeri Gate (St. Stephen Hospital) 72 Sl.No. Name of the Monument / Site Locality District",72
28,Flag Staff Tower 400 Yards north of North Delhi Chauburji Mosque near Hindu Rao Hospital,73
29,Phoolchadar aqueduct near Najafgarh Jhil Chaukri Mubarakabad North Delhi aqueduct,73
30,Site of Siege Battery Compound of Curzon North Delhi House,73
31,Alipur Cemetery Delhi Alipur Camping North Delhi ground,73
32,Site of Siege Battery East of Hospital in North Delhi Police Line,73
33,"The remaining gateways of old Magazine GPO, Delhi North Delhi with their adjoining building.",73
34,Site of Siege Battery In the garden near North Delhi south west entrance to Delhi Club ground,73
35,Tripolia Gateways Kashmeri Gate North Delhi,73
36,Lothian Road Cemetery Kashmeri Gate North Delhi,73
37,Kashmeri Gate and Portion of City Wall on Kashmeri Gate (ISBT) North Delhi either side of the Kashmeri Gate i.e. from Mori Gate to Kashmeri Gate on one side and on the other upto and including the Water Bastions at the Northern corner of the wall and also including the ditch outside the City Wall where this is exposed,73
38,Nicholson (or Kashmeri Gate) Cemetery Kashmeri Gate near North Delhi Metro Station,73
39,D’Eremao Cemetery Kishanganj Railway North Delhi Station,73
40,Tomb of Capt. Mac. Barnatt & others who fall Kishanganj Railway North Delhi in an attack on Kishanganj. Station,73
41,"Portion of City Wall near which Brigadier Near Kashmeri Gate North Delhi General John Nicholson was mortally wounded on 14th Sept., 1857",73
42,"Enclosure containing the grave of Lt. Northern ridge near North Delhi Edwards and other, murdered in 1857 Flag Staff Tower, Civil near Naya Bazar and St. Stephen Hospital",73
43,Rajpur (Mutiny Cemetery) Old Rajpur North Delhi Cantonment (Maurice Nagar),73
44,"The Pirgaib. To the north of and near Hindu On the ridge Delhi North Delhi Rao’s House on the ridge, Delhi",73
45,Old Baoli immediately to the west of Hindu On the ridge Delhi North Delhi Rao’s House (Hindu Rao Hospital),73
46,Ashokan Pillar South of Hindu Rao Hospital On the Ridge near North Delhi Hindu Rao Hospital,73
47,"The Punjabi gate in the Roshanara Bagh Opposite Municipal North Delhi Board School, Sabji Mandi",73
48,The Old entrance Gateway of the Garden Qudsia Delhi Opposite North Delhi ISBT,73
49,The Mosque Qudsia Garden North Delhi opposite ISBT,73
50,"Tomb of Raushanara & Baradari Raushanara Garden, North Delhi 73 Sl.No. Name of the Monument / Site Locality District Subzi Mandi",73
51,"Delhi fort or Lal Qila, Naubat Khana, Diwan-I- Red Fort North Delhi Am, Mumtaz Mahal, Rang Mahal, Baithak, Musammun Burj, Diwan-I-Khas' Moti Masjid, Sawan-Bhadon ,Shah Burj, Hammam with all surrounding including the gardens, paths, terraces and water courses.",74
52,Sunehri Masjid Red fort North Delhi,74
53,"Chauburji, situated between mosque, the Ridge near Hindu Rao North Delhi Flag Staff and Hindu Roa’s House on Ridge, Hospital Delhi",74
54,"Military Telegraph Memorial Telegraph Building, North Delhi Kashmeri Gate opposite GPO",74
55,The Tomb at Wazirabad Wazirabad North Delhi,74
56,The Mosque at Waziazbad Wazirabad North Delhi,74
57,Neighbouring Bridge Wazirabad Wazirabad North Delhi,74
58,Gateways of Badli-Ki-Sarai Near Azadpur Subzi North West Mandi (Pipalthala) Delhi,74
59,"Sheesh Mahal Shalimar Garden, North West Village Haiderpur Delhi",74
60,"Bastion, where a wall of Jahanpanah meets Adchini South Delhi the wall of Rai Pithora’s fort",74
61,Ramp and gateways of Rai Pithora's Fort Adchini South Delhi,74
62,Marble Tomb reputed to be that of Nawab Aliganj South Delhi Bahadur Jawid Khan in Village of Aliganj,74
63,Begumpuri Masjid Begumpur South Delhi,74
64,Moth-ki-Masjid Behind South South Delhi Extension-II,74
65,Tomb of Bahlol Lodi Chirag Delhi South Delhi,74
66,"Lal Gumbad, Chirag Delhi Chirag Delhi South Delhi",74
67,"Hauz Khas:- Group of Building at Hauz Khas Hauz Khas South Delhi consisting of the following (i) The tomb of Ferozshah (ii) Domed Building to the west of No.1,(iii) Dalan between 1&2,(iv) Domed Building & its court to the south of No. 3, (v) Dalans and all ruined Buildings to the north of no. 1 and existing upto No.10,(vi) Five Chatris to the East of No. 1& No.5,(vii) Old Gate to the north of No.6,(viii) Three Chatris to the north- west of No.7, (ix) Ruined courtyard and its Dalans with the Domed building to the north- west to the No.8, (x) Old wall running east from No.4,(xi) 2.23 Acres of land surrounding the above monuments and bouded on the North by house of Chhanga and Mehr Chand sons of Hansram and house of Uderam, son of Kusla South Ghairmumkan Rasta East By village site belonging to village community. Others West By field no. 185 & 186.",74
68,Bandi or Potika Gumbad III-280 Hauz Khas South Delhi,74
69,Chor Minar No. 289 Vol III Hauz Khas South Delhi,74
70,Kali Gumti Hauz Khas South Delhi,74
71,Bara Khamba-285 Hauz Khas South Delhi,74
72,Biran-Ka-Gumbad-282 Hauz Khas South Delhi,74
73,Biwi or Dadi-ka-Gumbad-281 Hauz Khas South Delhi 74 Sl.No. Name of the Monument / Site Locality District,74
74,Choti Gumti Hauz Khas South Delhi,75
75,Sakri Gumti-284 Hauz Khas Enclave South Delhi near Green Park,75
76,Nili Mosque Hauz Khas Enclave South Delhi,75
77,Idgah of Kharehra Hauz Khas Enclave South Delhi,75
78,Wall of Rai Pithora's Fort and Jahanpanah at Hauz Rani Village South Delhi the point where they meet together,75
79,Bagh-I-Alam Gumbad with a Mosque Humayunpur Village South Delhi (Hauz Khas),75
80,"Tohfewala Gumbad Humayunpur Village South Delhi (Hauz Khas), ShahpurJat",75
81,Khirkee Masjid Khirki Village near South Delhi Malviya Nagar,75
82,Tomb of Usuf-Quttal situated at Khirki Khirki Village near South Delhi Malviya Nagar,75
83,Satpula-III –216 Khirki Village near South Delhi Malviya Nagar,75
84,Tomb of Darya Khan Kidwai Nagar East South Delhi,75
85,"Gate and walls of Mubarakpur, Kotla in Kotla Mubrakpur South Delhi village Mubarakpur, Kotla Village",75
86,Inchla Wali Gumti Kotla Mubrakpur South Delhi Village,75
87,"Tombs of Laddo Khan (Bade-Khan), and Kotla Mubrakpur South Delhi Mubarakpur Kotla, Kotla Village",75
88,"Tombs of Choto Khan, Mubarakpur, Kotla Kotla Mubrakpur South Delhi Village",75
89,"Tomb of Mubarik Shah in Mubarikpur, Kotla Kotla Mubrakpur South Delhi Village",75
90,Tomb of Bhure Khan Kotla Mubrakpur South Delhi Village,75
91,Mosque attached to Mubarik Shah’s Tomb Kotla Mubrakpur South Delhi Village,75
92,Kala Gumbad Kotla Mubrakpur South Delhi Village,75
93,Area between Jamali Kamali and Balban’s Lado Sarai South Delhi Tomb,75
94,Gateway of Rai Pithoria's Fort Lado Sarai Village South Delhi,75
95,Badaun Gate Lado Sarai Village South Delhi,75
96,A Gateway of Lalkot Lado Sarai Village South Delhi,75
97,Marri (Mandi) Mosque Lado Sarai Village South Delhi,75
98,Rajon-ki-Bain with Mosque and Chatri Lado Sarai Village South Delhi,75
99,Unknown tomb said to be of Azim Khan Lado Sarai Village South Delhi,75
100,Tomb of Sultan Ghari Malikpur Kothi South Delhi opposite Vasant Kunj,75
101,"Bijai Mandal, neighbouring domes, building Malviya Nagar South Delhi and dalan to north of Begumpur",75
102,Tomb of Sheikh Kabiru’d-Din also known as Malviya Nagar South Delhi Rakabwala Gumbad in field no.84 min. situated at sarai Shah 31 property of Thoks Shahpur and Adhehini,75
103,Group of monuments at Sarai Shahji Malviya Nagar South Delhi,75
104,Tomb of Adham Khan (Rest House) Mehrauli South Delhi,75
105,Tomb and Mosque of Maulana Jamali Kamali Mehrauli South Delhi,75
106,Walls of Lal Kot and Rai Pithora's fort from Mehrauli South Delhi Sohan Gate to Adham Khan's tomb including the ditch where there is an outer wall 75 Sl.No. Name of the Monument / Site Locality District,75
107,"Walls of Lal Kot and Rai Pithora's fort at the Mehrauli South Delhi point where they meet together, near Jamali Kamali",76
108,"Wall of Rai Pithora's fort including gateways Mehrauli South Delhi and bastions, near Bagh Nazir to a bastions immediately to North of Qutb-Tughlaqabad Road.",76
109,"Old Baoli known as Diving Wall in Mauza Mehrauli South Delhi locally known as (Gandhak-ki-baoli), Mehrauli",76
110,"Hauz Shamsi, with central red stone pavilion Mehrauli South Delhi situated at Mehrauli in field Nos. 1574-81, 1588-97, 1614, 1623 & 1624, owner Government",76
111,Wall mosque at Mehrauli Mehrauli South Delhi,76
112,"Enclosure containing the tomb of Shah Alam Mehrauli South Delhi Bahadur Shah, Shah Alam II and Akbar Shah II",76
113,"Iron Pillar, Hindu remains Mehrauli (Qutb South Delhi Complex)",76
114,Mosque known by the name of Shamsi Mehrauli Village South Delhi Tallab together with both platform entrance gates.,76
115,Jahaz Mahal in Mehrauli Mehrauli Village South Delhi,76
116,Old Palace of Bahadur Shah II alias Lal Mehrauli Village South Delhi Mahal in Mehrauli,76
117,Moti Masjid Mehrauli Village South Delhi,76
118,"The Qutb Archaeological area as now fenced Mehrauli Village South Delhi in, including the Mosque, Iron Pillar, Minar of Qutbu’d-din, unfinished Minar, all colonnades, screen arches, tomb of Altamash, college, buildings of Alau’d-Din, Tomb of Imam Zamin and all carved stones in the above area with gardens, paths and water channels, and all gateways including the Ala’i-Darwaza , also all graves in the above area",76
119,"Unnamed tomb, Mohammadpur Village Mohammadpur Village South Delhi",76
120,"Tin Burji Wala Gumbad, Mohammadpur Mohammadpur Village South Delhi Village",76
121,"Baoli, Munirka Munirka South Delhi",76
122,"Munda Gumbad, Munirka Munirka South Delhi",76
123,"Unnamed Mosque, Munirka, 314 Munirka South Delhi",76
124,"Unnamed Tomb, Munirka 313 Munirka South Delhi",76
125,"Unnamed Tomb, Munirka 315 Munirka South Delhi",76
126,"Unnamed Tomb, Munirka 316 Munirka South Delhi",76
127,"Unnamed Tomb, Munirka 317 Munirka South Delhi",76
128,"(i) Unnamed Mosque, Munirka 321 Munirka South Delhi (ii) Unnamed Mosque, Munirka 322",76
129,"Wazirpur-ka-gumbad, Munirka 312 Munirka South Delhi",76
130,"Unknown Tomb in the Vicinity of Jawahar Lal Pragati Vihar, New South Delhi Nehru Stadium Delhi",76
131,"Enclosure wall with enclosure of the Tomb of Safdarjang Flyover South Delhi Najaf Khan measuring 42 bighas, 15 bighas (opposite Lodi Colony) inclusive of Tomb",76
132,"Internal buildings of Siri Mohamdi wala- Shahpur Jat Village South Delhi 76 Sl.No. Name of the Monument / Site Locality District Kh. No. 14 Shahpur Jat Makhdumki Kh. No. 255 Shahpur Jat, Thanewala Domb ShahpurJat",76
133,"Ruined line of walls, bastions & gateways of Shahpur Jat Village South Delhi siri Kh. No. 88, 265 & 447 of village Shahpur Jat",77
134,"Lal Bangla, Kaka Nagar Babarpur South East Delhi",77
135,Ashokan Rock Edict at Bahapur East of Kailash South East Delhi,77
136,Mound known as Jogabai Jamia Nagar South East Delhi,77
137,Sunderwala Burj Near Humayun’s South East Tomb Delhi,77
138,The Gateway of the Arab Sarai facing North Near Humayun’s South East towards Purana Qila Tomb Delhi,77
139,The Gateway of the Arab Sarai facing East Near Humayun’s South East towards the tomb of Humayun Tomb Delhi,77
140,Remaining Gateways of Arab Sarai and of Near Humayun’s South East Abadi-Bagh-Buhalima Tomb Delhi,77
141,Arab Sarai Near Humayun’s South East Tomb Delhi,77
142,Lakkarwala Gumbad (Tomb) Near Humayun’s South East Tomb Delhi,77
143,Sunderwala Mahal Near Humayun’s South East Tomb Delhi,77
144,The Afsah-wala-ki-Masjid situated outside the Nizamuddin South East west gate of Humayun's tomb with its dalans Delhi and paved court.,77
145,"Humayun's tomb, its platforms, garden, Nizamuddin South East enclosure walls and gateways Khasra No. Delhi 258 bounded on the east by Khasra No.180 & 181 & 244 of Miri Singh and on west by Kh. No. 268 & 253 on the north by Khasra No. 266, on the south by Kh No. 245 of Miri Singh & Kh. No. 248 & 249 of Sayyed Mohummad",77
146,Nila Gumbaz outside the south corner of the Nizamuddin South East enclosure of Humayun's tomb. Delhi,77
147,"The tomb of Isa Khan with its surrounding Nizamuddin South East enclosure walls and turrets, garden, Delhi gateways and mosque.",77
148,The Tomb of Afsah-wala immediately near Nizamuddin South East and to the south of Afsah-wala-ki-Masjid Delhi,77
149,Tomb of Khan-i-Khana Nizamuddin South East Delhi,77
150,Bara Pulah bridge near Nizammudin Nizamuddin South East Delhi,77
151,"The Nili Chhatri or Sabz Burj, once used as a Nizamuddin South East Police Station at Nizamu’d-Din. Delhi",77
152,The Chausath Khamba and tomb of Mirza Nizamuddin South East Aziz Kokaltash Delhi,77
153,The Grave of Jahanara Begum Nizamuddin South East Delhi,77
154,The Grave of Muhammad Shah Nizamuddin South East Delhi,77
155,The Grave of Mirza Jahangir Nizamuddin South East Delhi 77 Sl.No. Name of the Monument / Site Locality District,77
156,Bara Khamba outside north entrance to Nizamuddin South East shrine Delhi,78
157,Tomb of Mirza Muzaffar called Chota Nizamuddin South East Batasha Delhi,78
158,"Unknown tomb Ghiaspur 153, Nizamuddin South East Delhi",78
159,Tomb with three domes near Rly. Station Nizamuddin South East Delhi,78
160,Tomb of Mirza Muzaffar called Bara Batasha Nizamuddin South East Delhi,78
161,Tomb of Amir Khusro Nizamuddin South East Delhi,78
162,Baoli Nizamuddin South East Delhi,78
163,Tomb of Nizamuddin Olia Nizamuddin South East Delhi,78
164,Tomb of Atgah Khan Nizamuddin South East Delhi,78
165,Mazar of MirzaGhalib Nizamuddin South East Delhi,78
166,"Walls, gateways bastions and internal Tughlaqabad South East buildings of both inner and outer citadels of Delhi Tughlaqabad Fort",78
167,"Walls, gates and bastions of Adilabad Tughlaqabad South East (Muhammadabad) and causeway leading Delhi there to from Tughlaqabad.",78
168,Nai ka kot in Tughlaqabad Tughlaqabad South East Delhi,78
169,"Tomb of Ghiyasu’d-Din Tughlaqabad walls Tughlaqabad South East and bastions, gates andcauseway including Delhi the tomb of Daud Khan",78
170,Tomb of Mohammad Tughlaq Shah at Tughlaqabad South East Tughlaqabad Delhi,78
171,Walls of old City of Tughlaqabad. Tughlaqabad South East Delhi,78
172,Ancient Mosque (Babur’s Period) together Palam Village South West with adjacent area comprised in part of Delhi Survey plot No. 177 78,78
18,List of Centrally Protected Monuments / Sites under the jurisdiction of Odisha (Bhubaneswar Circle) Sl.No. Name of the Monument / Site Locality District,79
1,Chausatti Jogini temple together with three Jharial Bolangir minor shrines and adjacent land,79
2,Group of Temples Ranipur-Jharial Bolangir,79
3,Tempes of Nilamadhava and Siddheswara Gandharadhi Boudh,79
4,"Paschima-Somanatha, Bhubaneswar and Boudh Town Boudh Kapilesvara Temples",79
5,Ancient site of Asurgarh fort Asurgarh Kalahandi,79
6,Daksha Prajapati temple together with Banpur Khurda adjacent land,79
7,Bhaskareswar temple Bargarh (In Khurda Bhubaneswar now),79
8,Brahmeswar temple with its minor shrines in Bargarh (In Khurda the compound Bhubaneswar now),79
9,Nabakeswar Temple Bargarh (In Khurda Bhubaneswar now),79
10,Rameswar Temple Bargarh (In Khurda Bhubaneswar now),79
11,Magheswar temple with its minar shrine Besuaghai (In Khurda Bhubaneswar now),79
12,Anantha Basudeva temple Bhubaneswar Khurda,79
13,Bakeswar temple Bhubaneswar Khurda,79
14,Boital Temple Bhubaneswar Khurda,79
15,Chitrakarni temple Bhubaneswar Khurda,79
16,Jameswar temple with its minor shrines Bhubaneswar Khurda,79
17,"Lord Lingraj Temple with all the minor Bhubaneswar Khurda temples in the compound as given below- (i) Amania well, (ii) Astmurti (iii) Chandeswar Deb, (iv) Gopaluni temple (v) Ladukeswar temple, (vi)Parbati temple, (vii) Sabitri Devi temple, (viii)Sakreswar temple, (ix) Sathidosi temple",79
18,Maitreswar temple with all the minor temples Bhubaneswar Khurda in the compound,79
19,Makareswar temple with its minor shrines Bhubaneswar Khurda,79
20,Markundeswar temple Bhubaneswar Khurda,79
21,Papnasini Tank together with adjacent area Bhubaneswar Khurda 79 Sl.No. Name of the Monument / Site Locality District,79
22,Paramguru temple together with adjacent Bhubaneswar Khurda area,80
23,Parsurameswar temple Bhubaneswar Khurda,80
24,Raja Rani temple Bhubaneswar Khurda,80
25,Sari Deul No. 1 Bhubaneswar Khurda,80
26,Sidheswar temple Bhubaneswar Khurda,80
27,Sisiresvara temple together with adjacent Bhubaneswar Khurda area,80
28,Sahasralinga Tank Bhubaneswar Khurda,80
29,Mukteswar temple with its minor shrines but Bhubaneswar Khurda excluding the Murich Kunda.,80
30,Rock inscription of the edicts of Asoka Dhauli Khurda together with the stone built shelter in front and the elephant sculpture immediately above it,80
31,"Small rock cut cell with a niche and an Dhauli Khurda inscription of Santikara, a Bhauma King",80
32,Chausath Jogini temple locally known as Hirapur Khurda Mahamaya temple,80
33,"All ancient caves, structures and other Jagmara Khurda monuments or remains situated on the Udaygiri and the Khandagiri hills except the temple of Parasnath on the top of the Khandagiri hill and also the temple in front of the Barabhuji and the Trisula Caves",80
34,"Ancient remains inside and outside the Sisupalgarh Khurda rampart, mostly burriedF",80
35,Kapileswar Temple Kapileswar Khurda,80
36,Monuments of Gangadara Swami Kottakolla Ganjam,80
37,Jagadeswara Swami Kottakolla Ganjam,80
38,Bhima temple Mahendragiri Ganjam,80
39,Kunti temple Mahendragiri Ganjam,80
40,Yudhistra temple Mahendragiri Ganjam,80
41,Asoka Rock Inscriptions Pandya Ganjam (Puri Circle) Sl.No. Name of the Monument / Site Locality District,80
1,Bhingesvara Mahadeva temple Bajrakot Angul,80
2,Rock-cut Vishnu Rasol Angul,80
3,"Ruined fortress Agrahat, Jaj Bhairab, Cuttack Kedarswar, Mundmal, Chaudar, Kapaleswar, Chhatisa, Bandals, Govind Jew Patna",80
4,Ruins of the Buddhist temples and images Bandareswar Cuttack,80
5,Bhubaneswar Mahadev temple Balia Jagatsinghapur 80 Sl.No. Name of the Monument / Site Locality District,80
6,"The Ancient monuments of Barabati Fortress Cuttack Cuttack and the ruins and remains of all ancient edifices, gateways, etc., and excepting the Mosque",81
7,Churangarh Fort locally known as Sarangarh Dadhapatna Cuttack,81
8,Ananateshwar Mahadev Temple Lendura Bhagwanpur Cuttack,81
9,Pancha Pandava temple together with Magura Dhanmandal Cuttack adjacent land,81
10,Ruins of Buddhist temples and images Nalitgiri (Lalitgiri) Jajpur,81
11,Ancient sites at Baneswaranasi Padamal Pattana Cuttack,81
12,Sri Sri Mahimamani Dev Ragadi Cuttack,81
13,Durga temple Rameswar Cuttack,81
14,"Simhanatha Mahadeva temple Simhanatha Pitha, Cuttack Mauza Gopinathpur",81
15,The Monolith (a massive stone pillar) also Siriapur Jajpur called Chandeswar Pillar (In Jajpur town now),81
16,Temple of Kapileswar Mahadev Hatuari Dhenkanal,81
17,Chandrasekhar Temple (Group of Kapilas Dhenkanal Monuments and Ancient Steps),81
18,Kanakesvara Mahadev Temple and Group of Kualo Dhenkanal Temples,81
19,Arnakotiswar alias Unnnakotiswar Mahadev Latadeipur Dhenkanal Temple,81
20,Ananta Sayi Vishnu Sarang Dhenkanal,81
21,Varahanatha Jew Temple Bidhan Jajpur (In Jajpur town now),81
22,"Udayagiri Hill. Chandia jajpur Old hill containing many valuable sculptures, images and inscription,etc of Buddhist age. On the top, there is a math and a small temple of Mahakal",81
23,"Jagannath Temple including Mukteswar Jajpur Town Jajpur Temple, Snand Body Bhogasala and compound wall around the Temple including North and East Gates",81
24,"Ancient Buddhist Site, Langudi Hill Langudi Hill, Mauza Jajpur Salipur, Fazilpur and Panimuhani",81
25,Old Hill containing many valuable sculptures Ratnagiri Jajpur and images,81
26,Dharma Mahakal Temple Ratnagiri Jajpur,81
27,The Mahratta bridge lacally known as the Siriapur Jajpur Atharanulla (eighteen arches bridge) and (In Jajpur town now) also as Tentulimal bridge,81
28,"Four colossal images named: Sub-Collector’s Jajpur (i) Varahi, (ii) Chamunda, (iii) Indrani, (iv) residential complex Kalijuga in the compound of the sub (Town Jajpur) divisional officer’s quarters 81 Sl.No. Name of the Monument / Site Locality District",81
29,Trilochaneswar Mahadev Temple Trilochanpur Jajpur (In Jajpur town now),82
30,Vikramkhol rock inscriptions Vikramkhol Jharsuguda,82
31,Ancient site of Asurgarh fort Asurgarh Kalahandi,82
32,"Paintings on the rock locally known as Sitabhanji, Daguapasi Keonjhar Ravana Chhaya and other ancient villages monuments and remains",82
33,Prehistoric sites Baidyapur Mayurbhanj,82
34,Ruins of ancient fort Haripur Mayurbhanj,82
35,Prehistoric sites Kuchai Mayurbhanj,82
36,Prehistoric sites Kuliana Mayurbhanj,82
37,"The Ancient Monument of the Black pagoda Konark Puri and the ruins and remains of all ancient edifices, images, structures, basements, pillars carvings, walls, gateways, etc.",82
38,Varahi temple Puri Puri,82
39,Bridge of eighteen openings over the Puri Puri Madhupur (alias Hul hulia) stream known as Athara Nala Bridge,82
40,Shri Jagannath Temple and subsidiary Puri Puri shrines together with adjacent area 82,82
19,List of Centrally Protected Monuments under the jurisdiction of Puducherry (U.T.) (Chennai Circle) Sl.No. Name of the Monument / Site Locality District,83
1,Archaeological site and remains. Arikkamedu Puducherry (Ariankuppam),83
2,Siva temple dedicated to Sri Mulanathar Bahur Puducherry,83
3,Siva temple dedicated to Thirukkundangudi Madagadipattu Puducherry Mahesvarar called also dear kovil,83
4,Siva temple dedicated to Swayambhunatha Nedungadu Puducherry Swami or Tantondriyivar,83
5,Siva Temple Settur Puducherry,83
6,Vishnu temple dedicated to Tingalai Sri Tirubuvanai Puducherry Varadarajaperumal,83
7,Siva temple dedicated to Sri Tiruvandar Koil Puducherry Panchanathaeswarar or Sri Vadukiswarar 83,83
20,List of Centrally Protected Monuments / Sites under the jurisdiction of Punjab (Chandigarh Circle) Sl.No. Name of the Monument / Site Locality District,84
1,Ram Bagh Gate Amritsar Amritsar,84
2,Summer Palace of Maharaja Ranjit Singh Amritsar Amritsar,84
3,Bhatinda Fort Bhatinda Bhatinda,84
4,Ancient site & Buddhist Stupa Sanghol (Uncha Pind) Fatehgarh Sahib,84
5,Ancient Buddhist Stupa Site (SGL-11) Sanghol Fatehgarh Sahib,84
6,The mound about 60 feet high known as Abohar Fazilka Mud Fort situated in field No. 1787/1/1,84
7,Baradari generally known as Anarkali Batala Gurdaspur,84
8,Shamsher Khan's Tomb Batala Gurdaspur,84
9,Takht-i-Akbar Kalanaur Gurdaspur,84
10,Seven Kos Minars on old Badshahi highway Birpind Jalandhar form Delhi to Lahore,84
11,Seven Kos Minars on old Badshahi highway Chima Kalan Jalandhar from Delhi to Lahore,84
12,Mughal Bridge Dakhni Jalandhar,84
13,Sarai including Gateway Dakhni Jalandhar,84
14,Seven Kos Minars on old Badshahi highway Dakhni Jahangir Jalandhar from Delhi to Lahore,84
15,"Mughal Kos Minar, Three Miles of north- Dakhni Khanpur Jalandhar west of Dakhni Sarai Dhadha",84
16,Ancient Mound comprised in Survey Plot Katpalon Jalandhar No. 58,84
17,Theh Gatti (Mound) Nagar Jalandhar,84
18,Seven Kos Minars on old Badshahi highway Nakodar Jalandhar from Delhi to Lahore,84
19,"Two tombs, viz. the first octagonal and Nakodar Jalandhar known as the tomb of Muhammad Momin, the ‘Ustad’, now empty, and the other square and known as the tomb of Haji Jamal, his pupil; the latter, contais 5 graves inside and one on a platform outside",84
20,Sarai including gateway Nurmahal Jalandhar,84
21,Maharaja Ranjit Singh Fort Phillaur Jalandhar 84 Sl.No. Name of the Monument / Site Locality District,84
22,Seven Kos Minars on old Badshahi highway Shampur Jalandhar from Delhi to Lahore,85
23,Seven Kos Minars on old Badshahi highway Tut Kalan Jalandhar from Delhi to Lahore,85
24,Seven Kos Minars on old Badshahi highway Upal Jalandhar from Delhi to Lahore,85
25,Kos Minar about three miles east of Dhandari Kalan Ludhiana Ludhiana (missing),85
26,Kos Minar near the village of Ghungrali Ghungrali Rajputan Ludhiana Rajputan,85
27,Kos Minar near the Sarai of Lashkari Khan Laskari Khan Ludhiana,85
28,Kos Minar about one mile east of Ludhiana Sherpur Kalan Ludhiana,85
29,Ancient Site of Sunet Sunet Ludhiana,85
30,Kos Minar near the village of Sunnahwal Sunnahwal Ludhiana,85
31,Mound near college compound Ropar Ropar,85
32,Gateway of the old Sarai Akbar or Jahangir Amanat Khan Taran Taran,85
33,Gateway of the old Sarai Akbar or Jahangir Fatehabad Taran Taran 85,85
21,List of Centrally Protected Monuments / Sites under the jurisdiction of Rajasthan (Jaipur Circle and Jodhpur Circle) Jaipur Circle Sl.No. Name of the Monument / Site Locality District,86
1,Ancient site Bhangarh Alwar,86
2,Siva temple Neelkanth Alwar,86
3,Baori and Adjacent Archaeological remains Neemrana Alwar,86
4,Ancient Remains Pandrupol Alwar,86
5,Lal Masjid Tijara Alwar,86
6,Ruins of Temples Atru or Ganesh Ganj Baran,86
7,Yupa Pillars Badva Baran,86
8,Temple (12 century) Baran Baran,86
9,Ancient Ruins and Structural Remains Krishnavilas Baran,86
10,"Old Temples, Statues and Inscriptions Shergarh Baran",86
11,Akbar's Chhatri Bayana Bharatpur,86
12,Ancient Fort with its Monuments Bayana Bharatpur,86
13,Brahmabad Idgah Bayana Bharatpur,86
14,Islam Shah's Gate Bayana Bharatpur,86
15,Jahangir's Gateway Bayana Bharatpur,86
16,Jhajri Bayana Bharatpur,86
17,Saraj Sad-ul-lah Bayana Bharatpur,86
18,Usha Mandir Bayana Bharatpur,86
19,Lodhi's Minar Bayana Bharatpur,86
20,Fateh Burj near Anah Gate Bharatpur Bharatpur,86
21,Moat surrounding the Fort wall Bharatpur Bharatpur,86
22,Fort walls including Chowburja gate and Bharatpur Bharatpur approach bridges at the chowburja and ashtadhatu gates.,86
23,Jawahar Burj and Ashtadhatu Gateway Bharatpur Fort (inside) Bharatpur,86
24,Delhi Gate Bharatpur Fort Bharatpur (outside),86
25,Deeg Bhawans (Palace) Deeg Bharatpur,86
26,Looted gun Deeg Bharatpur,86
27,Marble Jhoola Deeg Bharatpur 86 Sl.No. Name of the Monument / Site Locality District,86
28,Chaurasi Khamba temple Kaman Bharatpur,87
29,Ancient Mound Malah Bharatpur,87
30,Ancient Mound Noh Bharatpur,87
31,Colossal image of Yaksha Noh Bharatpur,87
32,Lal Mahal Rupvas Bharatpur,87
33,Mahakal and two other temples Bijolia Bhilwara,87
34,Rock Inscriptions (12 century) Bijolia Bhilwara,87
35,Rock Inscriptions within the Parsvanath Bijolia Bhilwara Temple compound (12 century),87
36,Ancient temple known as Kaneri-ki-Putli Khadipur village Bhilwara,87
37,Wall Paintings of Hardoti School in the Bundi Bundi palace,87
38,Ancient Mound Keshwarai Patan Bundi,87
39,Ancient Mound Nainwa Bundi,87
40,Ancient Mound Abaneri Dausa,87
41,Baori Abaneri Dausa,87
42,Harsat Mata-ka-Mandir Abaneri Dausa,87
43,Banjaron ki Chhatri containing two pillars Lalsote Dausa similar to railing pillars of Bharhut Stupa,87
44,Ancient Mound Maheshra Dausa,87
45,Ancient Mound Raniwas Dausa,87
46,Ancient Mound Sikrai Dausa,87
47,Jogni-Jogna Temple Dholpur Dholpur,87
48,Sher Garh Fort Dholpur Dholpur,87
49,Babur's Garden along with Ancient Jhor Dholpur Structures,87
50,Sun Temple Amber Jaipur,87
51,Jama Masjid Amber Jaipur,87
52,Laxmi Narainji's Temple Amber Jaipur,87
53,Sri Jagat Siromaniji temple Amber Jaipur,87
54,Excavated Site Bairat Jaipur,87
55,Pundrik-ji-ki Haveli- Paintings in a room Brahmpuri Jaipur,87
56,Temple containing Fresco paintings Gultaji Jaipur,87
57,"Fortress known as Medhaji-ka-Mahal, JamwaRamgarh Jaipur",87
58,Excavated Site Sambhar Jaipur,87
59,Buddhist Caves and Pillars Binnayaga (Dag) Jhalawar,87
60,Caves of Naranjani etc. Binnayaga (Dag) Jhalawar,87
61,Ancient Ruins Dalsagar (Ganga Dhar) Jhalawar,87
62,Ancient Ruins Dudhaliya (Dag) Jhalawar,87
63,Buddhist Caves Hathiagor Jhalawar,87
64,Old Temples near the Chandrabhaga Jhalrapatan Jhalawar,87
65,"Buddhist Caves, Pillars, Idols Kolvi (Dag) Jhalawar",87
66,Wall Paintings in the palaces of Maharaja Karauli Karauli Gopal Lal,87
67,Siva Temple and two unpublished Gupta Charchoma Kota 87 Sl.No. Name of the Monument / Site Locality District Inscriptions,87
68,"Temple, Fort wall and Statues Dara or Mukandara Kota",88
69,Temple with Inscriptions Kanswa Kota,88
70,Ranthambhore Fort Ranthambore Sawai Madhopur,88
71,Persian Inscriptions in a Baori Sawai Madhopur Sawai Alanpur Madhopur,88
72,Jain Temple Sawai Madhopur Sawai Alanpur Madhopur,88
73,Harshnath Temple Harsh Sikar,88
74,Bisal Deoji's Temple Bisalpur Tonk,88
75,Ancient Mound Bundwali Doongri Tonk,88
76,Ancient Mound Gariagarh (Newai) Tonk,88
77,Devapura Barodia Mounds Jhalai Tonk,88
78,Hathi Bhata Kakor Tonk,88
79,Ancient Mound Nagar Tonk,88
80,Excavated Site Nagar Tonk,88
81,Inscription in Fort Nagar Tonk,88
82,Mand Kila Tal Inscription Nagar Tonk,88
83,Yupa Pillars in Bichpuria Temple Nagar Tonk,88
84,Inscription Panwar Tonk,88
85,Excavated Site Rairh (Newai) Tonk,88
86,Kala Pahar Temple Todaraisingh Tonk,88
87,Kalyanraiji's Temple Todaraisingh Tonk,88
88,Laxmi Narainji's Temple Todaraisingh Tonk,88
89,Baories old locally known as Hadi Rani ka Todaraisingh Tonk Kund,88
90,Pipaji's Temple (near dispensary) Todaraisingh Tonk Jodhpur Circle Sl.No. Name of the Monument / Site Locality District,88
1,Delhi Gate consisting of one archway Ajmer Ajmer,88
2,Magazine Buildings in the Ajmer Fort Ajmer Ajmer,88
3,One Baori on the Ajmer-Jaipur Road Ajmer Ajmer,88
4,Saheli Bazar Buildings in Daulat Bagh Ajmer Ajmer,88
5,The Adhai Din-ka-Jhonpra Ajmer Ajmer,88
6,The Badshahi Haveli in the Naya Bazar Ajmer Ajmer,88
7,The Marble Pavilions and Balustrade on the Ajmer Ajmer Ana Sagar Bundand the Ruins of the Marble Hammam behind the Ana Sagar Bund,88
8,"Tomb of Allauddin Khan known as ""Sola Ajmer Ajmer Thumba""",88
9,Tombs of Abdulla Khan and his wife Ajmer Ajmer,88
10,Tripolia Gate Ajmer Ajmer 88 Sl.No. Name of the Monument / Site Locality District,88
11,Gateway of Taragarh Hill Ajmer (Taragarh) Ajmer,89
12,Kos Minar erected by Emperor Akbar Ajmer-Jaipur Road Ajmer,89
13,Kos Minar erected by Emperor Akbar Ajmer-Jaipur Road Ajmer,89
14,Kos Minar erected by Emperor Akbar. Chatri Ajmer,89
15,One Sarai Chatri Village Ajmer,89
16,Kos Minar erected by Emperor Akbar. Ghugra Ajmer,89
17,Kos Minar erected by Emperor Akbar Hushiara Ajmer,89
18,Kos Minar erected by Emperor Akbar Hushiara Ajmer,89
19,Kos Minar erected by Emperor Akbar Kair Ajmer,89
20,Kos Minar erected by Emperor Akbar Khanpura/Kayampura Ajmer,89
21,Mahal Badshahi at Pushkar Pushkar Ajmer,89
22,Brahmaji Temple Pushkar Ajmer,89
23,Siva temple and ruins Arthuna Banswara,89
24,Ancient Remains Vithal Deva Banswara,89
25,Bhandasar Jain Temple Bikaner Bikaner,89
26,Jain Temple of Susani Goddess Morkhana Village Bikaner,89
27,Ghateshwar Temple Badoli Chittaurgarh,89
28,Kund Badoli Chittaurgarh,89
29,Shrinagar Chawri Badoli Chittaurgarh,89
30,Temple of Ashtamata Badoli Chittaurgarh,89
31,Temple of Ganesh Badoli Chittaurgarh,89
32,Temple of Sheshashayan Badoli Chittaurgarh,89
33,Temple of Shiv and Kund Badoli Chittaurgarh,89
34,Temple of Trimurti Badoli Chittaurgarh,89
35,Temple of Vamanavatar known as Narad Badoli Chittaurgarh Temple,89
36,Fort of Chittaur as a whole Chittaur Chittaurgarh,89
37,Menal (Mahanal) Temples and Math Menal Chittaurgarh,89
38,Hathiwada enclosure with inscription Nagari Chittaurgarh together with adjacent land in Survey Plot No. 301,89
39,"Ancient ruins in whole of survey Nagari Chittaurgarh no:991,992,993,994/1,994/3, 995,996,997,998,999,1000 and 1002.",89
40,Archaeological site & remains at Jeora Nilodh / Jeora Chittaurgarh comprised in Survey plot No. 416,89
41,Jain Temple Inscription Baroda Dungarpur,89
42,Somnath Temple Dev Somnath Dungarpur,89
43,Ancient Mound Baror Ganganagar,89
44,Ancient Mounds Bhannar Theri Ganganagar,89
45,Ancient Mounds (2) Binjor Ganganagar,89
46,Ancient Mound Chak-86 Ganganagar,89
47,Ancient Mounds (2) Mathula Ganganagar,89
48,Ancient Mounds Rang Mahal Ganganagar,89
49,Ancient Mound Tarkhanewala Dera Ganganagar 89 Sl.No. Name of the Monument / Site Locality District,89
50,Ancient Mounds Badopal Hanumangarh,90
51,Ancient Mounds Bhadrakali Hanumangarh,90
52,Ancient Mounds Dhokal Hanumangarh,90
53,Fort Bhatner Hanumangarh Hanumangarh,90
54,Ancient Mounds (3) Kalibanga Hanumangarh,90
55,Ancient Mounds Manak Hanumangarh,90
56,Ancient Mounds Munda Hanumangarh,90
57,Ancient Mounds Peer Sultan Hanumangarh,90
58,Ancient Mound Pilibanga Hanumangarh,90
59,Fort including Ancient Temples Jaisalmer Jaisalmer,90
60,Ancient Site Lodruva Patan Jaisalmer,90
61,Fort Mandore Jodhpur,90
62,Chetak Samadhi Chetak Samadhi Rajsamand,90
63,"Archaeological Siteand Remains comprised Gilund (Bhagwan Pura) Rajasamand in Survey plot No. 938, 941, 1065, 1066, 1067, 1068, 1069, 1070, 1071, 1072, 1073 and 1074",90
64,Haldighati Haldi Ghati Dara Rajsamand,90
65,Fort of Kumbhalgarh as a whole Kumbhalgarh Rajasamand,90
66,Ghat with inscriptions pavilions and Toranas Nav Chowki Rajasamand (together with adjacent area comprised in Rajsamand Survey Plot No. 344).,90
67,RaktaTalai RaktaTalai Rajsamand,90
68,Badhshahi Bagh Shahi Bagh Rajsamand,90
69,Pratap Smarak Chavand Udaipur,90
70,Ancient Ruins Kalyanpur Udaipur,90
71,Sas Bahu Temples Nagada Udaipur,90
72,Mahal known as Hawa Mahal Veerpura (Jaisamand) Udaipur,90
73,Hawa Mahal known as Roothi Rani Ka Veerpura (Jaisamand) Udaipur Mahal 90 List of Centrally Protected Monuments / Sites under the jurisdiction of Sikkim Sl.No. Name of the Monument / Site Locality District,90
1,"Coronation Throne of Norbugang near Kheochod Phalvi West Sikkim Yuksam, Kheochod Phalvi,",91
2,"Dubdi Monastery, Kheochod Phalvi, Kheochod Phalvi West Sikkim",91
3,"Radbentse site of ancient capital of Sikkim, Pemayongtse West Sikkim Forest area of Pemayongtse Monastery Monastery Estate 91",91
22,List of Centrally Protected Monuments / Sites under the jurisdiction of Telangana (Hyderabad Circle) Sl.No. Name of the Monument / Site Locality District,92
1,Pre- historic site Janampet Bhadradri Kothagudem,92
2,Charminar Hyderabad Hyderabad,92
3,"Golkonda Fort, Fortifications Hyderabad Hyderabad",92
4,Alampur Temples Alampur Jagulamba Gadwal,92
5,Ramappa temple Palampet Mulugu,92
6,Ancient Mound Kondapur Sangareddy,92
7,Thousand Pillared temple Hanamkonda Warangal- Urban,92
8,"Warangal Fort, Defences and gateways Warangal Warangal- Urban 92",92
23,List of Centrally Protected Monuments/Sites under the jurisdiction of Tamilnadu (Chennai Circle and Tiruchirapalli Circle) Chennai Circle Sl.No. Name of the Monument / Site Locality District,93
1,“Arsenal” between Wellesley house and Chennai Chennai Clive’s House with shells and cannons piled together near the Gateway Block IV/1 to12 and 14 to18.,93
2,"Big Warehouse, south of the Church Library (in Chennai Chennai Block No.II/7).",93
3,Chaplain’s house including portion which is the Chennai Chennai northern side of the Old Wall II/1.,93
4,Clive’s House built in 1753. Chennai Chennai,93
5,"Garrisons Engineer’s Depot, Block No.IV. Chennai Chennai",93
6,Guard Room Block No.V. Chennai Chennai,93
7,"It’s Ramparts, gates, bastions, Ravelins with Chennai Chennai vaulted chambers and water cisterns underneath, moat and defence walls all round with glacis to the extent of the existing barbed wire fence.",93
8,King’s Barracks Block No.XXV. Chennai Chennai,93
9,Last house on the left of ‘Snobs Allay’ (oldest Chennai Chennai house in the Fort with carved staircase) – Block No. I/I.,93
10,Nursing Sister’s House Chennai Chennai (Block I/3).,93
11,Old British Infantry Officers Mess (Now Chennai Chennai Archaeological Dept. Office & Fort Museum) Block XXXVI-2.,93
12,St. Mary’s Church with tablets laid on the Chennai Chennai ground and enclosed by a compound and a buried wall.,93
13,"Tomb of Elihu Yale and Joseph Hymmners in Chennai Chennai the compound of Law College, George town",93
14,"Wellesley House (Built in 1798), Block No.IV/13. Chennai Chennai",93
15,Old Town Wall Tondiarpet Chennai,93
16,Nitiswaraswami Temple. Srimushnam Cuddalore,93
17,Chennaraya Perumal Temple together with Adiyamankottai Dharmapuri Adjacent land .,93
18,Jain Temple Mettupudur Erode,93
19,Megalithic Cists and Cairns. Agaram Kanchipuram,93
20,Megalithic Cists and Cairns. Agaram Kanchipuram,93
21,Megalithic cists and cairns. Alattur Kanchipuram,93
22,Megalithic cists and cairns. Amur Kanchipuram,93
23,Megalithic Cists and Cairns. Anur Kanchipuram,93
24,Megalithic cists and cairns in groups. Araiyapakkam Kanchipuram 93 Sl.No. Name of the Monument / Site Locality District,93
25,Megalithic Cists and Cairns. Atcharavakkam Kanchipuram,94
26,Megalithic cairns and cists with stone circles. Ayyanjeri Kanchipuram,94
27,Iravatanesvara Temple. Big Kanchipuram Kanchipuram,94
28,Jvarahareswara Swamiar Temple. Big Kanchipuram Kanchipuram,94
29,Megalithic Cists and Cairns with bounding Echchur Kanchipuram stone-circles.,94
30,Megalithic Cairns and Cists. Edakunram Kanchipuram,94
31,Megalithic cists and cairns. Eluchur Kanchipuram,94
32,Megalithic Cairns and Cists Erumaiyur Kanchipuram,94
33,Megalithic cists and cairns. Gudalur Kanchipuram,94
34,Megalithic Cists and Cairns with bounding Guduperum Kanchipuram stone-circles Bedu,94
35,Megalithic cists and cairns with stone circles. Guduvancheri Kanchipuram,94
36,Group of Cairns. Kadapperi Kanchipuram,94
37,Cairns in the forest reserve at the foot of the Kadmalaiputhur Kanchipuram Perumbair hills.,94
38,Cromlechs. Kadmalaiputhur Kanchipuram,94
39,Megalithic Cists and Cairns. Kalanipakkam Kanchipuram,94
40,Megalithic Cists and Cairns. Kalathur Kanchipuram,94
41,Megalithic Cists and Cairns. Kalvay Kanchipuram,94
42,Cists and cairns Kanakapattu Kanchipuram,94
43,"Piravatanesvara Temple together with the whole Kanchipuram Kanchipuram of the land in town survey No. M 128I Ward No. IV, Block No. 17",94
44,Sri Mathangeswarar Swamiar Temple. Kanchipuram Kanchipuram,94
45,Sri Muktesvara Swami Temple. Kanchipuram Kanchipuram,94
46,Vaikuntaperumal koil temple. Kanchipuram Kanchipuram,94
47,Megalithic cists and cairns with Bounding stone Kandalur Kanchipuram circles.,94
48,Megalithic Cairns and Cists. Karanaithangal Kanchipuram Porinjam Bakkam,94
49,Megalithic cists and cairns with stone circles. Kattamputtur Kanchipuram,94
50,Megalithic cairns and cists with stone circles. Kilampakkam Kanchipuram,94
51,Megalithic Cairns and Cists. Kottamedu Kanchipuram,94
52,Megalithic Cairns and Cists. Kumili Kanchipuram,94
53,Megalithic cists and cairns with stone circles on Kunnattur Kanchipuram the hill.,94
54,Megalithic cairns and cist with bounding circles. Kunnavakkam Kanchipuram,94
55,Megalithic cairns and cists with stone circles. Kuravanmedu Kanchipuram,94
56,1. Sri DhenupuriswaraTemple. Madambakkam Kanchipuram,94
2,Graden attached to above temple,94
57,The large Siva Temple of Tenneri. Madavilagam Kanchipuram,94
58,Megalithic Cists and Cairns. Madayathur Kanchipuram,94
59,Megalithic cists and cairns with bounding Stone Maganiyam Kanchipuram circles. 94 Sl.No. Name of the Monument / Site Locality District,94
60,Megalithic Cists and Cairns. Mailai Kanchipuram,95
61,Megalithic Cists and Cairns with bounding Malaipattu Kanchipuram stone-circles.,95
62,Megalithic Cists and Cairns. Malaivaiyavur Kanchipuram,95
63,Aleva shore Temple Mamallapuram Kanchipuram,95
64,Arjuna’s Penance. Mamallapuram Kanchipuram,95
65,Arjuna’s Ratha (One of the Five Rathas situated Mamallapuram Kanchipuram in a group).,95
66,Bhima’s Ratha (One of the Five Rathas situated Mamallapuram Kanchipuram in a group).,95
67,Dharmaraja’s Ratha (One of the Five Rathas Mamallapuram Kanchipuram situated in a group).,95
68,Dharmaraja’s Rock cut throne Mamallapuram Kanchipuram,95
69,Dolotsava mandapa. Mamallapuram Kanchipuram,95
70,Droupadi’s Bath Mamallapuram Kanchipuram,95
71,Droupadi’s Ratha (One of the Five Rathas Mamallapuram Kanchipuram situated in a group).,95
72,Eight stone images on a masonry platform Mamallapuram Kanchipuram known as the Seven pidaris.,95
73,"Huge stone figures of a lion, elephant and a Mamallapuram Kanchipuram bull.",95
74,Iswara Temple (built on the rock above the Mamallapuram Kanchipuram Mahishamardhani Rock Cut Mandapa).,95
75,Kotikal Mandapa. Mamallapuram Kanchipuram,95
76,Krishna Mandapa. Mamallapuram Kanchipuram,95
77,Krishna’s butterball. Mamallapuram Kanchipuram,95
78,Large unfinished rock sculpture similar to Mamallapuram Kanchipuram Arjuna’s Penance near the light-house.,95
79,Mahishamardhani rock cut Mandapa. Mamallapuram Kanchipuram,95
80,Mahishasura rock standing in the sea to the Mamallapuram Kanchipuram north of Shore Temple.,95
81,Mukundunayanar Temple Mamallapuram Kanchipuram,95
82,"Rock sculptures representing a group of Mamallapuram Kanchipuram elephants, monkeys and peacock",95
83,Rock-cut Ganesa Temple. Mamallapuram Kanchipuram,95
84,Rock-cut Varaha temple containing Varaha and Mamallapuram Kanchipuram Vamana Incarnations of Vishnu.,95
85,Royagopuram (unfinished). Mamallapuram Kanchipuram,95
86,Sahadeva’s Ratha (One of the Five Rathas Mamallapuram Kanchipuram situated in a group),95
87,Small Monolithic Temple known as Valiankuttai Mamallapuram Kanchipuram Ratha (unfinished),95
88,Stone Sculpture representing a group of Mamallapuram Kanchipuram monkeys,95
89,Triple celled rock-cut shrine with Gopi’s churn in Mamallapuram Kanchipuram front of it.,95
90,Two rock-cut cave Temples at the north-east Mamallapuram Kanchipuram corner of the Koneri Pallam tank.,95
91,Two small carved rocks to the south of the Mamallapuram Kanchipuram shore temple. 95 Sl.No. Name of the Monument / Site Locality District,95
92,Two small monolithic Temples known as the Mamallapuram Kanchipuram Pidari Amman Ratha (unfinished).,96
93,Two unfinished Excavations near the large Mamallapuram Kanchipuram unfinished rock and sculpture similar to the Arjuna’s penance near the Light house.,96
94,Unfinished Excavation close to the Triple Celled Mamallapuram Kanchipuram Rock -cut Shrine with Gopi’s churn in front of it.,96
95,Unfinished excavations to the south of Mamallapuram Kanchipuram Droupadi’s bath.,96
96,Unfinished Ratha and stone couch (to the east Mamallapuram Kanchipuram of the Iswara Temple),96
97,Unfinished rock-cut cave temple north of Mamallapuram Kanchipuram Krishna Mandapa.,96
98,Megalithic Cists and Cairns. Mampattu Kanchipuram,96
99,Megalithic Cists and Cairns. Manamai Kanchipuram,96
100,The Old Temple with apsidal Gopuram. Manimagalam Kanchipuram,96
101,Large group of Megalithic cists and cairns. Melkottaiyur Kanchipuram,96
102,Megalithic Cists and Cairns. Musaivakkam Kanchipuram,96
103,Megalithic cists and cairns with stone circles. Naduvakkarai Kanchipuram,96
104,Megalithic Cists and Cairns. Nallikuppam Kanchipuram,96
105,Megalithic cists and cairns Nandambakkam Kanchipuram,96
106,Megalithic cists and cairns with stone circles. Nandivaram Kanchipuram,96
107,A Group of cairns. Nanmangalam Kanchipuram,96
108,Megalithic cists and cairns with bounding stone Nattam Kanchipuram circles.,96
109,Megalithic Cairns and Cists. Nedungunram Kanchipuram,96
110,Megalithic cists and cairns with stone circles. Olalur Kanchipuram,96
111,Megalithic Cairns and Cists. Ottivakkam Kanchipuram,96
112,Megalithic Cists and Cairns. Ottiyambakkam Kanchipuram,96
113,Munkudine Eswaran Temple. P.V.Kalathur Kanchipuram,96
114,Megalithic Cairns and Cists. Padur Kanchipuram,96
115,Megalithic Cairns and Cists. Palayasivaram Kanchipuram,96
116,Megalithic cairns and cists in showing clear Pallavaram Kanchipuram structural Postures.,96
117,Megalithic cists and cairns with stone circles. Palliyagaram Kanchipuram,96
118,Megalithic Cists and Cairns. Paranur Kanchipuram,96
119,Megalithic Cists and Cairns. Perumbakkam Kanchipuram,96
120,Megalithic Cists and Cairns with stone circles. Perunagar Kanchipuram,96
121,Megalithic cists with stone circles Perungalathur Kanchipuram circumscribing.,96
122,Megalithic Cists and Cairns with stone circles. Ponmar Kanchipuram,96
123,Megalithic Cists and Cairns. Porundavakkam Kanchipuram,96
124,Megalithic Cists and Cairns. Pudupakkam Kanchipuram,96
125,Megalithic cists and cairns bounded with stone Pulippakkam Kanchipuram circles,96
126,Megalithic Cists and Cairns. Pundi Kanchipuram 96 Sl.No. Name of the Monument / Site Locality District,96
127,Megalithic cists circumscribed by stone circles. Rajakulipettai Kanchipuram,97
128,Megalithic Cists and Cairns with stone circles Rayalpattu Kanchipuram,97
129,Ruined Dutch Fort and cemetery. Sadras Kanchipuram,97
130,Kailasnatahaswami temple at salabogam Salabogam Kanchipuram temple.,97
131,Rock-cut Siva temples with three lingas. Salavankuppam Kanchipuram,97
132,The tiger headed rock-cut temple. Salavankuppam Kanchipuram,97
133,"Two inscribed rocks, one having six and the Salavankuppam Kanchipuram other fifty lines of ancient Tamil inscriptions with remains of other ancient buildings around them.",97
134,Megalithic cairns and cists. Sanur Kanchipuram,97
135,Megalithic cists and cairns in Virgin state. Sastirampakkam Kanchipuram,97
136,A group of cairns Sembakkam Kanchipuram,97
137,Megalithic Cairns and Cists Sembakkam Kanchipuram,97
138,Megalithic Cists and Cairns Sengunram Kanchipuram,97
139,Megalithic cists and cairns intact with stone Settipuniyam Kanchipuram circles,97
140,Megalithic Cists and Cairns. Settupattu Kanchipuram,97
141,Megalithic cairns with stone circles and Sikkarayapuram Kanchipuram sarcophagi.,97
142,Megalithic Cists and Cairns. Sirudavur Kanchipuram,97
143,Megalithic cists and cairns with stone circles. Sirukalattur Kanchipuram,97
144,Megalithic Cists and Cairns. Sirukunram Kanchipuram,97
145,Megalithic Cists and Cairns. Sittalapakkam Kanchipuram,97
146,Urn burial and megalithic site. St. Thomas Mount Kanchipuram,97
147,Megalithic Cists and Cairns. Tandalam Kanchipuram,97
148,Megalithic Cairns and Cists. Tattanur Kanchipuram,97
149,The Lesser Siva temple at Tenneri. Tenneri Kanchipuram,97
150,Orikkal Mandapam. Tirukallikunram Kanchipuram,97
151,Venkatesaperumal temple. Tirumukkudal Kanchipuram,97
152,A group of cairns. Tiruneermalai Kanchipuram,97
153,Megalithic cist Tiruneermalai Kanchipuram,97
154,Vast area of megalithic cists and cairns covering Tirupporur Kanchipuram the entire hill with the temple of Kailasanatha.,97
155,Sarcophagi and urns spread over a wide area; Tirusulam Kanchipuram traces of Megalithic cists and circles.,97
156,Nithya Kalyana Swami temple. Tiruvidanthai Kanchipuram,97
157,Megalithic grave yard. Tiryvadisulam Kanchipuram,97
158,Megalithic Cists and Cairns. Unamanjeri Kanchipuram,97
159,Vaikunta Perumal temple together with adjacent Uttiramerur Kanchipuram land,97
160,A dolmen intact. Uttiramerur Kanchipuram,97
161,Megalithic Cairns and Cists. Vadakkuppattu Kanchipuram,97
162,Megalithic Cists and Cairns with bounding Vadamangalam Kanchipuram stone-circles. 97 Sl.No. Name of the Monument / Site Locality District,97
163,Megalithic Cists and Cairns. Vaiyavur Kanchipuram,98
164,Megalithic cairns and cists with stone circles. Vallanjeri Kanchipuram,98
165,Megalithic cist Vandalur Kanchipuram,98
166,Tirupuleswarar temple. Vayalur Kanchipuram,98
167,Megalithic cists and cairns with stone circles. Vedanarayana Kanchipuram Puram,98
168,Megalithic Cists and Cairns. Vembedu Kanchipuram,98
169,Megalithic Cists and Cairns. Vengur Kanchipuram,98
170,Megalithic cists and cairns with stone circles. Venkitapuram Kanchipuram,98
171,Megalithic cists and cairns with stone circles. Venpakkam Kanchipuram Village No.69,98
172,Megalithic cists and cairns with stone circles. Venpakkam Kanchipuram Village No.273,98
173,Megalithic Cairns and Cists. Venpakkam Kanchipuram Village No.186,98
174,Megalithic Cists and Cairns. Virapuram Kanchipuram,98
175,Hill Fort Krishnagiri Krishnagiri,98
176,Hill Fort Rayakkottai Krishnagiri,98
177,Hill at Namakkal excluding the fort at its top and Namakkal Namakkal the temples of Sri Narasimhaswami and Sri Ranganathaswami on either side of the hill.,98
178,The temples of Sri Narasimhaswami and Sri Namakkal Namakkal Ranganathaswami on either side of the hill.,98
179,Megalithic cists and cairns. Karai Perambalur,98
180,Ranjangudi fort. Ranjankudi Perambalur,98
181,Siva temple. Valikantapuram Perambalur,98
182,Shamaskhan Mosque. Vallapuram Perambalur,98
183,Remains of the Fort with the Buildings thereon. Attur Salem,98
184,Fort and Temple on hill. Chinna Kavandanur Salem,98
185,Urn burials. Amirtha Tiruvallur Mangalam,98
186,A virgin ground containing many barrows. Attanthangal Tiruvallur,98
187,Megalithic cist. Chedalpakkam Tiruvallur,98
188,Megalithic cairns and Barrows. Neyveli Tiruvallur,98
189,Urn Burials. Palavakkam Tiruvallur,98
190,Megalithic cists and cairns. Pammadukulam Tiruvallur,98
191,Megalithic cists and cairns with bounding stone Panchali Tiruvallur circles.,98
192,Megalithic cist and cairns. Pondavakkam Tiruvallur,98
193,Megalithic cists and cairns. Pottur Tiruvallur,98
194,The Prehistoric settlement site coeval with the Pulal Tiruvallur Megalithic period.,98
195,Dutch Cemetery. Pulicat Tiruvallur,98
196,Cairns site. Sengarai Tiruvallur,98
197,Megalithic cairns with bounding stone circles. Siruvadu Tiruvallur 98 Sl.No. Name of the Monument / Site Locality District,98
198,Megalithic cairns with bounding stone circles. Tadipadi Tiruvallur,99
199,Megalithic cairns with bounding stone circles. Vanmalli Tiruvallur,99
200,Svayambunatha temple. Kilputhur Tiruvannamalai,99
201,Rock-cut shrine. Kuranganilmuttam Tiruvannamalai,99
202,"Rock-cut caves, sculptures and inscriptions. Mamandur Tiruvannamalai",99
203,Site containing megalithic burials including the Mottur Tiruvannamalai monolithic anthromorphic figure erected at the site.,99
204,Rock-cut caves. Narasamangalam Tiruvannamalai,99
205,Chandramoulisvarar temple together with Nattery Tiruvannamalai adjacent land.,99
206,Megalithic Cists and Cairns. Nedungal Tiruvannamalai,99
207,Rock cut temple and sculpture. Siyamangalam Tiruvannamalai,99
208,Megalithic Cists. Tellur Tiruvannamalai,99
209,Megalithic Cists and Cairns. Tetturai Tiruvannamalai,99
210,The Jain Temple Tirumalai Tiruvannamalai,99
211,Two natural caverns known as Skandasramam Tiruvannamalai Tiruvannamalai and Virupakshi Guhai with the passage leading to Skandasramam from Ramanasramam. Tiruvannamalai/Tiruvannamalai,99
212,Megalithic Cists and Cairns Venkunam Tiruvannamalai,99
213,Delhi gate. Arcot Vellore,99
214,Masjid and 2 ponds in the west of the citadel. Arcot Vellore,99
215,The adjoining building. Arcot Vellore,99
216,The Cannon. Arcot Vellore,99
217,Ranganatha Temple along with adjoining area Erukkampattu Vellore comprised in a portion.,99
218,Monolithic rock cut temple. Mahendravadi Vellore,99
219,Choleswara temple. Melpadi Vellore,99
220,Somanatha temple. Melpadi Vellore,99
221,North Eastern corner of the outer rampart of the Muppaduvetti Vellore old Fort at Arcot.,99
222,Rock inscriptions in the right flank. Sholinghur Vellore,99
223,Konar Temple. Tirumalpur Vellore,99
224,Jain sculptures and inscriptions on the hill. Vallimalai Vellore,99
225,Subramania Temple. Vallimalai Vellore,99
226,Fort. Vellore Vellore,99
227,Jalakanteswara Temple. Vellore Vellore,99
228,Old mosque in the fort. Vellore Vellore,99
229,Rock and sculptures and caves. Vilapakkam Vellore,99
230,Brahmapuriswara Temple. Brahmadesam Villupuram,99
231,Sri Pathaleswara Temple. Brahmadesam Villupuram,99
232,Rock -cut Pallava temple. Dalavanur Villupuram 99 Sl.No. Name of the Monument / Site Locality District,99
233,Sri Azagiya Narasimha perumal Temple. Ennayiram Villupuram,100
234,"Fortress comprising hill fort on the Rajagiri, the Gingee Villupuram inner and lower fort, and lines of fortifications connecting the Rajagiri, Krishnagiri and Chakkilidurg (Orme’s St. George’s mountain) hills.",100
235,"In the minor and lower forts- Gingee Villupuram (a) (i) Inner fort, Venugopala temple called ‘BajanaiKudam’ with large polished slab and fine carved figures in three panels, a granary, a gymnasium, Kalyana Mahal (ii) Stables and barracks, the remains of Mahabut Khan’s mosque (iii) Anaikulam tank (b) Lower fort, Chakkarikulam and Chettikulam ponds, a dais with two idols representing Kamalakanni Ammal and with two symbols of serpent god, the masonry platform of Desings funeral pyre and his girl-wife’s sati, idol of Hanuman.",100
236,Old Jail near the Pondicherry gate and two Gingee Villupuram Persian inscriptions on the outer face of the last two bastions in the south of the eastern wall of the inner fort.,100
237,"On the Krishnagiri-Two granaries, well for Gingee Villupuram storing ghee,well for storing oil, two temples and an audience chamber.",100
238,"On the Rajagiri - Two granaries, a magazine, Gingee Villupuram flagstaff, Ranganatha temple, Kamalakanniamman temple and the sacrificial slab in front of it, a big cannon, a treasury and an audience hall.",100
239,"Saad-at-alla Khan’s mosque with Persian Gingee Villupuram inscriptions, inscriptions in Persian on Pondicherry gate (A.D. 1713).",100
240,Venkataramana Temple with inscriptions in Gingee Villupuram Tamil-Prisoner’s well,100
241,Urn burial site. Kadagambattu Villupuram,100
242,Pallava rock-cut shrine. Kilmavilangai Villupuram,100
243,Rock-cut Pallava Temple. Mandagapattu Villupuram,100
244,Outside the fort;- Narasingarayanan Villupuram (i) Pattabirama temple pettai (ii) Twelve-pillared mandapa.,100
245,Talagirisvara temple and a cave containing an Panamalai Villupuram image of Durga and Pallava inscription together with adjacent land,100
246,Apathsahayeswra Temple and gateway with Sendamangalam Villupuram Horses.,100
247,Megalithic cairns with stone circles. Sengamedu Villupuram,100
248,"Twenty four Jain figures in two rows, a standing Sirukadambur Villupuram rude figure, two fragments of a sitting figure and two inscriptions on Tirunathankunnu.",100
249,Vinnamparai rock containing Pallava Thondur Villupuram inscriptions.,100
250,Megalithic stone circles. Tiruvakkarai Villupuram 100 Tiruchirapalli Circle Sl.No. Name of the Monument / Site Locality District,100
1,Brihadisvara Temple. Gangaikonda Ariyalur cholapuram,101
2,Jain statue built of granite. Jayankonda Ariyalur cholapuram,101
3,Jain statue called Paluppar. Jayankonda Ariyalur cholapuram,101
4,Mandapakadu Chettipalayam Coimbatore,101
5,Fort on Rock Dindigul Dindigul,101
6,Dolmens near Palamalai. Adukkam Dindigul,101
7,Cave in Sitharmalai Mettupatti Dindigul,101
8,Dolmens in Machur Panaikkadu Dindigul,101
9,Dolmens near Machur Panaikkadu Dindigul,101
10,Dolmens near Talayar River Panaikkadu Dindigul,101
11,Dolmens Vilpatti Dindigul,101
12,Rock-amidst Sea where Swami Vivekananda Kanyakumari Beach Kanyakumari meditated,101
13,"Rock-cut cave temple together with adjacent Thirunanthikarai Kanyakumari land in survey plot nos. 2632/8, 2632/9 and 2632/10",101
14,Bhagvathi Temple Chitral together with adjacent Chitral Kanyakumari land comprised in part of survey plot no. 4752,101
15,"Vattakottai Forttogether with adjacent area Vattakottai Kanyakumari comprised in survey plot nos. 1342, 1344/5 and part of survey plot nos. 1340/4, 1340/3, 1341/1, 1341/4, 1344/6 and 1343/1",101
16,"Parthasarathiand Krishna Temples Complex Parthivapuram Kanyakumari together with adjacent area comprised in survey plot nos.535/1, 534/2, 535/10, part of survey plot nos. 534/1, 533/7, 535/8, 533/2, 534/4, 533/5, 533/6 and 535/9",101
17,Rock. Vaigainallur Karur,101
18,"Jain statues, rock inscriptions and Kalluthu Madurai Panchapandava beds on the hill.",101
19,Rock-cut Jain Bas-relief and beds and a Karadipatti Madurai mutilated Jain stone image.,101
20,Rock cut Bas-relief of Jain images with Keelakuilkudy Madurai inscriptions in Vattalethu in Ammanamalai or Samanarmalai.,101
21,"Panchapandavarbed, Jain statues and Brahmi Kilaiyur Kilavalavu Madurai and Vattalothu inscriptions on the Panchapandavarmalai.",101
22,Rock-cut beds under natural rock shelter in Melakuilkudy Madurai Ammanamalai or Samanarmalai.,101
23,Alagarmalai cavern with Panchapandava beds Melur Madurai midway between Alagarmalai and Kidanpatti.,101
24,Cavern with Panchapandava beds on western Tiruparankunram Madurai slope of the hills and similar beds behind the Sikkandar mosque on the top. 101 Sl.No. Name of the Monument / Site Locality District,101
25,Rock-cut cave and inscriptions on the southern Tiruparankunram Madurai side of the Tiruparankunram Rock.,102
26,Ramapadam Mantapam. Kodiakkadu Nagapattinam,102
27,Inscribed stone. Kodiyakarai Nagapattinam,102
28,Excavated Remains of Buddhist Vihara and Melaiyur Nagapattinam Temple at Pallanareswaram.,102
29,Kambarmedu. Melaiyur Nagapattinam,102
30,Town Gateway. Tranquebar Nagapattinam (Tarangambadi),102
31,Group of sculpted dolmens at Banagudisholai Banagudisholai Nilgiri,102
32,Jain Theerthankara images Alangudipatti Pudukkottai,102
33,Jain image. Alathur Pudukkottai,102
34,The dolmens and cairns Amburapatti Pudukkottai,102
35,The site locally known as “Kurangupattarai” Ammachatram Pudukkottai (Prehistoric burial site).,102
36,Whole cave with the two Jain figures carved on Ammachatram Pudukkottai the rock over it on the eastern side of Aluruttimalai in Ammachatram village and damaged inscription on the northen side of the sloping sheet of the rock below the same cave.,102
37,The whole of the Siva Temple and the inscribed Ammankurichi Pudukkottai stone in the front mantapam.,102
38,"The Pre-historic burials, stone circles and Annavasal Pudukkottai menheirs.",102
39,Two Jain Tirthankara image Annavasal Pudukkottai,102
40,Siva temple. Ariyur Pudukkottai,102
41,Jain Theerthankara Image and the granite stone Chettipatty Pudukkottai bearing an inscription.,102
42,Ruined Jain temple. Chettipatty Pudukkottai,102
43,Sarangatheeswara temple known as Chittur Pudukkottai Thiruvagneeswarar temple.,102
44,The dolmens in the right flank of Chokkanatham Chokkanatha Pudukkottai kanmoi. Patti,102
45,The rock-cut Siva shrine. Devarmalai Pudukkottai,102
46,Kalabham Udaiyar Temple. Irumbanadu Pudukkottai,102
47,Siva Temple and the lion pillar. Irumbanadu Pudukkottai,102
48,Soundararaja Perumal Temple. Irumbanadu Pudukkottai,102
49,Stone idols of Ganesa and Anjaneya Irumbanadu Pudukkottai,102
50,Jain Thirthankara Idol Kannangarakudi Pudukkottai,102
51,"Jain image, a stone lion and foundations of a Kannangudi Pudukkottai temple.",102
52,Balasubramanya Temple. Kannanur Pudukkottai,102
53,The dolmens. Kilaiyur Pudukkottai,102
54,Uttamadaniswara temple. Kilattaniyam Pudukkottai,102
55,Ruined Siva Temple. Kilayur(Kaliyapatti) Pudukkottai,102
56,Uttamanathasvami Siva Temple. Kiranur Pudukkottai 102 Sl.No. Name of the Monument / Site Locality District,102
57,Mucucundeswara temple and the tank in front of Kodumbalur Pudukkottai it.,103
58,"Muvarkoil with surrounding sub-Shrines, stone Kodumbalur Pudukkottai enclosure and stone well on the north-west corner.",103
59,Remains of Aivar kovil Kodumbalur Pudukkottai,103
60,Remains of the structural temple and antiquities Kodumbalur Pudukkottai,103
61,Cavern on the western side of the Kudumiyanmalai Pudukkottai Kudumiamalai temple hill.,103
62,The Amman shrine. Kudumiyanmalai Pudukkottai,103
63,The Musical Inscription. Kudumiyanmalai Pudukkottai,103
64,The rock-cut shrine called Melakkovil with Kudumiyanmalai Pudukkottai mantapam in front.,103
65,The Sikhanathaswami temple. Kudumiyanmalai Pudukkottai,103
66,"Eight Natural caverns, Jain idols and Kulathur Pudukkottai inscriptions",103
67,The Iswaran Kovil. Kulathur Pudukkottai,103
68,The Rock-cut Siva temple and car mantapam Kunnandarkoil Pudukkottai with wheels in the front part of the plinth.,103
69,Jain idol and the remains of the Jain temple. Letchumanpatti Pudukkottai,103
70,The idols situated in the southern bund of Madarapatti Pudukkottai Teppakulam urani.,103
71,"(i) The Jain Theerthankara image in Sighasana Mailapatti Pudukkottai posture lying in bas-relief on a slab (ii) The Remains of the temple (iii) The Ganesa image (iv) The Nandi, with the inscriptions on the basement and the surrounding portions in the Karuppar hill.",103
72,The two Rock-cut Siva shrines on the eastern Malakkoil Pudukkottai and southern slopes of the hill.,103
73,Rock-cut Siva Temple (Pallava 8th century Malayadipatti Pudukkottai A.D.).,103
74,Rock-cut Vishnu cave Temple (Pallava 8-9th Malayadipatti Pudukkottai century A.D.).,103
75,Jain Temple site. Mangathevanpatti Pudukkottai,103
76,Ruins of the Jain shrine. Mangathevanpatti Pudukkottai,103
77,Siva and Pillayar temples. Mangudi Pudukkottai,103
78,Jain Thirthankara Idol (Aiyanar) and Devi idols. Marudur Pudukkottai,103
79,"Melanilaipatti, Mennandar Pilliar Temple. Melanilaivayal Pudukkottai",103
80,The Pre-historic burial sites. Melur Pudukkottai,103
81,"The Stone circles, Prehistoric burials, slabs Jain Melur Pudukkottai Tirthankara idol and the relics of the old Jain temple.",103
82,Vishnu idol. Melur Pudukkottai,103
83,The dolmens. Muttampatti Pudukkottai,103
84,The Tirupperumanadar temple called Nangupatti Pudukkottai Madattukovil. (Madattukkoil),103
85,"Jain idol, inscribed stone slab ,two Durga idols Nanjur Pudukkottai and Vishnu idol. 103 Sl.No. Name of the Monument / Site Locality District",103
86,The old burial sites in the three groups Narangiyan Pudukkottai Pettai,104
87,Ammankovil. Narthamalai Pudukkottai,104
88,Rock-cut Siva Temple called Paliyili Iswaran Narthamalai Pudukkottai with structural moulded plinth in front.,104
89,Rock-cut Vishnu shrine called Samanar Kudagu Narttamalai Pudukkottai with structural moulded plinth in front.,104
90,Vijayala Choliswaram and the group of Sub- Narttamalai Pudukkottai Shrines around it.,104
91,Jain image and the inscription to the south of it Nathampannai Pudukkottai found on the summit of the sadayapparai.,104
92,Siva Temple. Nirpalani Pudukkottai,104
93,Siva Temple. Panangudi Pudukkottai,104
94,Vishnu Temple Panangudi Pudukkottai,104
95,The dolmens. Perungulur Pudukkottai,104
96,Prehistoric dolmens. Peyal Pudukkottai,104
97,Rajendracolisvaram Temple (Siva Temple). Ponamaravati Pudukkottai,104
98,The dolmens and the Ayyanar Image. Poyyamanai And Pudukkottai Virudupatti,104
99,Jain Theerthankara images now lying in the dry Puliyur Pudukkottai lands to the north-east of Alangudipatti hamlet.,104
100,Jain image and the surrounding Temple site Puttambur Pudukkottai locally called ‘Mottai Pillaiyarkovil’.,104
101,The prehistoric burials. Puttambur Pudukkottai,104
102,The Rock-cut shrine called Pushpavaneswara. Puvalakkudi Pudukkottai,104
103,A Stone sluice with Nandippottan’s inscription. Rajalipatti Pudukkottai,104
104,Stone idols of Devi and Vishnu and the Siva Rasipuram Pudukkottai Temple.,104
105,The prehistoric burial sites. Satyamangalam Pudukkottai,104
106,"Jain mound, the Jain images and other Idols Sembattur Pudukkottai and the lion pillars.",104
107,Natural cavern called Andarmatam. Sembuthi Pudukkottai,104
108,Cairns and urns. Sendakudy Pudukkottai,104
109,Dolmens and urns. Sengalur Pudukkottai,104
110,"Vishnu,Sridevi idols. Sengirai Pudukkottai",104
111,The Bumisvaraswami temple. Sevalur Pudukkottai,104
112,Rock-cut Jain Temple (Ariver Koil). Sittannavasal Pudukkottai,104
113,The dolmens. Sittannavasal Pudukkottai,104
114,The Natural cavern with stone beds and Brahmi Sittannavasal Pudukkottai and old Tamil inscriptions called Enadipattam.,104
115,Tiruvilangudi Siva Temple Suriyur Pudukkottai,104
116,The Dolmens known as Kurangupattarai. Tayinipatti Pudukkottai,104
117,The Jain Theerthankara image seated on a Tekkatur Pudukkottai pedestal to the east of the bund of Periakanmoi and to the west of Siva temple.,104
118,Siva Temple. Tennangudi Pudukkottai,104
119,The prehistoric burials. Thekkattur Pudukkottai 104 Sl.No. Name of the Monument / Site Locality District,104
120,The Todaiyur Siva Temple by side of the bund Thodaiyur Pudukkottai of Todaikulam.,105
121,The Sanctum of the old Siva Temple. Tirukalambur Pudukkottai,105
122,Sundareswara Temple with 7 sub-shrines. Tirukkattalai Pudukkottai,105
123,The Kalasakadu Burial sites Tirukkattalai Pudukkottai,105
124,"The Rock-cut Siva Temple, Satyagiriswara Tirumayam Pudukkottai shrine.",105
125,"The Rock-cut Vishnu Temple, Satyamurti Tirumayam Pudukkottai shrine.",105
126,The Stone and brick fort. Tirumayam Pudukkottai,105
127,Jain image in the water spread of Pudukulam. Tiruppur Pudukkottai,105
128,The Choliswara Udayar temple. Tiruppur Pudukkottai,105
129,The group of dolmens. Tiruppur Pudukkottai,105
130,The Prehistoric Burial sites. Vadugapatti Pudukkottai,105
131,Jain Theerthankara image and the inscribed Valavambatti Pudukkottai stone slab. (valavanpatti),105
132,The Siva Temple. Varappur Pudukkottai,105
133,The Sivan Koil and its premises on the western Varpet Pudukkottai of Enadi kanmoi.,105
134,The old burial sites. Vathanna Pudukkottai Kurichi,105
135,The Jain Tirthankara image. Veerakkudy Pudukkottai,105
136,The Agastisvara Temple. Vellanur Pudukkottai,105
137,The Kailasanatha Temple. Vellanur Pudukkottai,105
138,The Prehistoric burial sites. Vilapatti Pudukkottai,105
139,The Two lion pillars in the Vahanamantapam Viralimalai Pudukkottai attached to the sri Subramanyaswami temple.,105
140,The Siva Temple. Visalur Pudukkottai,105
141,Boulder stone bed and Brahmi inscriptions on Kunnakudi Sivaganga the hill and rock cut temples with inscriptions at the foot of the hill.,105
142,Airavatesvarar temple Chatram Darasuram Thanjavur,105
143,A Big gun known as ‘Rajagopal’ in the east Thanjavur Thanjavur Rampart and the bastion.,105
144,Schwartz’s (Christ) Church in the north-east Thanjavur Thanjavur portion of the little Fort.,105
145,Sivaganga little fort enclosing the Great Temple. Thanjavur Thanjavur,105
146,Karuppannaswami rock and Jain sculptures. Uttamapalayam Theni,105
147,Bhaktavatsala temple Sermadevi Thirunelveli,105
148,Rock cut temples with inscriptions in Tirumalapuram Thirunelveli Varanchimalai,105
149,Valliswara temple Tiruvaliswaram Thirunelveli,105
150,Ancient Site Kunnattur Thirunelveli,105
151,Prehistoric remains. Adichanallur Thoothukudi,105
152,Prehistoric remains. Kalvoi Thoothukudi,105
153,Prehistoric remains. Karungulam Thoothukudi 105 Sl.No. Name of the Monument / Site Locality District,105
154,Head Sluice Periavoikal alias Nattu vaikal Musiri Tiruchirappalli,106
155,"(i) Path leading to the site in front of the lower Rock Fort, Trichy Tiruchirappalli cave (ii) Site in front of the lower cave (iii) Lower cave (iv) Path leading to the upper cave (v) Upper cave",106
156,Kovil. Srinivasanallur Tiruchirappalli,106
157,Fort Gateway. Tiruchchirappalli Tiruchirappalli,106
158,Sri Erumbeswaraswami Temple. Tiruverumbur Tiruchirappalli,106
159,Pre-historic sites popularly known as “pandava Kanyampundi Tiruppur graves”,106
160,Sugrivesvara Temple and Tank Sircar Periyapalayam Tiruppur,106
161,Muruganatha Temple Tirumurugan- Tiruppur poondi,106
162,Tirumal Nayak’s Palace. Srivilliputtur Virudhunagar 24. 106 List of Centrally Protected Monuments / Sites under the jurisdiction of Tripura Sl.No. Name of the Monument / Site Locality District,106
1,Gunavati Group of Temples Radhakishorepur Gomati,107
2,Temple of Chaturdasha Devata Radhakishorepur Gomati,107
3,Bhubaneswari Temple Rajnagar Gomati,107
4,Ancient mound called Shyam Sundar Ashram Jolaibari S. Tripura Tilla,107
5,"Ancient mound called Pujakhola, Paschim Paschim Pilak S. Tripura Pilak, South Tripura",107
6,Ancient mound called Thakurani Tilla Paschim Pilak S.Tripura,107
7,Ancient Remains at Boxanagar locally known Boxanagar Shipahijala as Nath Badi,107
8,"Sculptures and rock –cut reliefs of the Unakoti Range Unakoti Unakotitirtha, 107",107
25,"List of Centrally Protected Monuments / sites under the jurisdiction of Uttar Pradesh (Agra Circle, Jhansi Circle, Lucknow Circle, Meerut Circle and Sarnath Circle) Agra Circle Sl.No. Name of the Monument / Site Locality District",108
1,Agra Fort Agra Agra Including Akbari Mahal Anguri Bagh Baoli of the Diwan-i-Am Quadrangle. Carved stone inscription dated A.D. 1605 inside the Delhi gate entrance. Chitor Gates. Diwan-i-Am or Hall of Public Audience Diwan-i-Khas or Private Hall of Audience Galleries beneath the Khas Mahal Hon'ble John Russell Colvin's Tomb. Inner Amar Singh Gate. Inner Delhi Gate. Jahangiri Mahal Jahangir's Bath Khas Mahal or the Aramgah or private hall including the golden pavilions on each side. Ladies Bazaar attached to the Nagina Masjid. Machchi Bhawan or Fish House. Maharatta Building impinging on the Nagina Masjid Mina Masjid Moti Masjid or Pearl Mosque Royal Baths Nagina Masjid Salimgarh Saman Burj with Pachisi Court and surrounding chambers. Shahjahan's apartment Shish Mahal Somnath Gates Well (Baoli) in the Akbari Mahal.,108
2,"Barah Khamba together with adjoining area Agra, Tajganj Agra comprised in part of survey plot no. 150 as shown in the site plan.",108
3,Chattries on the Yamuna bank to the north of Agra Agra Ram Bagh,108
4,"Chauburji, of the temporary Burial place of Agra Agra Emperor Babur, together with the Chabutra on which it stands.",108
5,"Chini-ka-Rauza including well, tank and kiosk Agra Agra 108 Sl.No. Name of the Monument / Site Locality District facing the river Yamuna.",108
6,City wall on the west side of Agra Gate. Agra Agra,109
7,Dakhini darwaza in Mohalla Tajganj. Agra Agra,109
8,Firoz Khan's Tomb. Agra Agra,109
9,Gateway at Pul Changa Modi. Agra Agra,109
10,Gateway in the interior of Tajganj. Agra Agra,109
11,Great Idgah. Agra Agra,109
12,Itimad-ud-Daula’s Tomb Agra Agra,109
13,Inscribed tablet in a piece of the old city wall of Agra Agra Agra (Akbarabad) on the west side of the Mahatma Gandhi road,109
14,Jami Masjid Agra Agra,109
15,Jhun Jhun Katora Agra Agra,109
16,Khans Gate Agra Agra,109
17,Kiosk and buildings other than the river side Agra Agra kiosk at or near Zohra Bagh.,109
18,"Mehtab Bagh on the river bank, facing the Taj. Agra Agra",109
19,Maqbara called Kala Gumbaz between Chini- Agra Agra ka-Rauza and Bagh Wazir Khan.,109
20,Old Delhi Gate of city. Agra Agra,109
21,"Pahlwan's Tomb near Cantonment, Gwalior Agra Agra Road",109
22,Ram Bagh Gateways Agra Agra,109
23,"Ram Bagh Houses, Kiosks, terraces and Katra. Agra Agra",109
24,Rauza Diwanji Begum and Mosque Agra Agra,109
25,Sat Kuiya or Seven wells close by Ram Bagh on Agra Agra the Aligarh Road.,109
26,Small Chattri on Agra-Mathura Road. Agra Agra,109
27,Statue of Akbar's House on the Agra-Sikandara Agra Agra Road.,109
28,"Taj and grounds including the Masjid on the Agra Agra west side, the pavilions on the east and west sides of the grounds; great south entrance gateway and great courtyard surrounded by cloisters. Dalans round Taj Quadrangle Drinking fountain in the west enclosure wall of the Taj Garden. Entrance Gateway of Khan-i-Alam Bagh Fatehpur Masjid Kali Masjid and enclosure wall. Khan-i-Alam Bagh together with the new tank near the Taj Mahal Old Mughal Aqueduct. Sahelion-ka-Gumbaz No.1 Sahelion-ka-Gumbaz No.2 Sahelion-ka-Gumbaz No.3 109 Sl.No. Name of the Monument / Site Locality District Sahelion-ka-Gumbaz No.4 Sirhi Darwaja facing the inner entrance gate of the Taj. Tank near the Fatehpur Masjid Well at the Taj garden",109
29,"Tank Pahlwan near Cantonment, Gwalior road. Agra Agra",110
30,Two Gateways of early Mughal date at the Agra Agra northeast and northwest corner of Rambagh.,110
31,Well and flight of steps in the Charbagh. Agra Agra,110
32,Zohra Bagh and River side Kiosk. Agra Agra,110
33,"Fatehpur Sikri Agra Agra Abul Faizi’s House Abul Faizi's House Agra Gate. Ajmer Gate. Ankh Michauli and vaults beneath. Archways partly supporting platform by the water work and in front of covered way leading from Jodhbai's Palace towards the Hiran Minar. Astrologer's Seat & vaults beneath Baha-ud-Din's Tomb. Buland Darwaza of the Jami Masjid Baoli on the north side of Agra road below Hakim's Bath. Baradari near Kush Mahal. Baradari near Naubat Khana Baradari near Tehra Darwaza Birbal's Gate Building commonly called Baiju-ka-Makan Chandanpol Gate Chor Darwaza City Walls Cloisters in front of the hammam by the gate leading into the Diwani-i-Am courtyard. Daftarkhana (Old Dak Bungalow) Dalan (attached to Mariam's House) Darogha's House Delhi Gate Diving well Diwan-i-Khas with cloisters Domed Baths Domed Gateway on the stone ridge by the Agra Gate Elephant Gate or Hathi Pol Girl's School Guard House attached to Jodh Bai's Palace Guard House (attached to Mariam's House) Guard House 110 Sl.No. Name of the Monument / Site Locality District Guard House at the foot of the ridge by Agra gate Gwalior Gate Hakim's Bath Hakim's (Doctor's ) house Hamamm, southeast of Buland Darwaza Hamamm, in front of the Buland Darwaza Hammam(attached to Jodh Bai's Palace) Hammam, No. 2 Hammam, No. 3 Hammam outside Abul Fazl's House Hawa Mahal (Jodh Bai's Palace) Hiran Minar Horse stables,Camel stables &Hammam Hospital at the corner of Birbal's House Hospital and latrine Jami Masjid (Dargah) Jodh Bai's Palace Karwan buidings above the Karwan Sarai Karwan Sarai Khanqah Khanqah attached to Dargah Jami Masjid Khas Mahal cloisters Khatai Khana Khush Mahal or ""Hada Mahal"" Khwabagh (Khas-Mahal) King's Gate of the Jami Masjid Kitchen (attached to Mariam's Houses Lal Darwaza Mariam's House Mint Nagina Masjid North Gate commonly known as Zanana Rauza of the Jami Masjid Octagonal Baoli Pachisi Court with Dalans Panch Mahal Pigeon house Poor house on the southeast angle of Jami Masjid Ranges of building between Diwan-i-Am and the Treasury including a Hammam Poor house (attached to Nagina Masjid) Rang Mahal Ruined Bath, east of the Octagonal Baol Salim Chishti's Tomb Samosa Mahal, north of Abul Fazl's House Sangin Burj 111 Sl.No. Name of the Monument / Site Locality District Small Baths, north of Abul Fazl's house Small Masjid attached to Baha-ud-din's Tomb Small Masjid between Delhi Gate & Lal Darwaza Stone Cutter's Masjid Sukh Tal Sweet Tank at the back of Diwan-i-Khas Tomb of Islam Khan Treasury and Naubat Khana Turkish Sultana's House and Hammam Viaduct across the road leading to Bharatpur Viaduct across the road leading to Bharatpur Viaduct across the road leading to Bharatpur Well by Hiran Minar",110
34,"Kos Minar Agra-Fatehpur Sikri Agra Road,Mile 09,Furlong 04",112
35,"Kos Minar Agra-Fatehpur Sikri Agra Road, Mile 11, Fag 01",112
36,"Kos Minar Agra-Fatehpur Sikri Agra Road, Mile12,Furlong 07",112
37,"Kos Minar Agra-Fatehpur Sikri Agra Road, Mile 15, Furlong 02",112
38,"Kos Minar Agra-Fatehpur Sikri Agra Road, Mile 04, Furlong 03",112
39,"Kos Minar Agra-Mathura Road, Agra Mile 06, Furlong 07",112
40,"Kos Minar Agra-Mathura Road, Agra Mile-09, Furlong 04",112
41,"Kos Minar Agra-Mathura Road, Agra Mile-12, Furlong 01",112
42,Tomb of Mahabat Khan's Daughter. Bagh Rajpur Agra,112
43,Chattrie making the site of the Empress Bhogipura Agra Jodhbai's Tomb.,112
44,Double storied Mughal pavilion called Hajeera. Burhia-ka-Tal Agra,112
45,The village known as Burhia-ka-Tal. Burhia-ka-Tal Agra,112
46,Tomb of Sadiq Khan Gelana Agra,112
47,Tomb of Salabat Khan Gelana Agra,112
48,Dhakri-ka-Mahal Gopalpura Agra,112
49,Jami Masjid Itimadpur Agra,112
50,Jagner Fort including the Gwal Baba Temple Jagner Agra with the Stairway leading there to and the baoli outside and below tha main gate on the hill of Jagner.,112
51,Two gateways and the Mosque in the Jajau Jajau Agra 112 Sl.No. Name of the Monument / Site Locality District Sarai.,112
52,Humayun Masjid Kachhpura Agra,113
53,Bara Khamba Kagarol Agra,113
54,Guru-ka-Tal Kakretha Agra,113
55,Fifty-two bullock well Khawaspur Agra,113
56,Kamal Khan's Dargah Khawaspur Agra,113
57,Old Tila and Tasu Tila Khawaspur Agra,113
58,"Roman Catholic Cemetery with all its tombs, Lashkarpur and Sadi- Agra Boundary Walls, gateways and gardens ka-Nagla",113
59,Mass of rubble and concrete said to contain Mau Agra tombs of Ladli Begum and her two brothers Faizi and Abul Fazl,113
60,Hathi Khana Mauza Basai Mustkil Agra (Taj Ganj),113
61,Haveli of Agah Khan Mauza Basai Mustkil Agra (Taj Ganj),113
62,Itibari Khan's Mosque Near Sikandara Agra,113
63,Jaswant Singh-ki-Chattri Rajwara Agra,113
64,Mosque adjoining the Mausoleum of Jaffar Rajwara Agra Khan,113
65,Tomb of Sheikh Ibrahim Rasulpur Agra (Nephew of Salim Chishti),113
66,"Akbar's Tomb, gateway and walls round the Sikandara Agra ground.",113
67,Dalans on the east and south sides of the great Sikandara Agra south gate and domed structure on the west side of the same gate.,113
68,"Kanch Mahal, at the southeast corner of Akbar's Sikandara Agra Tomb",113
69,Mariam's Tomb Sikandara Agra,113
70,Small mosque situated in the Church Missionary Sikandara Agra Society's compound,113
71,Monuments in the memory of Captain Ronald Aligar Aligarh Cameron and other soldiers.,113
72,Khera Mound Bajera Khera Aligarh,113
73,Smaller Mound Bajera Khera Aligarh,113
74,Monument in memory of the brave men who fell Gangiri Aligarh at the hour of victory.,113
75,"Three Mounds Gorai Dhana, Iglas, Aligarh",113
76,Masjid Pilkhana Aligarh,113
77,Ancient site consisting of the remains of an Sankara Aligarh ancient fort and an extensive Khera,113
78,High isolated conical shaped mound Sankara Aligarh,113
79,"Mound, part of which appears to be the remains Sankara Aligarh of a Buddhist stupa or a temple",113
80,"Nagaria Khera Shahgarh Khera, Aligarh Shahgarh 113 Sl.No. Name of the Monument / Site Locality District",113
81,"Old Garhi or Mud Fort Shahgarh Khera, Aligarh Shahgarh",114
82,"Sahegarh Khera Shahgarh Khera, Aligarh Shahgarh",114
83,Monument near Old Fort Tappal Aligarh,114
84,Tomb of Thomson Simpson Tappal Aligarh,114
85,Large Mound Atranjikhera Etah,114
86,Khera Basundara Basundra Etah,114
87,Large mound dividing the village into two Bilsar Etah distinct portions known as Bilsar Pachiya and Bilsar Purva.,114
88,Mound containing ancient relics of the Gupta Bilsar Etah period.,114
89,Tombs of Colonel Gardener and his Begum Chaoni Etah,114
90,Remains of an old temple Malawan Etah,114
91,"Two Mounds together with a statue, ancient Noh Khas and Khera Etah sculptures and other antiquarian remains. Noh",114
92,Fort Sakit Etah,114
93,Ruined Mosque in the old Fort Sakit Etah,114
94,Extensive Khera Sarai Aghat Etah,114
95,Sita Ramji's temple Soron Etah,114
96,Remains of an old Fort Asai Khera Etawah,114
97,Ancient fortress and site Chakra Naga Etawah,114
98,Gateway Ekdil Etawah,114
99,Jami Masjid with its appurtenances Etawah Etawah,114
100,"Tomb of Nizammuddin Rapri, Shikhohabad Firozabad",114
101,"Idgah Rapri, Shikhohabad Firozabad",114
102,"Tomb of Fariduddin alias Main Fiddu Shekupur Garhi, Firozabad Rapri, hikhohabad",114
103,"Tomb of Nasiruddin Shekupur Garhi, Firozabad Rapri, Shikhohabad",114
104,Monument near Kilah railway station Hathras Hathras,114
105,Remains of an old Hindu temple inside the Hathras Hathras Dayaram's fort,114
106,Small circular mound Lakhnu Hathras,114
107,Mound Lakhnu Hathras,114
108,Monument of Major Robert Naim Pipalgaon Hathras,114
109,Monument in the memory of Samuel Anderson Sasni Hathras Nichterlein,114
110,Mound known as Gohana Khera Sasni Hathras,114
111,Closed cemetery Mainpur Mainpuri,114
112,Ancient Mound Adinga Mathura,114
113,Ancient site Bajna Mathura,114
114,Pillar with Sanskrit inscription dated samvat Barsana Mathura 1666 in the flanking tower at the Bhanakaur tank 114 Sl.No. Name of the Monument / Site Locality District,114
115,Mound (Barse ka Tila) Bhadar Mathura,115
116,Temple of Govind Deo Brindaban Mathura,115
117,Temple of Jugal Kishore Brindaban Mathura,115
118,Temple of Madan Mohan Brindaban Mathura,115
119,Temple of Radha Ballabh Brindaban Mathura,115
120,Akbari Sarai Chhatta Mathura,115
121,"Kos Minar, Mile 19 Furlong 1 Chhatta Mathura",115
122,"Kos Minar, Mile 24 Furlong 3 Chhatta Mathura",115
123,"Kos Minar, Mile 26 Furlong 7 Chhatta Mathura",115
124,"Kos Minar, Mile 29 Furlong 4 Chhatta Mathura",115
125,"Two mounds, the second mound is known as Ganesra Mathura Singer Tila",115
126,Kos Minar Gohari Mathura,115
127,Mound Jaisinghpura Mathura,115
128,Ancient Mound (Hathi Tila ) near Kishori Raman Kesopur Menoharpur Mathura college,115
129,Fortified Sarai with all its walls and gateways Kosi Mathura,115
130,Small mound locally known as Chavar Kosi Mathura,115
131,Mound Kota Mathura,115
132,Mound marking the Old Fort Mahaban Mathura,115
133,Ancient Site containing fragments of images Mat Mathura,115
134,"Ancient sculptures, carvings, images, bas- Mathura Mathura reliefs, inscriptions, stones and like objects",115
135,Gayatri mound Mathura Mathura,115
136,Girdharpur mound Mathura Mathura,115
137,Gopal Khera Mathura Mathura,115
138,"Kankali tila, Jain and Chaubara Mound Mathura Mathura",115
139,Kos Minar on the circular road Mathura Mathura,115
140,Palikhera Mound Mathura Mathura,115
141,Portions of Katra Mound which are not in the Mathura Mathura possession of Nazul tenants on which formerly stood a temple of Kehsavadeva which was dismantled and the site utilised for the mosque of Aurangzeb,115
142,"Sati Burz, supposed to commemorate the Sati Mathura Mathura of the widow of Raja Biharmal of Jaipur erected by her son Raja Bhagwandas in A.D. 1570",115
143,Site of ancient Pokhar (Pushkarini) Mathura Mathura,115
144,Queen Victoria Memorial Mathura Mathura,115
145,Ahalyaganj Mound Mathura-Brindaban Mathura road,115
146,Chamunda Tila Mathura-Brindaban Mathura road,115
147,"Kos Minar, Mile 3, Furlong 5.175 from the Mathura-Delhi road Mathura boundary",115
148,"Kos Minar, Mile 11, Furlong 5 (west of Chamah Mathura-Delhi road Mathura 115 Sl.No. Name of the Monument / Site Locality District village)",115
149,"Kos Minar, opposite to mile 13, Furlong 1 from Mathura-Delhi road Mathura road",116
150,"Kos Minar, Mile 116, 400 yards from road Mathura-Delhi road Mathura",116
151,Kos Minar in the beginning of Dig road Mathura-Dig road Mathura,116
152,Ancient Site Mora Mathura,116
153,Extensive site containing a high mound Shahpur Ghosana Mathura apparently a fort with ramparts and corner turrets,116
154,Mound Sonauth Janubi Mathura Jhansi Circle Sl.No. Name of the Monument / Site Locality District,116
1,"Closed cemetery, Katra Naka Banda Banda",116
2,Jami Masjid Banda Banda,116
3,Monument in memory of General Whitelock's Banda Banda Force,116
4,Baoli Bhawanipur Banda,116
5,"Fort of Kalinjar, together with the parapet walls, Kalinjar Banda with the gateways andthe monuments inside it, Viz. Sita Kunda, Sita Sez, Patalganga, Pandu Kund, Bhairon-ki-Jhiria, Siddh-ki-gupha, Bhagwan-Sej, Pani-ka-aman, Mrigdhara, Kotitirth, Linga temple of Nilakantha etc.",116
6,Approaches to Kalinjar Fort Kalinjar Banda,116
7,Remains of the old fort with its seven gateways. Kalinjar Banda A temple of Mahadeo and an inscribed stone in Sanskrit lying on the foot and approaches to the same,116
8,"Two inscriptions, one dated 1520, the other Ansuya ji Chitrakut undated on a large basalt rock close to the bank of the Paisuni river",116
9,Closed cemetery Bargarh Chitrakut,116
10,Temple Bargarh Chitrakut,116
11,"Remains of a temple, circa 10th century AD Barha-Kotra Chitrakut locally called Bhar Deul",116
12,Small temple with a sanctum and a flat roof Barha-Kotra Chitrakut,116
13,Two large caves known as Rikhian Barha-Kotra Chitrakut,116
14,Remains of a small Chandella temple Birpur Chitrakut 116 Sl.No. Name of the Monument / Site Locality District,116
15,"Remains of an old Chandella temple Dadhwa, Rampur & Chitrakut Manpur",117
16,Stone temple Ganesh Bagh one Chitrakut mile south-east of Karwi,117
17,Two Chandella temples standing together on Gonda Chitrakut the same platform,117
18,Balari Nath Gulrampur Chitrakut,117
19,Two temples Gulrampur Chitrakut,117
20,Temple In the Centre of a tank Chitrakut near the Jail,117
21,City cemetery Karwi Chitrakut,117
22,Ruins of an old Jain temple called Haihaiti Koh Chitrakut Mandir together with fragments of statues about the fort of the hill,117
23,Ruins of some Jain Temples Lauri of Lokhari Chitrakut,117
24,Manikpur cantonment cemetery Manikpur Chitrakut,117
25,Fort with the fortification walls and the three Marpha Chitrakut ruined Jain temples and one ruined Hindu temple inside the fort,117
26,Two ruined temples Mau Chitrakut,117
27,Inscribed statue of Chandella period under a Pura Chitrakut pipal tree,117
28,Ruins of a large linga temple of the Chandella Pura Chitrakut type,117
29,Priest’s house Ramnagar Chitrakut,117
30,Remains of a large temple Ramnagar Chitrakut,117
31,Ruins of a large Chandella temple Ramnagar Chitrakut,117
32,"Group of ruins, the principal object of which is Rasin Chitrakut the entrance door of a temple",117
33,Remains of an old fort and a disused temple Rasin Chitrakut Devi Chandra Maheshwari,117
34,"Rock hewn tank, close to the temple of Chandi Rasin Chitrakut Maheshwari",117
35,Several Sati pillars with a large standing female Rasin Chitrakut figure holding a child in her left arm,117
36,Temple of Chandi Maheshwari Rasin Chitrakut,117
37,Two large caves in the middle of a hillock with Rauli Chitrakut broken sculptures scattered about,117
38,Certain mounds covered with broken statues Kadhwa Hamirpur and sculptures,117
39,Closed British Cemetery Kaitha Hamirpur,117
40,"Jain Temple mounds covered with broken bricks Sumerpur Hamirpur etc. and three kheras near them viz, Ladhanpur, Mirzapur and Itara",117
41,Sanskrit Inscription of Samvat 1672 on the Akbarpur or Ataura Jalaun Chauknanda of Rupan Guru,117
42,Cemetery Jalaun Jalaun 117 Sl.No. Name of the Monument / Site Locality District,117
43,Chaurasi Tomb of Lodhi Shah Badshah Kalpi Jalaun,118
44,Closed Cemetery Kalpi Jalaun,118
45,Piece of fort wall on the north-east scarp with its Kalpi Jalaun circular bastion,118
46,Small domed building carried on six pillars Kalpi Jalaun immediately near to the P.W.D. Rest House,118
47,Cemetery Kunch Jalaun,118
48,Dome on twelve pillars called Bara Khamba Kunch Jalaun traditionally ascribed to the commander of Prithviraja,118
49,Mosque Orai Jalaun,118
50,Ruins of a large temple of the Chandella period Bangama Jhansi,118
51,Chandel Temple Barua-sagar Jhansi,118
52,Ghugua-ka-math Barua-sagar Jhansi,118
53,Jarai-ka-math Barua-sagar Jhansi,118
54,Jarao-ka-Marhia Barua-sagar Jhansi,118
55,Tank Barua-sagar Jhansi,118
56,Chhatari of Raja Gangaghar Rao alongwith tank Dariapur Jhansi,118
57,Jama Masjid Erich Jhansi,118
58,Gharao-ka-math Gharao Jhansi,118
59,"Memorial cemetery, south of fort on Phuta Jhansi Jhansi Darwaza",118
60,"Monument of Major F.W. Pinkney, situated on Jhansi Jhansi the hillock near the premises of Messers Eduljee Boyce &Co.",118
61,Rani Lakshmi Bai Mahal Jhansi Jhansi,118
62,Jhansi Fort Jhansi Jhansi,118
63,Sikhara-roofed temple called Marhia and Khojra Jhansi dedicated to Gond baba,118
64,Remains of a Chandella temple Kishni Khurd Jhansi,118
65,Remains of an old Chandella temple Marha Jhansi,118
66,Temple Marha Jhansi,118
67,Chandela Temple Pachwara (Gahras) Jhansi,118
68,Ruins of a large Chandella Temple containing a Patha-Sagauli Jhansi well preserved statue of Vishnu,118
69,Gunner Burkill's Tomb Ragoon Jhansi,118
70,Chandela Temple Sakrar Jhansi,118
71,Ruined temple at the upper end of Rai Tal on Sirwabaran Jhansi the banks of which is a roundish boulder containing two inscriptions of Samvat 1604 and 1608,118
72,Dilapidated Bundela temple with a colossal Banpur Lalitpur statue of Tirthankar called linga with two short inscriptions,118
73,"Ganesh Khera, an ancient site with a large Banpur Lalitpur elephant headed God",118
74,Jain Temple Banpur Lalitpur 118 Sl.No. Name of the Monument / Site Locality District,118
75,Maniktila Banpur Lalitpur,119
76,Pali Khera Banpur Lalitpur,119
77,"Three temples, two of Vishnu and one of Linga Bhadona Lalitpur Mahadeva of Gondwani type",119
78,Temple of Sun God Budhni Lalitpur,119
79,Bilmori Chandpur Lalitpur,119
80,Inscription slab of 13th century Chandpur Lalitpur,119
81,Inscribed slab dated samvat 1325 Chandpur Lalitpur,119
82,Jain temple Chandpur Lalitpur,119
83,Jhammer Chandpur Lalitpur,119
84,Sahasra Linga Chandpur Lalitpur,119
85,Small temple in the Jungle Chandpur Lalitpur,119
86,Two monolithic pillars Chandpur Lalitpur,119
87,"Varaha, Inscribed column and ruined shrines Chandpur Lalitpur",119
88,Vishnu and Lakshmi Narayan shrines Chandpur Lalitpur,119
89,Vishnu temple known as Bhandaria Chandpur Lalitpur,119
90,Small flat-roofed fane sacred to Mahadeva Dasraran Lalitpur,119
91,Half-fallen lane of Chandi having a shrine and a Daulatpur Lalitpur porch,119
92,Large slab of the seven Mothers with Ganesha Daulatpur Lalitpur lying on the bed of the valley below the temple Chandi,119
93,Ghats Deogarh Lalitpur,119
94,Gupta Temple Deogarh Lalitpur,119
95,Jain temples in Deogarh fort Deogarh Lalitpur,119
96,Large temples Deogarh Lalitpur,119
97,Varaha temple Deogarh Lalitpur,119
98,Sikhara-roofed temple known as Kathoylan Deongoul Lalitpur Mithla,119
99,Small temple with broken sikhara known as Deongoul Lalitpur Chaturbhuji,119
100,Temple of Bhavani Deongoul Lalitpur,119
101,Sati slab showing three-headed Mahadeva on Dhongra Lalitpur the top and fighting scenes below,119
102,Small temple of Sankhanath or Santanatha Dhongra Lalitpur,119
103,Akhara Dudhai Lalitpur,119
104,Bajrang Dudhai Lalitpur,119
105,Banbaba Dudhai Lalitpur,119
106,Bania-ki-Barat Dudhai Lalitpur,119
107,Chhatri with Varaha Dudhai Lalitpur,119
108,Jain temples Dudhai Lalitpur,119
109,Larger Surang Dudhai Lalitpur,119
110,Lesser Surang Dudhai Lalitpur,119
111,Linga or Mahadeva Dudhai Lalitpur,119
112,Rock-cut Narasimha Dudhai Lalitpur,119
113,Temples Dudhai Lalitpur 119 Sl.No. Name of the Monument / Site Locality District,119
114,Two small temples of the Godwani type of which Dudhai Lalitpur one is sacred to Gond baba and the other to Mahadeva,120
115,Varaha near tank Dudhai Lalitpur,120
116,"Northern temple consisting of a shrine and a Gurha Lalitpur porch sacred to Mahadeva or Linga, an inscription of Samvat 1014 over the lintel",120
117,Temples dedicated to Vishnu Gurha Lalitpur,120
118,Two temples and several relics Gurha Khera Lalitpur,120
119,Kuraiya Bir Temple Kuchdon Lalitpur,120
120,Bansa Building of Firozshah's time Lalitpur Lalitpur,120
121,Champa Marh Madanpur Lalitpur,120
122,Jain Group of temples Madanpur Lalitpur,120
123,Large temple in front of Panch Marhia Madanpur Lalitpur,120
124,Modimor Madanpur Lalitpur,120
125,Mudianior Madanpur Lalitpur,120
126,Panch Marhia Madanpur Lalitpur,120
127,Temple at Mahadeva Madanpur Lalitpur,120
128,Temples (Bari & Chotti Kacheries) Madanpur Lalitpur,120
129,"Two small temples, one of which is sacred to Madanpur Lalitpur the mother of Mahavira",120
130,Ruined temple The sanctum site has a statue Markhera Lalitpur of Trimurti,120
131,Tall Sati-slab called a Caza bearing an Markhera Lalitpur inscription of Samvat 1348,120
132,Temple Markhera Lalitpur,120
133,Temple site Markhera Lalitpur,120
134,Temple of Neelkantha Pali Lalitpur,120
135,Overhanging rock with some pre-historic Panduon Lalitpur sculptured bordering the Jamini Valley,120
136,Remains of a large Vishnu temple Satgato Lalitpur,120
137,Jain Temple and a Torana or Gateway Sironi Khurd Lalitpur,120
138,Slab containing a Kutila inscription of 46 lines of Sironi Khurd Lalitpur the reign of Mahendrapaldeva in the compound of Santinatha's temple,120
139,Torana or gateway situated outside the Sironi Khurd Lalitpur compound of modern Jain Temple,120
140,Temple Sonrai Lalitpur,120
141,Small temple with three figures of Vishnu in the Surabad Lalitpur niches outside,120
142,Fort Talbehat Lalitpur,120
143,Temple of Mahadeva Vijapur Lalitpur,120
144,Four Chandella temples and small masonry Akona Mahoba tank,120
145,Chakariya Dai carving of a women with a child Bagwa Mahoba in her arm,120
146,Ruins of two granite temple Charna Mahoba 120 Sl.No. Name of the Monument / Site Locality District,120
147,Small mound locally known as Bhainsasur with Chukta Mahoba a ruined temple on the summit and old statue inside it,121
148,"Brahm Tal, an extensive tank with embankment Kabraia Mahoba On this embankment is a ruined Chandella temple lake and the ruins of a baithak",121
149,Ruins of a palace on a hill Kulpahar Mahoba,121
150,Two ruined granite temples Luhari Mahoba,121
151,Foundation of Temple Madau Mahoba Mahoba,121
152,Granite pillar Mahoba Mahoba,121
153,Five life-sized elephant statues Mahoba Mahoba,121
154,Jama Masjid Mahoba Mahoba,121
155,Lake of Vijaya Sagar Mahoba Mahoba,121
156,Palace of Raja Paramardi Deva or Parmal Mahoba Mahoba,121
157,Small stone pillar called Alha-ki-Lat Mahoba Mahoba,121
158,Temple of Khakra-Math in the middle of Madan Mahoba Mahoba Sagar,121
159,Twenty-four rock-hewn images of the Mahoba Mahoba Tirthankara with Inscriptions dated Samavt 1206,121
160,Lake of Kirat Sagar Mahoma Mahoba,121
161,Lake of Madan Sagar Mahoma Mahoba,121
162,Makarbai Temple Makarbai Mahoba,121
163,Ruins of a large granite temple Makarbai Mahoba,121
164,Old well with an inscription of Samvat 755 Paraobari Mahoba,121
165,Large tank Patkari Mahoba,121
166,Rahiliya temple Rahiliya Mahoba,121
167,Large Chandella tank on the embankment on Rawatpur Mahoba which stands a large ruined temple of the earliest Chandella type,121
168,Smaller temple of which the dome has fallen Rawatpur Mahoba,121
169,Sijari Temple Sijari Mahoba,121
170,Tank called Baratal with an Island bearing the Srinagar Mahoba ruins of a large Chandella temple,121
171,Brahmanical temple Sukora Mahoba,121
172,Jain temple Sukora Mahoba,121
173,"Temple, a flat-roofed building Urwara Mahoba Lucknow Circle Sl.No. Name of Monument / Site Locality District",121
1,Group of ruined brick temple of the 10th century Bhagupur Amethi locally called Teligarhi,121
2,"Extensive brick strewn mounds undoubtedly of Raipur, Tikri, Amethi the ruins of Buddhist cities Shahgarh",121
3,Gateway Ajitma Auraiya,121
4,Kos Minar in field no.127 Bhagautipur Auraiya 121 Sl.No. Name of Monument / Site Locality District,121
5,Kos Minar in field no.194/1/(191/1) Jarhaulia Auraiya,122
6,Kos Minar in field no. 215-1 Paighambarpur Auraiya,122
7,"Kos Minar in field no.684 and 685, Panhar Salempur alias Sale Auraiya under Revenue Mauza, Panhar",122
8,Tomb of Salar Saifuddin alias Surkhru Salar Bahraich Bahraich,122
9,Large brick strewn khera being the ruins of an Chandra or Chardah Bahraich apparently Buddhist city,122
10,Khera said to be the ruins of one of the principal Hathi Kund Bahraich cities of Raja Karna of the Mahabharata,122
11,Tomb of Rajab Sajar alias Hatila Salar Shahpur Jote Yusuf Bahraich,122
12,Domes and buildings inside the inner enclosure Singha Parasi Bahraich including ther ancient walls of the inner enclosure of Saiyid Salar Masud's celebrated dargah,122
13,Mound locally known as Ora Jhar situated on Ghooghulpur Balrampur the road from Balrampur near the ancient remains of Sahet-Mahet (Sravasti),122
14,Mound locally known as Penahia Jhar situated Ghooghulpur Balrampur on the road from Balrampur near the Ancient remains of Saheth-Maheth (Sravasti),122
15,Mound locally known as Kharahua Jhar situated Ghooghulpur Balrampur on the road from Balrampur near the Ancient remains of Saheth-Maheth (Sravasti),122
16,Tomb of Mohd. Khan Bangash Nawab Farrukhabad Farrukhabad,122
17,Closed cemetery at all Souls Memorial Church Fatehgarh Farrukhabad,122
18,Closed cemetery at Fort Fatehgarh Farrukhabad,122
19,Closed cemetery at British Infantry lines Fatehgarh Farrukhabad,122
20,Tomb of Surgeon Thomas Hamilton Fatehgarh Farrukhabad,122
21,Queen Victoria Memorial Fatehgarh Farrukhabad,122
22,Most easterly mound of the isolated tilas Kampil Farrukhabad,122
23,Tomb of Major Robertson Karhar Farrukhabad,122
24,Mosque and Saraia Khudaganj Farrukhabad,122
25,"Stone and its enclosure marking the place Khudaganj Farrukhabad where the late Field Marshall Earl Roberts, P.C.K.G.etc. earned his Victoria Cross at the battle of Kali Nadi in 1857 situated in grave.",122
26,Tomb of Nawab Rashid Khan Maurshida-bad Farrukhabad,122
27,"Site of an old Buddhist Vihara, Extensive mound Pakhnabihar Farrukhabad",122
28,Extensive Mound Pilkhana Farrukhabad,122
29,Ancient Site Sankissa Farrukhabad,122
30,Tank of Naga called Karevar or Kandayat Tal Sankissa Farrukhabad,122
31,Tomb of Lt. Col. John Guthrie in the mud fort Thatia Farrukhabad,122
32,Mound called chauki Aphui Fatehpur,122
33,Monument in the memory of A. Blakely Asafpur Fatehpur 122 Sl.No. Name of Monument / Site Locality District,122
34,Large mound covered with broken bricks and Asni Fatehpur pottery,123
35,Extensive brick-strewn mound Asothar Fatehpur,123
36,Smaller mound bearing five large Digamber Jain Asothar Fatehpur figures which people call the five Pandavas,123
37,Emperor Aurangzeb's Pavilion Bagh Badshahi Fatehpur (Khajuha),123
38,Entire compound known as Bagh Badshahi Bagh Badshahi Fatehpur (Khajuha),123
39,Temple Bahua Fatehpur,123
40,"Four massive masonry pillars containing stone Fatehpur Fatehpur tablets with inscriptions in Urdu and Hindi representing translations of the Ten Commandments and some verses from Saint John's Gospel, on the Grand Trunk Road just opposite the Public Works Department Inspection House on the western outskirts of the town",123
41,Square sand-stone pillar bearing an inscription Fatehpur Fatehpur of Mahipaladeva dated Samvat 974 in the Municipal Garden attached to the Town Hall,123
42,The collection of miscellaneous antiquities from Fatehpur Fatehpur different parts of the District grouped round the Asni Pillar of Mahipaladeva in the Municipal garden attached to the Town Hall,123
43,Hathikhana mosque or Jaichandi mosque Hathgaon Fatehpur,123
44,"Circular mound, the site of a temple Khairai Fatehpur",123
45,Extensive mound called Garhi Khairai Fatehpur,123
46,"Monument in the memory of T.S.Powell, Col. Kunwarpur Fatehpur",123
47,Four temples Kurari Fatehpur,123
48,Ruins of a fort built by Jaya Chandra Kutila Fatehpur,123
49,Old Fort Nahar Khor Fatehpur,123
50,Extensive ruins of an ancient fortified town said Paina Fatehpur to be a stronghold of the Chandella,123
51,Old Fort Paina Kalan Fatehpur,123
52,Mound with many pieces of stone sculptures Ren Fatehpur collected upon them,123
53,Ruined temple Saton Fatehpur,123
54,Two brick Temples Sirthar Amauli Fatehpur,123
55,Two temples Thithaura Fatehpur,123
56,Extensive mound and a group of Hindu Tiksariya Fatehpur Sculptures,123
57,Temple Tindauli Fatehpur,123
58,Major Robert's Tomb Baramau Hardoi,123
59,Brick mound locally called Bhankargarh Gandwa Hardoi,123
60,High irregular khera covered with broken bricks Hardoi Hardoi and sculptures,123
61,Mound known as Kalhaur or Killo Kalhaur Hardoi 123 Sl.No. Name of Monument / Site Locality District,123
62,Memorial tomb Khasaura Hardoi,124
63,Large dih covered with broken bricks and Kherwa & Kajhgaon Hardoi pottery crowned with a small ruined temple of the 19th century AD,124
64,Memorial cemetery Madhavganj Hardoi,124
65,Well near the Dargah of Makhdum Shah Mallawan Hardoi,124
66,Ancient mound Pahunchina Khera Hardoi (Lakhamapur),124
67,Large ruined site called Sandi Khera Pali Hardoi,124
68,Tomb of Nawab of Sadar Johan Pihani Hardoi,124
69,Phulmati Sandi Hardoi,124
70,Maqbara of Nawab Diler Khan Shahabad Hardoi,124
71,Unknown Tomb Chaudhariapur Kannauj,124
72,"Tomb of Sergeant, instructor of Musketry James Gursahaiganj Kannauj Norfolk",124
73,Bala Pir Tomb Kannauj Kannauj,124
74,Big Mosque Kannauj Kannauj,124
75,Kachhiriwala tomb Kannauj Kannauj,124
76,Mosque and the tomb of Makhdum Jahanian Kannauj Kannauj,124
77,Mound known as Old Fort Kannauj Kannauj,124
78,Outer gateway Kannauj Kannauj,124
79,Small mosque west of Bala Pir Kannauj Kannauj,124
80,Small inner gateway Kannauj Kannauj,124
81,Tomb of Sheikh Mohammad Mehdi Kannauj Kannauj,124
82,Zanana Gumbad Kannauj Kannauj,124
83,Mound Bithoor Kanpur,124
84,Lona cross Garden Kanpur Kanpur,124
85,Katcheri Cemetery Kanpur Kanpur,124
86,Memorial well garden Kanpur Kanpur,124
87,"Sawada Kothi, Monument including flight of Kanpur Kanpur steps with the surrounding pateau",124
88,Subedar-ka-Talab Cemetery Kanpur Kanpur,124
89,Wheeler's Entrechment Kanpur Kanpur,124
90,Kos Minar Khalaspur Kanpur,124
91,"Three images of Lakshmana, Ganesh and Behta Kanpur Dehat Vishnu lying in the cells or each side of the doorway of the temple of Jagannatha and a Gupta pillar lying in the compound of the temple and other images",124
92,Brick temple at Nebia Khera Bhadwara Kanpur Dehat,124
93,Ancient brick temple Bhitargaon Kanpur Dehat,124
94,Mound of ruins covered with large bricks and Bhitargaon Kanpur Dehat broken figures,124
95,Kos Minar Bhognipur Kanpur Dehat,124
96,Kos Minar Bhognipur Kanpur Dehat,124
97,Tank near the tomb of Sandal Shah Bichhiapur Kanpur Dehat 124 Sl.No. Name of Monument / Site Locality District,124
98,Temple known as Phulmati Devi Bihupur Kanpur Dehat,125
99,Kos Minar Chaparghata Kanpur Dehat,125
100,Kos Minar Deosar Kanpur Dehat,125
101,Fragment of a pillar Dumapur Kanpur Dehat,125
102,Kos Minar Gour Kanpur Dehat,125
103,Kos Minar Gour Kanpur Dehat,125
104,Kos Minar Halia Kanpur Dehat,125
105,Kos Minar Jallapur Sikandara Kanpur Dehat,125
106,Ancient brick temple Kanchilipur Kanpur Dehat,125
107,Two ancient brick temple Khurda Kanpur Dehat,125
108,Mound and the ancient pillar in a modern domed Lala Bhagat Kanpur Dehat chamber together with the stone cock lying in the front of it,125
109,Kos Minar Pailwaru Kanpur Dehat,125
110,Temple known as 'Mahadeo Baba' Parauli Kanpur Dehat,125
111,Kos Minar Pitampur Kanpur Dehat,125
112,Kos Minar Raigawan Kanpur Dehat,125
113,Kos Minar Rajpur Kanpur Dehat,125
114,Kos Minar Sankhiln Buzurg Kanpur Dehat,125
115,Kos Minar Sardarpur Kanpur Dehat,125
116,Sanskrit inscription in the well of Gayadin Sukal Subhanpur Kanpur Dehat,125
117,British Monuments Aurangabad Kheri,125
118,Mounds covered with bricks Arjunpur and Rukhara Lucknow,125
119,Cemetery Bargawan Lucknow,125
120,Bibiapur House Cantonment Lucknow,125
121,"Buildings, north-west of Dilkusha Palace Cantonment Lucknow",125
122,Amjad Ali Shah's Mausoleum Hazratganj Lucknow,125
123,Cemeteries Jahraila Road Lucknow,125
124,Cemetery at Alambagh Lucknow Lucknow,125
125,Cemetery at Dilkusha Lucknow Lucknow,125
126,Cemetery at Gaughat Lucknow Lucknow,125
127,Cemetery near Kaisar Pasand Lucknow Lucknow,125
128,Cemetery near Fort Machi Bhawan Lucknow Lucknow,125
129,Cemetery in Raja Incha Singh's compound Lucknow Lucknow,125
130,Cemetery on La-Martiniere Road Lucknow Lucknow,125
131,Cemetery at Vilayat Bagh Lucknow Lucknow,125
132,Dargah Hazrat Abbas Lucknow Lucknow,125
133,Dianut-ud-daula's Karbala Lucknow Lucknow,125
134,General wali Kothi Lucknow Lucknow,125
135,Ibrahim Chisti's Tomb Lucknow Lucknow,125
136,Imambara Amin-ud-daula Lucknow Lucknow,125
137,Imambara of Asaf-ud-daula Lucknow Lucknow,125
138,Jama Masjid near Hussainabad Lucknow Lucknow,125
139,Kaiser Bagh Gates Lucknow Lucknow,125
140,Kalan-ki-Lat at adjoining cemetery in Faquir Lucknow Lucknow 125 Sl.No. Name of Monument / Site Locality District Mohammad Khan ka Hata,125
141,Karbala of Tal Katora Lucknow Lucknow,126
142,Kaz-Main Buildings Lucknow Lucknow,126
143,Malka Jahan's Karbala Lucknow Lucknow,126
144,Masjid connected with Asaf-ud-daula Lucknow Lucknow,126
145,Monuments of Ninety-third Highlanders Lucknow Lucknow,126
146,Nadan Mahal Lucknow Lucknow,126
147,Nasir-ud-din Haider's Karbala in Daliganj Lucknow Lucknow,126
148,Neil's Gate Lucknow Lucknow,126
149,Old Palace at Dilkusha Lucknow Lucknow,126
150,Picture Gallery Hussainabad Baradari Lucknow Lucknow,126
151,Residency Buildings Lucknow Lucknow,126
152,Rumi Darwaza Lucknow Lucknow,126
153,Sapper's Tomb Lucknow Lucknow,126
154,Sikander Bagh Building Lucknow Lucknow,126
155,Sikchawali Kothi Lucknow Lucknow,126
156,Tahsin Ali's Mosque Lucknow Lucknow,126
157,Tomb of Gazi-ud-din Haider Lucknow Lucknow,126
158,Tomb of Janab Aliya Lucknow Lucknow,126
159,Tomb known as Char Khamba Lucknow Lucknow,126
160,Tomb at Lotan Bagh Lucknow Lucknow,126
161,Tomb of Mohammad Ali Shah Lucknow Lucknow,126
162,Tomb at Musabagh Lucknow Lucknow,126
163,"Tomb of Mushir Zadi, wife of Saadat Ali Khan Lucknow Lucknow",126
164,Tomb of Saadat Ali Khan Lucknow Lucknow,126
165,Two Cemeteries Lucknow Lucknow,126
166,Victoria Memorial Lucknow Lucknow,126
167,Cemetery Lucknow - Rae Barelli Lucknow Road at mile 6,126
168,Two Cemeteries Lucknow Faizabad Lucknow Raod at mile 4,126
169,Three Tombs Lucknow Faizabad Lucknow Road at miles 3 and 5,126
170,Cemeteries Lucknow-Kanpur Lucknow Road at mile 13,126
171,Memorial pillar marking the site of the pre- Mahibullapur Lucknow Mutiny Residency in the old Mariaon Cantonment,126
172,Cemetery Marion Lucknow,126
173,Western tower with an inscription at the Moti-Mahal Lucknow southern wall of the Moti Mahal Compound.,126
174,Mound Nagarm Lucknow,126
175,Mound PaharnagarTakuria Lucknow,126
176,British Cemetery at Chiria jhil Sapru Marg Lucknow,126
177,Bridge over the Beta river and temple attached Tikait Ganj Lucknow to it 126 Sl.No. Name of Monument / Site Locality District,126
178,Jami Masjid Pilibhit Pilibhit,127
179,Fort Gate Rae Bareli Rae Bareli,127
180,Sai Bridge Rae Bareli – Rae Bareli Pratapgarh road,127
181,Siva Temple Rajmau Rae Bareli,127
182,Site and stupa and monastery of the Sakyas Piprahwa Siddharth Nagar,127
183,Ancient Site Pipri Siddharth Nagar,127
184,Ancient Site Tola Ganwaria in Siddharth Birdpur frontier road Nagar,127
185,Ancient Site Tola Salrgarh south- Siddharth west of Siswa Tal near Nagar Nepal - India border,127
186,"Ancient Site VillageBirdpur Siddharth No.1,Tola Thankurpur Nagar (on the west of Salya stupa)",127
187,Ancient site near the village of Bhitti Bhitti Sravasti,127
188,The site of Sahet Mahet measuring 286.026 Sahet-Mahet Sravasti acres in the Bahraich district (now Sravasti Nagar district) and 123.93 acres in the Gonda district (now Balrampur district),127
189,Mound of brick ruins Tandwa Sravasti,127
190,Small round shaped mound Tandwa Sravasti,127
191,Tomb of Qurban Mohammad Banger Mau Unnao Meerut Circle Sl.No. Name of the Monument / Site Locality District,127
1,Mound known as Parasu Ram ka Khera Alamgirpur Baghpat,127
2,Ancient mound at Kasuri Bamnauli Baghpat,127
3,Mound known as Lakha Mandap Barnawa Baghpat,127
4,Archaeological Site and Remains Sadikpur Sinauli Baghpat,127
5,Begum's Masjid jor three lofty domes Aonla Bareilly,127
6,"Tomb of Hafiz-ul-Mulk Rahmet Khan, the Rohila Bareilly, Bakar Ganj Bareilly Chief",127
7,"Tomb of Hermit Shah Dana Bareilly, BakarGanj Bareilly",127
8,Large obelisk of red sandstone Fateh Ganj Bareilly,127
9,Several ancients ruined mounds in which Indo- Pachomi or Wahidpur Bareilly Scythian coins are found. Pachaumi,127
10,Mound called Chikatia Khera Ramnagar Bareilly,127
11,Mound to the south of the tans known as of the Ramnagar Bareilly Gandhan Sagar and Adisagar,127
12,Small hillock called Katari Khera or Kottari Ramnagar Bareilly Khera 127 Sl.No. Name of the Monument / Site Locality District,127
13,Stupa mound Ramnagar Bareilly,128
14,Two Buddhist mounds close to the Konwaru Tal Ramnagar Bareilly,128
15,Fort Ramnagar Bareilly,128
16,"Ancient Site Ramnagar, Alampur Bareilly Kot",128
17,Site near Aonla railway station Rehtoia Bareilly,128
18,Mordhaj also known as Munawar Jar with lofty Chandanpura Bijnor mound,128
19,Fort Chandpur Bijnor,128
20,Mosque Chandpur Bijnor,128
21,Old British Cemetery Daranagar Bijnor,128
22,Ancient Site Daulatabad Bijnor,128
23,Tomb or Nawab Shujat Khan Jahanabad Bijnor,128
24,Jami Masjid Mandawar Bijnor,128
25,Well Mandawar Bijnor,128
26,Old Pathan Fort Nagina Bijnor,128
27,Cemetery of Nawab Najib-ud-Daula Najibabad Bijnor,128
28,Pathargarh Fort Najibabad Bijnor,128
29,Portion of the old Palace Najibabad Bijnor,128
30,Tomb of Nawab Najib-ud-Daula Najibabad Bijnor,128
31,Mound (Kushan king Vasudeva) Tip Bijnor,128
32,Dargah of Imadul Mulk alias Pisan Hari-ka- Budaun Budaun Gumbaz dated A.H. 896,128
33,Jami Masjid Budaun Budaun,128
34,"Tomb, Mohalla Behrampur, Tomb of Ikhlas Budaun Budaun Khan",128
35,"Tomb of Makhduman Jahan, the mother of Budaun Budaun Alaudin Alam",128
36,Several large tumuli (Kheras) in and about Ahar. Ahar Bulandshahr,128
37,Balai Kot or Upper Fort Bulandshahr Bulandshahr,128
38,Large mound known as Moti Bazaar Bulandshahr Bulandshahr,128
39,Two cemeteries Bulandshahr Bulandshahr,128
40,Ruins of an old temple known as Chandrani-ka- Chandok Bulandshahr Mandir,128
41,Masonry tank and ancient temple Dankaur Bulandshahr,128
42,Ahirpura mound or lesser temple mound Indor Bulandshahr,128
43,Kundanpura mound or the great temple mound Indor Bulandshahr,128
44,Lofty mound with a small village perched on the Indor Bulandshahr east northeastern side of it.,128
45,Khera or mound called Talapatnagari or Myaji Shikarpur Bulandshahr Khera,128
46,"Archaeological Site & Remains comprised in Gulistanpur Ghaziabad 128 Sl.No. Name of the Monument / Site Locality District Survey Plot Nos. 736, 738/2, 738/3 & parts of Survey Plot Nos. 737, 738 / 1 and 738 / 1 and 738 / 4 as shown in the site plan",128
47,"Raja Karan ka khera Paragana put, Ghaziabad Mustafabad,",129
48,Well or Baoli known as Bah-ka-Kuan Amroha Jyotibha Phule Nagar,129
49,Talib Khan's Tomb Azampur Jyotibha Phule Nagar,129
50,Tomb of Abdul Ghafur Shah Azampur Jyotibha Phule Nagar,129
51,Tomb of the grand son of Abdul Ghafur Shah Azampur Jyotibha and Mosque Phule Nagar,129
52,Cemetery at the junction of Meerut - Delhi Road At the junction of Meerut Meerut-Delhi road,129
53,Mound known as Ulta Khera and the mound or Hastinapur Meerut Raghunathji,129
54,"Andhra Court, a high brick fortress supposed to Meerut Meerut have been built by Mahi",129
55,Cemetery of the Meerut racecourse Meerut Meerut,129
56,Tomb of Shah Peer Meerut Meerut,129
57,Begum's Palace Sardhana Meerut,129
58,Roman Catholic Church Sardhana Meerut,129
59,Tombs or Sardhana Cemetery Sardhana Meerut,129
60,Two mounds (Kheras) named Khorkali and Servara Meerut Jalapar,129
61,Amarpati Khera Alipur Moradabad,129
62,Chandesvara Khera Bemi Moradabad,129
63,Khera or Mound reputed to be the ruin or a Berni Moradabad palace Raja Vena,129
64,"Large mound, the site of an ancient temple Bherabharatpur Moradabad",129
65,Old Fort and its relics Firozpur Moradabad,129
66,Ancient Mound Gumthal Khera Moradabad,129
67,Large Mound Karvar Moradabad,129
68,Jami Masjid Sambhal Moradabad,129
69,Mound Sarthal Khera Moradabad,129
70,Gateway of Karwan Sarai Sondhan Moradabad Muhammadpur,129
71,Mosque of Karwan Sarai Sondhan Moradabad Muhammadpur,129
72,Mosque and Tomb of Shah Abdul Razak and Jinhana Muzaffar his four sons Nagar,129
73,Octagonal Wall Majhera Muzaffar Nagar,129
74,Tomb of Diwan Saiyed Mohammad Khan Majhera Muzaffar Nagar,129
75,Tomb Saiyed Hussain also called Sayed Chajju Majhera Muzaffar 129 Sl.No. Name of the Monument / Site Locality District Khan Nagar,129
76,Tomb of Saiyed Umar Nur Khan Majhera Muzaffar Nagar,130
77,Tomb of Saiyed Saif Khan and his mother Majhera Muzaffar Nagar,130
78,Badshahi Bagh locally known as Badshahi Badshahi Mahal Saharanpur Mahal,130
79,Khera ki Bandi Lodhipur Saharanpur,130
80,"Old British Cemetery, Khata Khedi Saharanpur Saharanpur",130
81,"Old British Cemetery, Saharanpur City Saharanpur Saharanpur",130
82,Old Rohilla Fort Saharanpur Saharanpur Sarnath Circle Sl.No. Name of the Monument / Site Locality District,130
1,Old Nawabi Mosque Akbarpur Ambedkar Nagar,130
2,Monuments of Captains Wilsons and Jones and Azamgarh Azamgarh eleven privated of 13th Infantry,130
3,Mutiny Monuments Azamgarh Azamgarh,130
4,Old British Cemetery Azamgarh Azamgarh,130
5,Ancient site called Garhwa-ka-kot or Rajbhar-ka- Garhwa Azamgarh lot,130
6,Ancient Site measuring 7 acres and 800 links in Garhwa Azamgarh Khasra No. 384,130
7,Tomb of Abhiman Mehnagar Azamgarh,130
8,Incribed stone Pillar Pakri Azamgarh,130
9,A banyan Grove containing traces of ancient Amavey Ballia building,130
10,Long Mound Bairant Chandauli,130
11,Small conical mound of ruins called Devi-ka- Bairant Chandauli sthan,130
12,Very extensive ancient site consisting of ruined Bairant Chandauli fort,130
13,Large rectangular shaped mound Bairant Chandauli,130
14,Large mound of brick ruins Dhanapur Chandauli,130
15,Three sites with megaliths on the western and Hathinia Hill Chandauli north eastern of the hill,130
16,Old Ruined Kot (Fortress) Hetimpur Chandauli,130
17,Khera or Mound representing the ancient Sukalpura Chandauli Sukalpura,130
18,A Conical Stupa-shaped mound Amaoni Deoria,130
19,Inscribed Monolith of rough grey sand stone Bhagalpur Deoria remains locally known as 'Lat' or 'Gada' of Parasram,130
20,Two ruined Temples Kahaon Deoria,130
21,An Inscribed stone pillar Kahaon (ancient Deoria 130 Sl.No. Name of the Monument / Site Locality District Kakubha),130
22,Long low mound of ruins Khukhundu Deoria,131
23,Ancient Site Khukhundu and Deoria Sajhwar,131
24,Ancient Site Rudarpur Deoria,131
25,High square shaped mound Rudarpur Deoria,131
26,Extensive mound Sohnag Deoria,131
27,Very high Dih or mound apparently the remains Tarakulwa Deoria of a Buddhist stupa,131
28,"Three mounds known as Mani-Parbat, Kuber Ayodhya Ayodhya Parbat and Sugrib Parbat",131
29,Beni Khanam's Tomb Ayodhya Ayodhya,131
30,Gulab Bari Ayodhya Ayodhya,131
31,Tomb of Bahu-Begum Ayodhya Ayodhya,131
32,"Tomb of Hazi Iqbal, Eunuch of Sadar Jahan Ayodhya Ayodhya Begum including the mosque & the whole compound enclosing them",131
33,Tomb of Shuja-ud-daula Ayodhya Ayodhya,131
34,Anormous Mound known as Masaon-Dih Aonrihar Ghazipur,131
35,Bridge of the Ganga river Bhimapur Ghazipur,131
36,Bhitari Gupta-pillar with an inscription of Skanda- Bhitari Ghazipur Gupta standing in the ruined fort,131
37,Entire ruined fort enclosure with projecting tower Bhitari Ghazipur at the corners and numbrows mound,131
38,Remains of the Gupta period Bhitari Ghazipur,131
39,Mound of ruins with remains of temples and Dildarnagar Ghazipur other buildings,131
40,Dih or mound of ruins called Suiri-ka-Raj Ghazipur Ghazipur,131
41,Lord Cornwallis Tomb Ghazipur Ghazipur,131
42,Stone lat or pillar standing on the Western end of Lathiya Ghazipur a mound of brick ruins and the capital of the pillar lying on the ground closely.,131
43,High Khera Masaondi Ghazipur,131
44,Mound of ruins Masaondi Ghazipur,131
45,Two statues representing Varaha or the Boar Saidpur Ghazipur incarnation and Krishan with Gopis,131
46,Extensive brick-building Shaikhanpur Ghazipur,131
47,Mound covered with bricks with the ruins of the Hathili Gonda temple of Asokanath Mahadeva,131
48,A mound 20' high apparently formed of solid Pachran Gonda brick work where the Prithvinath lingam and a copper plate grant were found,131
49,Extensive remains of a very large cient city Barhi Gorakhpur,131
50,A Series of enormous mounds Barhiapur or Bhadar Gorakhpur Khas,131
51,Three high conical mounds of brick which are Chaora Gorakhpur evidently the ruins of stupas,131
52,Extensive Mound Gopalpur Gorakhpur,131
53,"Large and high mound, the ruins of the ancient Gorakhpur Gorakhpur 131 Sl.No. Name of the Monument / Site Locality District Domangarh",131
54,Ancient site covered with mounds of brick ruins Gugaha Gorakhpur and containing an ancient masonry wall,132
55,Atala Masjid Jaunpur Jaunpur,132
56,Cemetery of seven kings of the Sharqi Dynasty Jaunpur Jaunpur,132
57,Hamam or Turkish Bath in the Old Fort Jaunpur Jaunpur,132
58,Jaunpur Fort Jaunpur Jaunpur,132
59,Jhanjhari Masjid Jaunpur Jaunpur,132
60,Juma Masjid Jaunpur Jaunpur,132
61,Khalis Mukhalis or Chan Ungli Masjid Jaunpur Jaunpur,132
62,Khanqah or tombs of Sharqi kings of Jaunpur Jaunpur Jaunpur and the chamber for the royal mourners,132
63,Lal masjid (Lal Darwaja) Jaunpur Jaunpur,132
64,Qalich Khan ka Maqbara Jaunpur Jaunpur,132
65,Rouza of Shah Firoz Jaunpur Jaunpur,132
66,Stone group of a gigantic lion standing on a Jaunpur Jaunpur small elephant. It is lying on Akbar's bridge.,132
67,Tomb of Nawab Ghazi Khan Jaunpur Jaunpur,132
68,Gateway of Hazrat Chirag-i-Hind's Palace Zafrabad Jaunpur,132
69,Sheikh Burhan's Mosque Zafrabad Jaunpur,132
70,Walls of the old Kankar Fort of Jayachandra Zafrabad Jaunpur,132
71,Fort attributed to Jay Chandra Karra Kaushambi,132
72,Ancient fortress (representing the ancient Kosam Kaushambi Kaushambi),132
73,Artificial cave in the fane of the hill of Pabhosa Pabhosa Kaushambi hill,132
74,Traces of a large brick buiding on the summit of Pabhosa Kaushambi Pabhosa,132
75,A very large Mound of Brick ruins called Chhetiaon Kushinagar Asmanpurdih,132
76,Circular shaped mound and the remains of a Chhetiaon Kushinagar stupa,132
77,Large dih or mound Chhetiaon Kushinagar,132
78,Large flat-topped mound of ruins called Chhetiaon Kushinagar Jharmatiya or Dharmatiya cultivated land,132
79,Mound in eastern extension of the stupa site at Chhetiaon Kushinagar S.No.3,132
80,Mound of ruins called Sahiya Chhetiaon Kushinagar,132
81,Ancient site known as Fazilnagar ka kot Fazilnagar Kushinagar,132
82,"1) A lofty mound of solid brick work, called Kasia Kushinagar deisthan or Rambhar Bhavani 2) An oblong mound mound called the fort of Matha Kuar which is covered with broken bricks and on which stands a much ruined brick stupa, a large statue of buddha, the ascetic; a colossal statue representing Buddha's Nirvan 3) A low square mound covered with broken bricks near the barrows scattered over plain to the north and east of the great mound 132 Sl.No. Name of the Monument / Site Locality District",132
83,Large mound covered with broken bricks and a Padrauna Kushinagar few statues,133
84,Mound of brick ruins Sahiya Kushinagar,133
85,Ancient site and archaeological remains Radrauli Maharjganj,133
86,Ancient Site Ghosi Mau,133
87,Several caves in the precipitous sandstone Adhesar Mirzapur cliffnear the top of the hill,133
88,Ruined Stone Fort of Lalitpur Ahraura Mirzapur,133
89,Bhardari Devi ka Pahar containing Asokan Ahraurakhas Mirzapur inscription,133
90,Ruins of Three Small Linga Temple circa Ahugi Mirzapur 1000AD.,133
91,Ruins of a Saiva Temple Ahugi Mirzapur,133
92,Inscribed Pillar Belkhara Mirzapur,133
93,Mound known as Sangram Sahi-ki--Pahari Bhagdewar Mirzapur,133
94,Cave called khoh containing two early Kutila Bhuili Mirzapur inscriptions on the rock inside,133
95,British Cemetery Chunar Mirzapur,133
96,Durga Khoh Chunar Mirzapur,133
97,Inscribed slab Halliya Mirzapur,133
98,British Cemetery Mirzapur Mirzapur,133
99,Iftekhar Khan's Tomb Saryan Sikandarpur Mirzapur,133
100,A life sized female figure locally known as Sheopur Mirzapur Sankata Devi,133
101,British Cemetery Sultanpur Mirzapur,133
102,Bharasthi Devi remains of a Mediaeval Temple Vindhyachal Mirzapur,133
103,"Fragments of sculptures, one of which is a Vindhyachal Mirzapur Krishna sthambha lying on the bank of the Ganga on a chabutra at the Ramgayaghat.",133
104,Kantil Fort Vindhyachal Mirzapur,133
105,Remains of temple on an island in the bed of the Vindhyachal Mirzapur river Ganga at Ramgayaghat including two inscribed stones,133
106,"Small high mound, the ancient site of a large Bara Prayagraj Hindu Temple",133
107,"The area of the waste land divided by a ravine Bhita Prayagraj into two large mounds called ""Garha and Garhi""",133
108,Large stone dwelling house said to have been Chilla Prayagraj the residence of the two heroes of Ala and Udal cir. 8th century AD,133
109,Standing figure identified by Fuhrer as Buddha Deora Prayagraj Asvaghosha with a five-headed snake canopy and worshipped under the name of Srigari Devi,133
110,A rocky hall on the south face of the top bearing Ginja Hill Prayagraj an inscription of three lines of Indo-Scythian period in red paint with some rude drawings of men and animals,133
111,Ruined forts of Samudra Gupta and Hansagupta Jhusi Prayagraj,133
112,Cave known as Sita-ki-rasoi containing an Mankuar Prayagraj 133 Sl.No. Name of the Monument / Site Locality District inscription in characters of the 9th century AD,133
113,Cemeteries at Kydganj Prayagraj Prayagraj,134
114,"Khusru Bagh :- Prayagraj Prayagraj Enclosure wall and Gateway of Khusru Bagh, Tomb of Bibi Tamolan, Tomb of Sultan Khusru, Tomb of Sultan Khusru's Mother, Tomb of Sultan Khusru's Sister",134
115,Allahabad Fort Prayagraj Prayagraj Ashokan Pillar (Inscribed stone pillar) Zanana Palace,134
116,Queen Victoria's Memorial in Alfred park Prayagraj Prayagraj,134
117,Garhwa fort Sheorajpur Prayagraj,134
118,Extensive mound called Hatgauha Dih Shiupur Prayagraj,134
119,Large mound called Surya Bhita Singraur Prayagraj,134
120,Ancient Site Sringraur Sringverpura Prayagraj,134
121,Ancient Site Jungle Belhar Sant Kabir Nagar,134
122,British Cemetery Gopiganj Santravidas nagar,134
123,Pakkamasonary Fort Vijay Garh Sonbhadra,134
124,Mosque Isauli Sultanpur,134
125,Large dih called Majhangaon with brick-towers Sultanpur Sultanpur on the four corners,134
126,"Ancient buddhist site of Sarnath, including the Baraipur, Khajuhi Ganj Varanasi Dhamekstupa, Jagat Singh Stupa, the (Varanasi) monastery of Major Kittae and all the monuments excavated by Mr. Oertal in 1904-05 with an area of 53.04 acres, including government land measuring 21.94 acres",134
127,Cemetery Chaitganj Varanasi,134
128,Remains of a Fine Massive brick fort Chandrauati Varanasi,134
129,Ancient Buddhist Site known as Chaukhandi Ganj and Baraipur Varanasi stupa,134
130,Closed Cemetery Rajghat Varanasi,134
131,Tomb of Lal Khan Rajghat Varanasi,134
132,The whole area to the east of the buddhist site Sarnath Varanasi explored by the Archaoelogical department extending upto the limits of the tank/lake named Narokhar,134
133,Graves of European Officers Shivala Varanasi,134
134,Ancient Mound Tilmapur Varanasi,134
135,Dharahra Mosque (Aurangzeb Mosque ) Varanasi Varanasi,134
136,Lt. Col. Pogson's Tomb Varanasi Varanasi,134
137,Mutiny Monuments Varanasi Varanasi,134
138,Observatory of Mansingh Varanasi Varanasi,134
139,Prahladpur inscribed Lat or monolith pillar now Varanasi Varanasi standing in the compound of the Queen's 134 Sl.No. Name of the Monument / Site Locality District College (Sampurnanand Sanskrit Uni.),134
140,Tablet on the Treasury Building Varanasi Varanasi,135
141,Telia Nala Buddhist Ruins Varanasi Varanasi,135
142,Two Graves at Old Artilery lines Varanasi Varanasi,135
143,Victoria Memorial Varanasi Varanasi 135,135
26,List of Centrally Protected Monuments / Sites under the jurisdiction of Uttarakhand (Dehradun Circle) Sl.No. Name of Monument / Site Locality District,136
1,Gujardeo Temple Dwarahat Almora,136
2,Badrinath group of Temples Dwarahat Almora,136
3,Bandeo Temple Dwarahat Almora,136
4,Kacheri group of Temple Dwarahat Almora,136
5,Kutumbari Temple Dwarahat Almora,136
6,Maniyan group of Temples Dwarahat Almora,136
7,Mritunjaya group Dwarahat Almora,136
8,Ratan Deo Shrines Dwarahat Almora,136
9,Surya Temple Katarmal Almora,136
10,Dandeshwar Temple Kotuli and Chandhok Almora Gunth (Jageshwar),136
11,"Chandi-ka-Temple Phulai Gunth, Almora Jageshwar",136
12,"Jageshwar Temple Phulai Gunth, Almora Jageshwar",136
13,"Kuber Temple Phulai Gunth, Almora Jageshwar",136
14,"Mritunjaya Temple Phulai Gunth, Almora Jageshwar",136
15,"Nanda Devi or Nau Durga Phulai Gunth, Almora Jageshwar",136
16,"Nava-grah shrine Phulai Gunth, Almora Jageshwar",136
17,"Pyramidal shrine Phulai Gunth, Almora Jageshwar",136
18,"Shrine dedicated to Surya Phulai Gunth, Almora Jageshwar",136
19,Ancient Naula Syunrakot Almora,136
20,"Group of ancient temples, consisting of main Baijnath or Bageshwar shrine of Siva and 17 subsidiary shrines. Vaidyanath",136
21,"Three temples of the Indo-Aryan shikara type Talli Hat, Mound Bageshwar known as Lakshmi Narayan, Rakshas Deval and Katyur Satya Narayan.",136
22,Remains of sixteen temples Adibadri Chamoli,136
23,Fort with walls and ruins of dwelling house inside Chandpur Chamoli it and with flights of steps.,136
24,Trident of iron with a shaft with one ancient and Gopeshwar Chamoli three modern inscriptions.,136
25,Rudranath temple Gopeshwar Chamoli,136
26,Two Temple Pandukeshwar Chamoli,136
27,"Rock Inscription in Survey Plot No. 89 Village Mandal, Chamoli",136
28,Group of Baleshwar Temples Champawat Champawat,136
29,Kotwali Chabutra Champawat Champawat,136
30,Naula or covered spring attached to the Champawat Champawat Baleshwar Temples,136
31,Temple sacred to Mahasu Hanol Dehradun 136 Sl.No. Name of Monument / Site Locality District,136
32,"Archaeological Site &Remains, Ashwamedha Jagatram Village, Ann Dehradun Yagya No. 1, 2 & 3 Field Tea Company jungle and Dumet (Barhwala)",137
33,The inscribed rock edicts of Asoka Kalsi Dehradun,137
34,Kalinga Monuments Karanpur Dehradun,137
35,Temple and images in its vicinity Lakha Mandal Dehradun,137
36,"Archaeological Sites and Remains Virpurkhurd, Dehradun Virbhadra",137
37,Old Cemetery Shaikhpuri & Haridwar Ganeshpur (Roorkee),137
38,Remains of ancient buildings locallly identified Dhikuli Nainital with Vairatapattana,137
39,Old temple sacred to Sita Sitabani Nainital,137
40,Patal Bhubaneswar Caves Gangolihat Pithoragarh,137
41,Remains of a few old temples and an inscribed Gangolihat Pithoragarh masonry well,137
42,Vishnu Temple Kotali Pithoragarh,137
43,Excavated Site at Dronasagar Mauza Ujjain Udamsingh Kashipur Nagar,137
44,"Excavated site and Remains Village Khawli Sera, Uttarkashi Purola 137",137
27,List of Centrally Protected Monuments / Sites under the jurisdiction of West Bengal (Kolkata Circle and Raiganj Circle) Kolkata Circle Sl.No. Name of Monument / Site Locality District,138
1,Ancient Temple Bahulara Bankura,138
2,"Brindaban Chandra Temple, Birsingha Bankura",138
3,Radha Damodar Temple Birsingha Bankura,138
4,Dalmadal Gun and the platform on which it is Bishnupur Bankura mounted,138
5,Gate of Old Fort Bishnupur Bankura,138
6,Jora Mandir Bishnupur Bankura,138
7,Jore-Bungla Temple Bishnupur Bankura,138
8,Kala Chand Temple Bishnupur Bankura,138
9,Lalji Temple Bishnupur Bankura,138
10,Madan Gopal Temple Bishnupur Bankura,138
11,Madanmohan Temple Bishnupur Bankura,138
12,Maleswar Temple Bishnupur Bankura,138
13,Muralimohan Temple Bishnupur Bankura,138
14,Nanda Lal Temple Bishnupur Bankura,138
15,Patpur Temple Bishnupur Bankura,138
16,Radhabinode Temple Bishnupur Bankura,138
17,Radhagovinda Temple Bishnupur Bankura,138
18,Radhamadhab Temple Bishnupur Bankura,138
19,Radhashyam Temple Bishnupur Bankura,138
20,Rashmancha Bishnupur Bankura,138
21,Shyam Rai Temple Bishnupur Bankura,138
22,Small Gateway of Fort Bishnupur Bankura,138
23,Stone Chariot Bishnupur Bankura,138
24,Saileswar Temple Dihar Bankura,138
25,Sareswar Temple Dihar Bankura,138
26,Temple of Radha Damodar Jew Ghutgeria Bankura,138
27,Gokulchand Temple Gokulnagar Bankura,138
28,Temple of Ratneswar Jagannathpur Bankura,138
29,Temple of Shyam Sundar Madanpur Bankura,138
30,Temple site now represented only by a Mound Pareshnath Bankura and a Statue of Surya.,138
31,Temple site of an old Jain Temple now Pareshnath Bankura represented only by a Mound with a Jain statue.,138
32,Image of Durga slaying Mahisasura under a tree Sarengarh Bankura,138
33,Temple site now represented only by a Mound Sarengarh Bankura,138
34,Temple site now represented only by a Mound Sarengarh Bankura with statues of Ganesh and Nandi on it.,138
35,Temple site now represented only by a Mound Sarengarh Bankura 138 Sl.No. Name of Monument / Site Locality District with an Image of Nandi on it.,138
36,Rock Inscription of Chandra Varman Susunia Bankura,139
37,Two Mounds Bhadeswar Birbhum,139
38,Temple of Radha Binode commonly known as Joydeb-Kenduli Birbhum Joydeb.,139
39,Old temple of Dharmaraj Kubilashpur Birbhum,139
40,The temple of Basuli and the mound together with Nanoor Birbhum fourteen other temples near them containing the “Linga” image of Siva,139
41,Temple and Rasmancha Suri Birbhum,139
42,Two Ancient Temples (Joined together) Baidyapur Burdwan,139
43,Rudreswar Temple Bamunara Burdwan,139
44,Group of four Ancient Temples Begunia Burdwan,139
45,Ancient Mound Bharatpur Burdwan,139
46,"The tombs of Baharam Sakka, Sher Afgan and Burdwan Burdwan Nawab Kutabuddin",139
47,Jain Brick Temple known as Sat-Deul Deulia Burdwan,139
48,Stone Temple Garui Burdwan,139
49,Temple of Ichai Ghose Gourangpur Burdwan,139
50,"Group of Temples (12 nos. Temples) Kalna Burdwan (i) Bijoy Vaidyanath Temple, (ii) Giri Gobardhan Temple, (iii) Gopalji Temple, (iv) Jaleswar Temple, (v) Krishna Chandraji Temple, (vi) Lalji Temple, (vii) Naba-Kailasha Temple, (viii) Pancharatna Temple, (ix) Pratapeswar Siva Temple in Rajbari Complex, (x)Rameswar Temple, (xi) Ratneswar Temple, (xii) Rupeswar Temple",139
51,The area situated between the road to Amlajore Nadhia Burdwan and the river Damodar,139
52,Ancient Site and Remains of Pandurajar Dhipi Panduk Burdwan,139
53,Hansesvari and Vasudeva Temples Bansberia Hooghly,139
54,Dupleix Palace (Institute de Chandan Nagar) Chandan Nagar Hooghly,139
55,Dutch Cemetery together with all tombs & Chinsurah Hooghly monuments contained therein,139
56,Dutch Memorial monument of Susenne Anne Chinsurah Hooghly Maria,139
57,Group of temples known as Brindaban Chandra's Guptipara Hooghly Math,139
58,Mounds Mahanad Hooghly,139
59,Minar Pandua Hooghly,139
60,Mosque Pandua Hooghly,139
61,Mosque & Tombs Satgaon Hooghly,139
62,"i) Danish Cemetery Serampore Hooghly ii) All ancient structures, all tombs stone monument remains and inscriptions within the 139 Sl.No. Name of Monument / Site Locality District area enclosed by the said walls.",139
63,Dargah of Zafar Khan Ghazi Tribeni Hooghly,140
64,Sri Mayer Ghat Howrah Howrah,140
65,Currency Building Dalhousie Square Kolkata,140
66,St. John’s Church Kolkata Kolkata,140
67,Metcalfe Hall Kolkata Kolkata,140
68,Old Building of the Asiatic Society Park Street Kolkata,140
69,Beth-el-Synagogue Pollock Street Kolkata,140
70,Maghen David Synagogue Ward No. 45 Kolkata,140
71,Dharmaraj Temple Pathra Midanapur,140
72,Temples of Bandyopadhyay Family Pathra Midanapur,140
73,Sitala Temples Pathra Midanapur,140
74,Nava Ratna Temple Complex Pathra Midanapur,140
75,Karambera Fort Gaganeswar Midnapore,140
76,John Pierce’s Tomb Midnapore Midnapore,140
77,Ruins of Fort Bamanpukur Nadia,140
78,Temple Palpara Nadia,140
79,Warren Hasting’s House Barasat North 24 Parganas,140
80,26 Shiva Temples Barrakpore- Khardah North 24 Parganas,140
81,Chandra Ketu's Fort Berachampa North 24 Parganas,140
82,Ancient Mound known as Varahamihirer Dhipi Deulia & Kaukipara North 24 Parganas,140
83,"Clive’s House known as Barakothi DUM DUM, P.O. North 24 Nagar Bazar, Parganas",140
84,"Tamluk Rajbati, West Bengal Padumbasan, Tamluk Purba Medinipur",140
85,Old Temple at Banda Banda Purulia,140
86,Temple at Jhater Deul Jata South 24 Parganas Raiganj Circle Sl.No. Name of the Monument / Site Locality District,140
1,Cooch Behar Palace Cooch Behar Cooch Behar,140
2,Rajpat Site Khalsa Gasanimari Cooch Behar,140
3,Tomb of Alexander-Cosma de Koros Darjeeling Darjeeling,140
4,Tomb of General Lloyd Darjeeling Darjeeling,140
5,Mounds Bangarh (Ganga Dinajpur Rampur) (South),140
6,Dargah of Shah Ata Ganga Dinajpur Rampur (South),140
7,Baisgazi Wall Gaur Malda,140
8,Baraduary Masjid or the Great Golden Mosque Gaur Malda 140 Sl.No. Name of the Monument / Site Locality District,140
9,Bhita of Chand Sadagar Gaur Malda,141
10,Chamkatti Masjid Gaur Malda,141
11,Chika Masjid Gaur Malda,141
12,Dakhil Darwaza or the northern Gate of the Fort Gaur Malda,141
13,Firoz Minar or the tower of Firoz Shab Gaur Malda,141
14,Gunti gateway Gaur Malda,141
15,Gunmant Mosque Gaur Malda,141
16,Kotowali Darwaza Gaur Malda,141
17,Lotton Masjid Gaur Malda,141
18,Lukachuri gateway Gaur Malda,141
19,Qudam Rasul Masjid Gaur Malda,141
20,Tomb of Fath Khan Gaur Malda,141
21,Tantipara Masjid Gaur Malda,141
22,Two tombs in front of Tantipara Masjid Gaur Malda,141
23,Two Stone Pillars Gaur Malda,141
24,The tower of Nimasarai Nimasarai Malda,141
25,Eklakhi Mausoleum Pandua Malda,141
26,Kutub Shahi Masjid Pandua Malda,141
27,Adina Mosque Pandua (Adina) Malda,141
28,"Tomb of Azimunnessa Begum, daughter of Azimnagar Murshidabad Murshid Kuli Khan",141
29,Residency Cemetery also known as Station Burial Babulbona Murshidabad ground Beharampore,141
30,Bhavanisvar Mandir Baranagar Murshidabad,141
31,Char Bangla group of four Siva mandirs Baranagar Murshidabad,141
32,Tomb of Mir Madan Faridpur Murshidabad,141
33,Dutch Cemetery Kalikapur Murshidabad,141
34,Old English Cemetary or the old Residency burial- Kashim Bazar Murshidabad ground,141
35,Ancient Monument Kheraul Murshidabad,141
36,The tomb and the mosque of Aliverdi Khan and Khosbag Murshidabad the tomb of Seraj-ud-Dowla,141
37,Hazarduari Palace & Imambara (Murshidabad) Killa Nizamat Murshidabad,141
38,"South Gate, Kella Nezamat Lalbag Murshidabad",141
39,"Immambara, Kella Nezamat Lalbag Murshidabad",141
40,"White Mosque, Kella Nezamat Lalbag Murshidabad",141
41,Yellow Mosque with vacant land Lalbag Murshidabad,141
42,"Tripolia Gate, Kella Nizamat Lalbag Murshidabad",141
43,"Nil Kuthi Mound Mouza Chak Murshidabad ,Chandpara",141
44,Motijhil Jama Masjid Murshidabad Murshidabad,141
45,Two mounds called the Barkona Deul mound Panchthupi Murshidabad,141
46,Mounds known as the Devil's Mound and Raja Rangamati Murshidabad Karna's Palace,141
47,Tomb of Sujauddin Roshnibag Murshidabad 141 Sl.No. Name of the Monument / Site Locality District,141
48,Tank& Mosque of Murhsid Kuli Khan Sabjikatra Murshidabad,142
49,Jahan Kosa Gun Topkhana Murshidabad ----END OF LIST--- 142,142
